step,seconds,loss,objectness,nps,tv
1,3.088597050999965,0.9716017246246338,0.8712177276611328,0.03839540854096413,1.99333339878649e-06
2,3.343141148999962,0.9472134709358215,0.8468788862228394,0.033453475683927536,0.025952575728297234
3,3.495034357999998,0.9490930438041687,0.8091104030609131,0.03274228796362877,0.05586209520697594
4,3.6426343939999697,1.0374127626419067,0.8724855184555054,0.033661626279354095,0.06583624333143234
5,3.7841788660000475,1.053025484085083,0.8869237899780273,0.034447070211172104,0.06630288064479828
6,3.926276919999964,1.036004900932312,0.8693340420722961,0.03498850762844086,0.06652839481830597
7,4.067609113000003,1.009029507637024,0.8385599255561829,0.03552982583642006,0.0680457130074501
8,4.209635367000033,0.982520341873169,0.8074559569358826,0.03606120124459267,0.06988149881362915
9,4.351069983000002,1.060845136642456,0.8810260891914368,0.03656737506389618,0.07178132981061935
10,4.491773599999988,1.0199437141418457,0.8364191651344299,0.03701787069439888,0.07326173037290573
11,4.632934790000036,1.0354020595550537,0.8491700291633606,0.03740904480218887,0.07434317469596863
12,4.774614071999963,1.009826898574829,0.8216644525527954,0.037743713706731796,0.07511401921510696
13,4.916757484999948,1.0319440364837646,0.8427520990371704,0.038011495023965836,0.07552476227283478
14,5.058648676999951,1.0811885595321655,0.8917602300643921,0.03820803761482239,0.07561850547790527
15,5.199584602999948,0.9837357997894287,0.7949424982070923,0.03835945576429367,0.07536385953426361
16,5.341261218999989,0.9996208548545837,0.810897946357727,0.038479238748550415,0.07533524185419083
17,5.482962243999964,1.0470846891403198,0.8573699593544006,0.03860166296362877,0.07573149353265762
18,5.626484276000042,1.0414007902145386,0.8502377271652222,0.03872351348400116,0.07631031423807144
19,5.769114896000019,1.0718680620193481,0.8784928321838379,0.03883456438779831,0.07719478011131287
20,5.9106556159999855,0.987794041633606,0.7919489741325378,0.03894266486167908,0.07818228006362915
21,6.052941973999964,1.0731005668640137,0.8745853304862976,0.039038244634866714,0.07924993336200714
22,6.1949476629999936,1.050208330154419,0.8491182327270508,0.03913141041994095,0.08027949929237366
23,6.336803853999982,1.0453641414642334,0.8414251208305359,0.03920315206050873,0.08141882717609406
24,6.479119720999961,1.0575265884399414,0.8501419425010681,0.03928550332784653,0.08279671519994736
25,6.620408408999992,1.0442991256713867,0.8335067629814148,0.03937220573425293,0.08415946364402771
26,6.761975392999943,1.0692200660705566,0.8551698923110962,0.0394577831029892,0.08546222001314163
27,6.9030951140000525,1.0638129711151123,0.8466386795043945,0.03954329341650009,0.08671154081821442
28,7.045109868000054,1.018367052078247,0.7982877492904663,0.03961804881691933,0.08787323534488678
29,7.187497291999989,1.08805513381958,0.8651317358016968,0.03968951851129532,0.0890105739235878
30,7.328928956000027,1.0455788373947144,0.8197675347328186,0.03974686190485954,0.09016554057598114
31,7.4711204589999625,1.0764317512512207,0.8472847938537598,0.03981885686516762,0.09149952232837677
32,7.61328280500004,1.0602061748504639,0.8273903727531433,0.03989129140973091,0.0929667204618454
33,7.755404922000025,1.0925965309143066,0.8565096855163574,0.039957623928785324,0.09427489340305328
34,7.897092662999967,1.0684082508087158,0.8297715783119202,0.04001294821500778,0.09529460221529007
35,8.039704205000021,1.0678584575653076,0.8267099261283875,0.040063340216875076,0.09629913419485092
36,8.182211733000031,1.0563645362854004,0.8123551607131958,0.04011380299925804,0.09744331240653992
37,8.324892301999967,1.1417012214660645,0.894849419593811,0.0401696041226387,0.09858004748821259
38,8.467678244000012,1.1102631092071533,0.8604170083999634,0.04023599624633789,0.09977753460407257
39,8.610231878000036,1.109557867050171,0.8566715717315674,0.0403066985309124,0.10099330544471741
40,8.752669363999985,1.0785759687423706,0.822808027267456,0.04037342220544815,0.10214568674564362
41,8.896855631999983,1.0865181684494019,0.8283070921897888,0.0404258593916893,0.10312274843454361
42,9.036265910999987,1.0610568523406982,0.8008683919906616,0.04047446325421333,0.10391350835561752
43,9.178329510000026,1.1150014400482178,0.8536401987075806,0.040505122393369675,0.1043824777007103
44,9.32051095700001,1.0873186588287354,0.8255003094673157,0.04052034020423889,0.10456527769565582
45,9.462932094000053,1.0826787948608398,0.820969820022583,0.040527790784835815,0.1045214831829071
46,9.60581145599997,1.139967679977417,0.879067063331604,0.04051610082387924,0.1041981652379036
47,9.748668596000016,1.0976146459579468,0.8382225036621094,0.04049469903111458,0.10359489172697067
48,9.890996574000042,1.0784131288528442,0.8210509419441223,0.04046887159347534,0.10278298705816269
49,10.033515864000037,1.065281629562378,0.8095593452453613,0.04044340178370476,0.10212716460227966
50,10.176669833999995,1.089001178741455,0.8345747590065002,0.040420107543468475,0.10160889476537704
51,10.320280154999978,1.0842326879501343,0.8311303853988647,0.040390633046627045,0.10107938200235367
52,10.462548116999983,1.1219456195831299,0.870019793510437,0.04036721959710121,0.10060885548591614
53,10.605794353999954,1.1175833940505981,0.866766095161438,0.04033713415265083,0.10016558319330215
54,10.748476737000033,1.0741175413131714,0.8232836723327637,0.040323518216609955,0.1001722663640976
55,10.890732096999955,1.078573226928711,0.8265405893325806,0.04032334312796593,0.10065177828073502
56,11.033483305000004,1.0393389463424683,0.7859181761741638,0.0403352715075016,0.1012069582939148
57,11.176813261000007,1.0969150066375732,0.8421695232391357,0.04034028574824333,0.10173682868480682
58,11.319791223000038,1.0993937253952026,0.8435254096984863,0.040344227105379105,0.10218594968318939
59,11.463088277999987,1.1221966743469238,0.8648695349693298,0.0403473787009716,0.10276947170495987
60,11.605615977999946,1.113303542137146,0.8537747859954834,0.040376100689172745,0.10365001112222672
61,11.74835401200005,1.1003566980361938,0.8380210399627686,0.04040117934346199,0.1047726720571518
62,11.891240192000055,1.1700345277786255,0.9046860337257385,0.040410373359918594,0.10597775131464005
63,12.032980954999971,1.0454883575439453,0.7776782512664795,0.040417492389678955,0.10696234554052353
64,12.175776670000005,1.0608258247375488,0.7907652854919434,0.040427856147289276,0.10786252468824387
65,12.319420149000052,1.1750913858413696,0.9027217030525208,0.040448520332574844,0.10878609865903854
66,12.462201618999984,1.0561858415603638,0.7821280360221863,0.040468357503414154,0.10946126282215118
67,12.60538502999998,1.0881277322769165,0.8130295276641846,0.0404825285077095,0.10987735539674759
68,12.748268095999947,1.0505844354629517,0.7748980522155762,0.04048267379403114,0.11011261492967606
69,12.891921404999948,1.083713412284851,0.8070986270904541,0.04049699380993843,0.11048392206430435
70,13.035026408000022,1.088699221611023,0.8097538948059082,0.040534913539886475,0.11141598224639893
71,13.178652294000017,1.0696141719818115,0.7869454622268677,0.040592074394226074,0.1129051074385643
72,13.322450007000043,1.0748012065887451,0.7874271273612976,0.04066005349159241,0.11478700488805771
73,13.465549001,1.0532255172729492,0.7605599164962769,0.04072645306587219,0.11690334230661392
74,13.609352175000026,1.0977641344070435,0.7998242378234863,0.04078007861971855,0.11901281774044037
75,13.753216531000021,1.130585789680481,0.8271750807762146,0.04083387553691864,0.12120095640420914
76,13.896018511999955,1.1199486255645752,0.8112583160400391,0.04089144989848137,0.1233125850558281
77,14.039070358999993,1.1595361232757568,0.8459917902946472,0.040940769016742706,0.12525397539138794
78,14.18326438400004,1.1219263076782227,0.8043233752250671,0.040988072752952576,0.12687723338603973
79,14.326413666000008,1.144195556640625,0.8237926959991455,0.04102443531155586,0.1279970109462738
80,14.469551402999969,1.1186038255691528,0.7964287400245667,0.04105331376194954,0.12870581448078156
81,14.613138896999999,1.1725761890411377,0.8494360446929932,0.041069719940423965,0.1290917843580246
82,14.757149649999974,1.0875742435455322,0.7644380331039429,0.041075486689805984,0.12909021973609924
83,14.901607109999986,1.073731541633606,0.7512667179107666,0.04106859117746353,0.12882165610790253
84,15.045308771000009,1.1375045776367188,0.815759539604187,0.04106069728732109,0.12853378057479858
85,15.18931326500001,1.1030828952789307,0.7822381258010864,0.04105342924594879,0.12817367911338806
86,15.33330889900003,1.1733051538467407,0.8534847497940063,0.041043076664209366,0.1277640014886856
87,15.476470007999978,1.1696805953979492,0.8509146571159363,0.04103399068117142,0.12734223902225494
88,15.619590930999948,1.1922532320022583,0.8741917610168457,0.04102998971939087,0.12706045806407928
89,15.763761422000016,1.0774664878845215,0.7599852085113525,0.04102706164121628,0.1268284171819687
90,15.908151668999949,1.1366826295852661,0.8199752569198608,0.04102131724357605,0.1265188604593277
91,16.053407634999985,1.1850388050079346,0.8691142797470093,0.041019607335329056,0.12620575726032257
92,16.19795521100002,1.17551851272583,0.8606411218643188,0.04102039709687233,0.12578685581684113
93,16.341503966000005,1.1442606449127197,0.8310747146606445,0.04101197049021721,0.12511029839515686
94,16.48575797000001,1.0958025455474854,0.7847270965576172,0.04099827632308006,0.12426616996526718
95,16.629657243999986,1.1209831237792969,0.8122750520706177,0.04097989946603775,0.12331932783126831
96,16.773944561999997,1.1630326509475708,0.8572148084640503,0.04095254838466644,0.1221633106470108
97,16.91808232300002,1.1590485572814941,0.8567622303962708,0.04091687127947807,0.12075085192918777
98,17.06262811199997,1.1155657768249512,0.8172832131385803,0.04087293893098831,0.11914955079555511
99,17.206595417000017,1.1349080801010132,0.840374231338501,0.04082384333014488,0.11765023320913315
100,17.351122471000053,1.1006404161453247,0.8092997670173645,0.04078288376331329,0.11637312173843384
101,17.519664346000013,1.1491665840148926,0.8605071306228638,0.04075659438967705,0.11530076712369919
102,17.66455035399997,1.0804636478424072,0.7943905591964722,0.04073052108287811,0.1142663061618805
103,17.809383654000044,1.1218620538711548,0.838142454624176,0.04070369526743889,0.11332501471042633
104,17.95407374299998,1.1156328916549683,0.8338784575462341,0.040675073862075806,0.11253906786441803
105,18.098051478000002,1.1248856782913208,0.8447250723838806,0.040648892521858215,0.11190164089202881
106,18.243610142999955,1.1376972198486328,0.8585230112075806,0.040627386420965195,0.11150719225406647
107,18.388918113000045,1.1298972368240356,0.8511168956756592,0.040611471980810165,0.11134971678256989
108,18.53367627199998,1.1341201066970825,0.8549224138259888,0.04061939939856529,0.11151657998561859
109,18.67851126100004,1.0703380107879639,0.7894643545150757,0.040647491812705994,0.11218685656785965
110,18.822623409000016,1.1374495029449463,0.8538559079170227,0.040684714913368225,0.1132747232913971
111,18.96650898400003,1.0701662302017212,0.7837808132171631,0.040720149874687195,0.11439128965139389
112,19.111209305999978,1.1138176918029785,0.8247620463371277,0.04075847193598747,0.11545920372009277
113,19.25649584200005,1.122948408126831,0.8313343524932861,0.0407981351017952,0.11648239940404892
114,19.400000402000046,1.070460557937622,0.7766221761703491,0.04083607345819473,0.11737199127674103
115,19.544551530000035,1.1353727579116821,0.8400280475616455,0.04086795076727867,0.1179744079709053
116,19.688204505000044,1.0973241329193115,0.8013176321983337,0.04089100658893585,0.11823903769254684
117,19.833990889999995,1.179370641708374,0.8829153776168823,0.040915437042713165,0.11841848492622375
118,19.977893007000034,1.118227243423462,0.821597695350647,0.040933072566986084,0.1184881180524826
119,20.122701172999996,1.0478285551071167,0.7516658306121826,0.04095078259706497,0.11830130964517593
120,20.267296058000056,1.0839320421218872,0.7886272668838501,0.04095977917313576,0.11795806884765625
121,20.411759073999974,1.0801451206207275,0.7856912612915039,0.04096934571862221,0.11761762946844101
122,20.556760631999964,1.1094146966934204,0.8153876662254333,0.04097893089056015,0.1174469143152237
123,20.701456861999986,1.089565634727478,0.7951367497444153,0.04099397733807564,0.11760756373405457
124,20.846236694000027,1.119223952293396,0.8235043287277222,0.04102419316768646,0.11812374740839005
125,20.99172179300001,1.0957845449447632,0.7978249788284302,0.04104757681488991,0.11901963502168655
126,21.13662392399999,1.125495433807373,0.8247696161270142,0.04108341038227081,0.12012597173452377
127,21.281449730999952,1.1380195617675781,0.8349524140357971,0.04111919924616814,0.12106236815452576
128,21.425889152999957,1.1272655725479126,0.822189450263977,0.041158080101013184,0.12186582386493683
129,21.571484706999968,1.1315430402755737,0.8246625065803528,0.04120148345828056,0.1225874274969101
130,21.71738265199997,1.1315932273864746,0.8237367272377014,0.04123912751674652,0.12297762930393219
131,21.863145476,1.136883020401001,0.8279587030410767,0.04127161204814911,0.12340464442968369
132,22.008454088000008,1.065497875213623,0.7546453475952148,0.04130896180868149,0.12417580932378769
133,22.152750997999988,1.173753023147583,0.8598235249519348,0.041371915489435196,0.12540630996227264
134,22.297647008000013,1.1212491989135742,0.8034471273422241,0.04144277796149254,0.1269550323486328
135,22.442249615000037,1.1864612102508545,0.8644400835037231,0.04151114448904991,0.12864241003990173
136,22.587681891999978,1.0884277820587158,0.7623130679130554,0.041576605290174484,0.1302795708179474
137,22.733098508000012,1.1238714456558228,0.7940515875816345,0.041635677218437195,0.13176141679286957
138,22.878179847999945,1.142662525177002,0.8091939687728882,0.04169071838259697,0.1332206279039383
139,23.022896798000033,1.1429219245910645,0.8062281012535095,0.041749875992536545,0.1345105618238449
140,23.167877652000016,1.2061768770217896,0.8667307496070862,0.04181177541613579,0.13561119139194489
141,23.312618988000054,1.216199517250061,0.8745777010917664,0.04186233505606651,0.13648128509521484
142,23.457692546999965,1.1798980236053467,0.8369832038879395,0.04190557077527046,0.1369982659816742
143,23.603608287000043,1.1272475719451904,0.7835968732833862,0.04194650053977966,0.1372925043106079
144,23.74917098200001,1.0753605365753174,0.7314764857292175,0.04197731986641884,0.13738572597503662
145,23.893817247000015,1.1170876026153564,0.7727969288825989,0.042005863040685654,0.13754825294017792
146,24.03874871000005,1.137331247329712,0.7922999262809753,0.0420401468873024,0.13784435391426086
147,24.18358829700003,1.1886556148529053,0.8431359529495239,0.04206962510943413,0.13803957402706146
148,24.328538699999967,1.147860050201416,0.8010914325714111,0.04211091250181198,0.13853900134563446
149,24.474003036,1.1138776540756226,0.7650692462921143,0.042164236307144165,0.13935470581054688
150,24.62016514200002,1.1573278903961182,0.806363582611084,0.042211201041936874,0.1402168720960617
151,24.76563131399996,1.1699230670928955,0.816874623298645,0.042263973504304886,0.1410503387451172
152,24.91194804400004,1.1721256971359253,0.8171519041061401,0.04231146723031998,0.1418202668428421
153,25.057157906000043,1.1268534660339355,0.770555853843689,0.042355772107839584,0.14234964549541473
154,25.202205405999962,1.0885510444641113,0.731850802898407,0.042390286922454834,0.1425105631351471
155,25.348144313000034,1.2094793319702148,0.8527215719223022,0.04241972789168358,0.14253342151641846
156,25.493908498999986,1.212646722793579,0.8562265038490295,0.0424465574324131,0.14239832758903503
157,25.64002949099995,1.1847071647644043,0.8294644951820374,0.042462464421987534,0.14192722737789154
158,25.785580238999955,1.1601896286010742,0.8067458868026733,0.0424669124186039,0.14120763540267944
159,25.931531019999966,1.1623525619506836,0.8111886382102966,0.042463671416044235,0.14029569923877716
160,26.079008090000002,1.1212594509124756,0.7712057828903198,0.04245666787028313,0.1398516595363617
161,26.22712408899997,1.2011229991912842,0.8504955172538757,0.04245855659246445,0.14008116722106934
162,26.375715818000003,1.196007251739502,0.8441752195358276,0.04247564449906349,0.14056292176246643
163,26.525215840999977,1.1619973182678223,0.8092353343963623,0.042499423027038574,0.1409348100423813
164,26.672974986999975,1.1773946285247803,0.8239032030105591,0.04253137856721878,0.1412264108657837
165,26.82304904399996,1.1700663566589355,0.8160213828086853,0.04256226867437363,0.14144770801067352
166,26.968328935000045,1.238818645477295,0.8841903209686279,0.0425860732793808,0.1416809856891632
167,27.117057603000035,1.209059476852417,0.8538560271263123,0.042608845978975296,0.14191091060638428
168,27.26506921700002,1.1058282852172852,0.7506440877914429,0.042630769312381744,0.14190316200256348
169,27.413648643999977,1.1952927112579346,0.8408949375152588,0.04264085367321968,0.14158856868743896
170,27.562782719999973,1.1923232078552246,0.8395820260047913,0.042638447135686874,0.14092592895030975
171,27.721184805999997,1.219090223312378,0.8686952590942383,0.04262436181306839,0.1399874985218048
172,27.870269996000047,1.2051352262496948,0.8569657802581787,0.042604394257068634,0.13909736275672913
173,28.02106512499995,1.1605466604232788,0.8144745230674744,0.042585719376802444,0.13825850188732147
174,28.169053518000055,1.1711337566375732,0.8272973299026489,0.04256853088736534,0.13736429810523987
175,28.325035787000047,1.1576534509658813,0.8164356350898743,0.042545683681964874,0.1363169550895691
176,28.470324776999973,1.1312870979309082,0.7932262420654297,0.04250509291887283,0.135054349899292
177,28.62707745099999,1.1764079332351685,0.841793417930603,0.04245714098215103,0.1336759775876999
178,28.774063308999985,1.1475176811218262,0.8167569637298584,0.042408287525177,0.13213466107845306
179,28.929051625000056,1.1815553903579712,0.855102002620697,0.042345080524683,0.13041196763515472
180,29.08653355199999,1.2018566131591797,0.8791354894638062,0.0422997884452343,0.12891924381256104
181,29.242164451999997,1.1356935501098633,0.8154571056365967,0.04227537661790848,0.12792547047138214
182,29.388952354000025,1.178343653678894,0.8594567179679871,0.04225657507777214,0.12738576531410217
183,29.534522358999993,1.11055326461792,0.7924163341522217,0.042245421558618546,0.12708580493927002
184,29.681290624999974,1.1769661903381348,0.8597449064254761,0.04223624989390373,0.12671956419944763
185,29.827926997999953,1.117347002029419,0.8016332983970642,0.04221833124756813,0.1261165887117386
186,29.974143345000016,1.039711594581604,0.7255303859710693,0.04220009967684746,0.12550367414951324
187,30.12121377400001,1.1212573051452637,0.8083028793334961,0.0421840101480484,0.12501302361488342
188,30.268191505999994,1.0559546947479248,0.7442010641098022,0.042168594896793365,0.12453275173902512
189,30.415224835000004,1.1030763387680054,0.792391300201416,0.042158275842666626,0.12410537898540497
190,30.561801922999962,1.172141671180725,0.8619577884674072,0.04215509817004204,0.12390493601560593
191,30.71010680200004,1.0652573108673096,0.7552900314331055,0.042153749614953995,0.1238182857632637
192,30.856988923000017,1.1211820840835571,0.81138014793396,0.04215693101286888,0.1237521544098854
193,31.00377431000004,1.1268951892852783,0.8172340393066406,0.04216648265719414,0.12369577586650848
194,31.15062400399995,1.0895061492919922,0.7799901962280273,0.042179569602012634,0.12363764643669128
195,31.297197129999972,1.1615878343582153,0.8525567650794983,0.042189765721559525,0.12344367802143097
196,31.444665873999952,1.1559553146362305,0.8481934666633606,0.04218962788581848,0.12293601036071777
197,31.591230440999993,1.1364924907684326,0.8307983875274658,0.04218163341283798,0.12210893630981445
198,31.73877934799998,1.1204535961151123,0.8171826004981995,0.04216958209872246,0.12113974243402481
199,31.88634592400001,1.1401450634002686,0.8393867611885071,0.04215428605675697,0.12013472616672516
200,32.03384185699997,1.1001110076904297,0.8021794557571411,0.04213305935263634,0.11900405585765839
201,32.20024174399998,1.1407294273376465,0.8452616930007935,0.04211054742336273,0.11801867932081223
202,32.34746622600005,1.079803466796875,0.7863144874572754,0.04208827018737793,0.11722725629806519
203,32.494850552,1.0284408330917358,0.7367695569992065,0.042060039937496185,0.11650025844573975
204,32.64180968200003,1.0956366062164307,0.8048900365829468,0.04204056039452553,0.11613047122955322
205,32.78874436399997,1.1012728214263916,0.8103023767471313,0.0420331135392189,0.11622004210948944
206,32.93617338499996,1.0820053815841675,0.790302574634552,0.04204406216740608,0.11651293188333511
207,33.084101643000054,1.0795872211456299,0.785863995552063,0.04206208884716034,0.11732103675603867
208,33.231271468000045,1.0470335483551025,0.7501136660575867,0.042096178978681564,0.1185995489358902
209,33.378397982000024,1.150634765625,0.8502055406570435,0.042140450328588486,0.12000315636396408
210,33.526096148999954,1.0941976308822632,0.7906515598297119,0.042188115417957306,0.12124968320131302
211,33.67285523600003,1.0384858846664429,0.7324433922767639,0.04222933202981949,0.122248075902462
212,33.81916917900003,1.186021089553833,0.8780560493469238,0.0422658696770668,0.12301698327064514
213,33.966469867,1.1052449941635132,0.7962632179260254,0.04229733347892761,0.12342352420091629
214,34.11417049299996,1.081816554069519,0.7727534770965576,0.04232458025217056,0.1234559416770935
215,34.26240514599999,1.0443685054779053,0.7357345223426819,0.04235149547457695,0.12328418344259262
216,34.40989542700004,1.1682579517364502,0.858757495880127,0.042391665279865265,0.12363061308860779
217,34.55716939599995,1.0649397373199463,0.7534226179122925,0.04244113713502884,0.1244371086359024
218,34.70425388399997,1.0949546098709106,0.7807592749595642,0.042492374777793884,0.1255081743001938
219,34.85152259100005,1.0948243141174316,0.7779455780982971,0.042545340955257416,0.1265813261270523
220,34.99952577500005,1.1269750595092773,0.8081396222114563,0.042590659111738205,0.12736380100250244
221,35.14773061400001,1.1214282512664795,0.8011482954025269,0.042619384825229645,0.12794148921966553
222,35.296168438999985,1.1787731647491455,0.8571829795837402,0.04265204817056656,0.1284654438495636
223,35.44361781199996,1.095528483390808,0.7725610733032227,0.0426810160279274,0.1290162354707718
224,35.590354959000024,1.1372590065002441,0.8120228052139282,0.04272622987627983,0.12992356717586517
225,35.73824769999999,1.0768417119979858,0.7480981349945068,0.04278472065925598,0.13132630288600922
226,35.886324126999966,1.1143174171447754,0.7816643714904785,0.04285356029868126,0.13288982212543488
227,36.03379181499997,1.1521329879760742,0.8158643245697021,0.04293355718255043,0.1343357115983963
228,36.182297550000044,1.1626311540603638,0.8220239877700806,0.04302724078297615,0.13607074320316315
229,36.331025943999975,1.1889307498931885,0.8430847525596619,0.04313718155026436,0.13816583156585693
230,36.47886633600001,1.1567050218582153,0.8057880401611328,0.043253082782030106,0.14019376039505005
231,36.62764693600002,1.2306773662567139,0.8753997683525085,0.043362993746995926,0.14193758368492126
232,36.776917984999955,1.2294949293136597,0.8709782361984253,0.04346075654029846,0.1432328075170517
233,36.925903397999946,1.2277195453643799,0.8674123287200928,0.04354012757539749,0.1439487487077713
234,37.074917770999946,1.133446216583252,0.7727220058441162,0.04360031336545944,0.14411525428295135
235,37.22344258500004,1.1400068998336792,0.7791938781738281,0.04366077110171318,0.14415057003498077
236,37.37136258700002,1.1179207563400269,0.7571191787719727,0.04371374845504761,0.14414577186107635
237,37.51885584299998,1.1780462265014648,0.8175802230834961,0.043748095631599426,0.14401137828826904
238,37.667848048999986,1.1790817975997925,0.8196112513542175,0.04376609995961189,0.14361314475536346
239,37.81646364300002,1.1249022483825684,0.7670722007751465,0.043776899576187134,0.1429569125175476
240,37.964751921000015,1.2022490501403809,0.8463519215583801,0.04378460347652435,0.14218372106552124
241,38.11398548,1.187549114227295,0.8338476419448853,0.04378553107380867,0.14130543172359467
242,38.262071655,1.2151309251785278,0.8643170595169067,0.04378090053796768,0.14015041291713715
243,38.41037258899996,1.0749216079711914,0.7278790473937988,0.04376797378063202,0.13864192366600037
244,38.559298590000026,1.1638785600662231,0.8189632892608643,0.043760303407907486,0.13779106736183167
245,38.711185718000024,1.1169936656951904,0.7721771001815796,0.04376757889986038,0.1377515345811844
246,38.860633506,1.1182900667190552,0.772956371307373,0.043787695467472076,0.1379583477973938
247,39.01011853299997,1.128635287284851,0.7814503312110901,0.0438116230070591,0.1386987566947937
248,39.158926941999994,1.1410809755325317,0.790950357913971,0.04385644569993019,0.1398768275976181
249,39.30725058899998,1.1034677028656006,0.7502733469009399,0.043918315321207047,0.14110210537910461
250,39.45675715699997,1.1491551399230957,0.7929873466491699,0.043994415551424026,0.1422911435365677
251,39.605461159000015,1.1520367860794067,0.7929457426071167,0.0440678745508194,0.14346015453338623
252,39.754107836,1.177594780921936,0.8156108260154724,0.04414616525173187,0.1446170061826706
253,39.90269661000002,1.2300069332122803,0.8653753995895386,0.0442231185734272,0.14567574858665466
254,40.05167931100004,1.2050623893737793,0.838619589805603,0.0442880317568779,0.14639994502067566
255,40.20095569700004,1.197232723236084,0.8299301862716675,0.04434283822774887,0.14674364030361176
256,40.34951954099995,1.1200891733169556,0.7527679204940796,0.044388238340616226,0.14675094187259674
257,40.49818923999999,1.184870958328247,0.8172593116760254,0.04443830996751785,0.14686690270900726
258,40.64759229499998,1.1375887393951416,0.769287109375,0.0444917231798172,0.1471426784992218
259,40.79655737899998,1.1058318614959717,0.737186849117279,0.04454179108142853,0.14727982878684998
260,40.94494499899997,1.1792891025543213,0.811002254486084,0.04457908496260643,0.14713642001152039
261,41.095266648999996,1.155043125152588,0.7858445644378662,0.04463678225874901,0.1475009024143219
262,41.245440797000015,1.1533362865447998,0.7809685468673706,0.04471771791577339,0.14876826107501984
263,41.39572861900001,1.1969950199127197,0.8180648684501648,0.044840406626462936,0.15139268338680267
264,41.54470612299997,1.2009093761444092,0.8129577040672302,0.04500425234436989,0.15500065684318542
265,41.693731496000055,1.2803994417190552,0.8834573030471802,0.04518639296293259,0.15859609842300415
266,41.842508619,1.2910711765289307,0.8865001797676086,0.04535263404250145,0.1616470068693161
267,41.99161252700003,1.1834993362426758,0.7733017802238464,0.045502033084630966,0.16389703750610352
268,42.140790476999996,1.2186212539672852,0.8040000200271606,0.0456429198384285,0.16566592454910278
269,42.290570154999955,1.1302361488342285,0.7117606401443481,0.045773185789585114,0.16720713675022125
270,42.43911361100004,1.193197250366211,0.7703685760498047,0.04590500518679619,0.16894786059856415
271,42.588876570000025,1.272890329360962,0.8450890779495239,0.04605264961719513,0.17093628644943237
272,42.738460239000005,1.2294676303863525,0.7966809272766113,0.0462094247341156,0.17292985320091248
273,42.887643067,1.2075496912002563,0.7698301076889038,0.04637458547949791,0.17490233480930328
274,43.03776333799999,1.210425615310669,0.767928957939148,0.04654304310679436,0.17681248486042023
275,43.18816584700005,1.229892373085022,0.782410740852356,0.04670490697026253,0.17880584299564362
276,43.338046514999974,1.3204150199890137,0.8680543899536133,0.046861451119184494,0.18075679242610931
277,43.487440590999995,1.2478480339050293,0.7916815280914307,0.04700416699051857,0.1822785586118698
278,43.636380918999976,1.2326828241348267,0.7739624381065369,0.047140076756477356,0.18329958617687225
279,43.786790741999994,1.204555630683899,0.7442880868911743,0.0472528412938118,0.18391798436641693
280,43.93648109499998,1.234138011932373,0.7725998163223267,0.04735928401350975,0.18442580103874207
281,44.085882326000046,1.2970139980316162,0.8345189094543457,0.04745444282889366,0.1848081797361374
282,44.23585974499997,1.271780014038086,0.809086799621582,0.04752740263938904,0.1848871409893036
283,44.38521205300003,1.276282787322998,0.8140674829483032,0.04757991433143616,0.18469581007957458
284,44.53592635899997,1.244528889656067,0.7836521863937378,0.047613050788640976,0.1841602474451065
285,44.68545248999999,1.2481979131698608,0.7897695302963257,0.04762367159128189,0.18318086862564087
286,44.83391097200001,1.2369072437286377,0.7814039587974548,0.04762405902147293,0.18201084434986115
287,44.983515325999974,1.2521045207977295,0.7999107837677002,0.047611553221940994,0.1806870400905609
288,45.13314126199998,1.2759742736816406,0.8274774551391602,0.04758438467979431,0.17920836806297302
289,45.282473681000056,1.2438251972198486,0.799214243888855,0.04755210503935814,0.17765416204929352
290,45.432729549999976,1.2520798444747925,0.8112778663635254,0.04751211032271385,0.1761307567358017
291,45.58235556499994,1.2250702381134033,0.7881654500961304,0.04746842384338379,0.17457205057144165
292,45.732588118999956,1.2681868076324463,0.8354276418685913,0.047409918159246445,0.1729140281677246
293,45.88331107199997,1.3245432376861572,0.8964939117431641,0.047337863594293594,0.17103040218353271
294,46.03364603299997,1.2104285955429077,0.7878479957580566,0.047258615493774414,0.16884319484233856
295,46.183309742000006,1.2188470363616943,0.8022871017456055,0.04717316851019859,0.16643531620502472
296,46.333121653000035,1.2239511013031006,0.8133896589279175,0.047079898416996,0.16403625905513763
297,46.48381096799994,1.219575047492981,0.8145256042480469,0.04699764400720596,0.1618317812681198
298,46.633826062000026,1.2375664710998535,0.8376820683479309,0.046910859644412994,0.15976615250110626
299,46.78435841600003,1.2288280725479126,0.8337504863739014,0.04682536423206329,0.1578437238931656
300,46.93537307099996,1.129046082496643,0.738501250743866,0.04674205556511879,0.15603095293045044
301,47.10480481900004,1.2041115760803223,0.8177937269210815,0.046669840812683105,0.1543404757976532
302,47.255153681000024,1.1924715042114258,0.8095165491104126,0.04660465940833092,0.15299558639526367
303,47.40473377000001,1.1720285415649414,0.7913699150085449,0.04654516652226448,0.15207725763320923
304,47.55531816500002,1.2106620073318481,0.8315768837928772,0.046500518918037415,0.151448056101799
305,47.70581004600001,1.226396083831787,0.8487277030944824,0.046464063227176666,0.15088148415088654
306,47.85529186500003,1.243930459022522,0.8679834604263306,0.04642864689230919,0.15019309520721436
307,48.006305864999945,1.1733429431915283,0.7998204231262207,0.046389389783144,0.1492234170436859
308,48.156139808000034,1.1809087991714478,0.8106288909912109,0.046336907893419266,0.14792661368846893
309,48.30777847000002,1.1172714233398438,0.7504476308822632,0.046282559633255005,0.14654441177845
310,48.45749048799996,1.1985900402069092,0.8351867198944092,0.046228036284446716,0.14517639577388763
311,48.60808803500004,1.1679496765136719,0.8082984089851379,0.04616578295826912,0.14367583394050598
312,48.75821872200004,1.237500548362732,0.8812748193740845,0.04609872028231621,0.1423058956861496
313,48.90809756700003,1.1530781984329224,0.7996671199798584,0.046042077243328094,0.14118026196956635
314,49.05894006400001,1.1815232038497925,0.8304535150527954,0.04599599167704582,0.14024387300014496
315,49.20959811800003,1.1075623035430908,0.7579121589660645,0.04596279188990593,0.13967624306678772
316,49.36099964699997,1.155638575553894,0.8065509796142578,0.0459405817091465,0.1394512802362442
317,49.51119719799999,1.1398247480392456,0.7909647226333618,0.04592866450548172,0.13936029374599457
318,49.662095891000035,1.087964653968811,0.7388942241668701,0.0459270179271698,0.13944445550441742
319,49.812637292999966,1.1854662895202637,0.8356539607048035,0.04592927172780037,0.1397411972284317
320,49.963705510999944,1.1172057390213013,0.7667216062545776,0.045930538326501846,0.14000992476940155
321,50.11426967900002,1.1918712854385376,0.8409996032714844,0.045938871800899506,0.14016492664813995
322,50.264878597000006,1.13215970993042,0.7813696265220642,0.0459476113319397,0.14013223350048065
323,50.416681666000045,1.1291768550872803,0.7780587077140808,0.045966122299432755,0.1402633786201477
324,50.56769040300003,1.1022061109542847,0.750154972076416,0.045996107161045074,0.14063645899295807
325,50.71940813699996,1.107824683189392,0.7541603446006775,0.04603271558880806,0.1412816047668457
326,50.87081035599999,1.1446304321289062,0.7881425619125366,0.04609207808971405,0.1424107551574707
327,51.022805834999986,1.157461404800415,0.7975947856903076,0.04616081714630127,0.1437620371580124
328,51.173196854000025,1.1377462148666382,0.7738624215126038,0.04623625427484512,0.1453685760498047
329,51.32469654600004,1.1373634338378906,0.7693514227867126,0.046313438564538956,0.14701956510543823
330,51.475272233000055,1.1836811304092407,0.8123592138290405,0.046392131596803665,0.14834322035312653
331,51.626600457999984,1.231572151184082,0.8581368923187256,0.04645755514502525,0.14918825030326843
332,51.777685443999985,1.2040719985961914,0.8299738168716431,0.046505656093358994,0.14945325255393982
333,51.929608272999985,1.137104868888855,0.7638974189758301,0.04653513804078102,0.14909684658050537
334,52.081757012000025,1.160003900527954,0.788872241973877,0.046540454030036926,0.1482664942741394
335,52.23363250700004,1.1578788757324219,0.7890914678573608,0.046525049954652786,0.14732883870601654
336,52.38552974799995,1.1105021238327026,0.7443400621414185,0.04650726914405823,0.14627879858016968
337,52.53713557200001,1.2441391944885254,0.8807556629180908,0.046488206833601,0.1451674848794937
338,52.68910195000001,1.1518213748931885,0.7914299368858337,0.04645602032542229,0.14397075772285461
339,52.84037991900004,1.1412277221679688,0.7842864394187927,0.04640624672174454,0.14259091019630432
340,52.99225719499998,1.1205313205718994,0.7665508389472961,0.04635845869779587,0.14140675961971283
341,53.143532316999995,1.1479856967926025,0.7962970733642578,0.046312715858221054,0.14049018919467926
342,53.294630477000055,1.1271461248397827,0.7776597738265991,0.046272408217191696,0.1396094560623169
343,53.44554424800003,1.186569094657898,0.8391889333724976,0.04624372348189354,0.13876710832118988
344,53.59695217900003,1.1801936626434326,0.8350216150283813,0.046216730028390884,0.13788394629955292
345,53.748289973000055,1.1886677742004395,0.8462896943092346,0.04617816209793091,0.13676650822162628
346,53.90060074799999,1.1714134216308594,0.8324804306030273,0.04612931236624718,0.13538865745067596
347,54.05198746099995,1.116572380065918,0.7817099094390869,0.04606877267360687,0.13376069068908691
348,54.20349458700002,1.1913105249404907,0.8611617684364319,0.04600377753376961,0.13187548518180847
349,54.355909559,1.185978889465332,0.8603363037109375,0.04594086855649948,0.13007327914237976
350,54.507350567,1.0900310277938843,0.7683953046798706,0.045881953090429306,0.1284707486629486
351,54.654079647,1.1274456977844238,0.8092111349105835,0.04583811014890671,0.12711046636104584
352,54.80699863899997,1.1207387447357178,0.8053840398788452,0.04580537974834442,0.12595868110656738
353,54.95917258500003,1.1050958633422852,0.7924513816833496,0.045770615339279175,0.12487468123435974
354,55.11034365499995,1.0733299255371094,0.7626925706863403,0.04572637006640434,0.12407201528549194
355,55.263483006,1.0709185600280762,0.7618737816810608,0.04568687453866005,0.12343515455722809
356,55.415445398999964,1.0928901433944702,0.7855367660522461,0.04565543681383133,0.12275872379541397
357,55.567581736999955,1.1270372867584229,0.8212743997573853,0.04561861976981163,0.12212265282869339
358,55.71994766099999,1.1067765951156616,0.802667498588562,0.0455816388130188,0.12146132439374924
359,55.87317762700002,1.0934205055236816,0.7912232279777527,0.045550379902124405,0.12069673091173172
360,56.026420723,1.14599609375,0.8454574346542358,0.04551674425601959,0.12003340572118759
361,56.17892336600005,1.1848747730255127,0.8858311176300049,0.0454874113202095,0.11943549662828445
362,56.33201929300003,1.1289494037628174,0.8319392800331116,0.04545687139034271,0.11862222850322723
363,56.48456907499997,1.1228307485580444,0.8277382254600525,0.045437898486852646,0.1178552657365799
364,56.637427944000024,1.116403579711914,0.8230159282684326,0.045412078499794006,0.11717339605093002
365,56.789318482,1.1374361515045166,0.8456243276596069,0.04538431763648987,0.1165432259440422
366,56.941174784000054,1.1122066974639893,0.8217732906341553,0.045358315110206604,0.11599195003509521
367,57.09307096500004,1.0868427753448486,0.7963683009147644,0.04535355418920517,0.11600837111473083
368,57.24544528499996,1.0882298946380615,0.796267032623291,0.04535862058401108,0.11660370230674744
369,57.397022547999995,1.131281852722168,0.8373935222625732,0.045368753373622894,0.11737384647130966
370,57.55356582100001,1.1133049726486206,0.8164424896240234,0.04539387300610542,0.11856342852115631
371,57.707137386,1.1109755039215088,0.8096381425857544,0.045433659106492996,0.12035316973924637
372,57.85936979500002,1.104297161102295,0.7979183197021484,0.04548836126923561,0.12236960232257843
373,58.01239290800004,1.1374125480651855,0.8257049918174744,0.04556042701005936,0.12450078129768372
374,58.16453320100004,1.085544466972351,0.7689375877380371,0.04563305154442787,0.1264602094888687
375,58.31788484699996,1.1261701583862305,0.8058352470397949,0.04569733515381813,0.12795117497444153
376,58.47144007099996,1.1022179126739502,0.7794939279556274,0.04574984684586525,0.12890656292438507
377,58.624316023000006,1.072556972503662,0.7482134103775024,0.04578498378396034,0.12955428659915924
378,58.77762892800001,1.1689958572387695,0.8437600135803223,0.045813728123903275,0.12991108000278473
379,58.93105846499998,1.0908043384552002,0.7658735513687134,0.04582986608147621,0.12978902459144592
380,59.08479536499999,1.1189411878585815,0.7943190336227417,0.0458444282412529,0.12966547906398773
381,59.23640538699999,1.107370376586914,0.7828484177589417,0.045862361788749695,0.1296253502368927
382,59.390361149,1.1617939472198486,0.8375718593597412,0.04587157815694809,0.12950532138347626
383,59.54210233599997,1.1459059715270996,0.8224464058876038,0.04587598517537117,0.12920032441616058
384,59.69577721099995,1.0828077793121338,0.7605628967285156,0.04587674140930176,0.1287144124507904
385,59.84898998699998,1.1248852014541626,0.803267776966095,0.045889683067798615,0.12846340239048004
386,60.00217154799998,1.0975263118743896,0.7753603458404541,0.04591713100671768,0.1286827027797699
387,60.15574522099996,1.087129831314087,0.7638034820556641,0.04595290124416351,0.1291467249393463
388,60.30902951400003,1.1227678060531616,0.7983014583587646,0.04598116874694824,0.1296026110649109
389,60.463494631,1.1353493928909302,0.8097552061080933,0.046007510274648666,0.13005363941192627
390,60.61624572200003,1.1610782146453857,0.8341661095619202,0.04603832587599754,0.13058069348335266
391,60.76925895299996,1.1566795110702515,0.8283214569091797,0.04608378931879997,0.13115887343883514
392,60.921954039999946,1.0496946573257446,0.7199399471282959,0.046135272830724716,0.13171735405921936
393,61.07499594000001,1.0643616914749146,0.7329105138778687,0.04617949575185776,0.13239572942256927
394,61.22799283699999,1.104192852973938,0.7704169750213623,0.04622182995080948,0.133325457572937
395,61.38140006699996,1.1153252124786377,0.7786577939987183,0.04627041146159172,0.13448189198970795
396,61.536111430999995,1.135392665863037,0.7957630753517151,0.04632401838898659,0.13566651940345764
397,61.689244539000015,1.2171518802642822,0.8737338781356812,0.046387553215026855,0.13718166947364807
398,61.84283128100003,1.187429428100586,0.8396502733230591,0.04646192491054535,0.13892580568790436
399,61.994866339000055,1.166018009185791,0.8130451440811157,0.046550434082746506,0.14100292325019836
400,62.14820065599997,1.0806620121002197,0.7215478420257568,0.04665756598114967,0.1434590220451355
401,62.319412083999964,1.1879620552062988,0.8227286338806152,0.046765610575675964,0.14590628445148468
402,62.473128476000056,1.185020923614502,0.8139396905899048,0.046876274049282074,0.14824499189853668
403,62.628026783999985,1.1678531169891357,0.7907291054725647,0.04700352996587753,0.15066157281398773
404,62.78175635800005,1.197270154953003,0.8142178058624268,0.047130633145570755,0.15303240716457367
405,62.935963644000026,1.181209921836853,0.793120265007019,0.04724422097206116,0.15504688024520874
406,63.08903307200001,1.2146962881088257,0.8230301141738892,0.04733966290950775,0.15647712349891663
407,63.24298030099999,1.1695711612701416,0.7760923504829407,0.04741540178656578,0.157201886177063
408,63.39819118599996,1.167698860168457,0.7740747928619385,0.047466736286878586,0.1572597622871399
409,63.55113739800004,1.1856861114501953,0.7934016585350037,0.047496188431978226,0.1567237824201584
410,63.705451228000015,1.2295451164245605,0.8400211334228516,0.047504037618637085,0.15561959147453308
411,63.858392299,1.1810311079025269,0.7955541014671326,0.04748981446027756,0.15400086343288422
412,64.01223544799996,1.1364645957946777,0.7556793093681335,0.04745687171816826,0.15212427079677582
413,64.16818842700002,1.1034621000289917,0.7275341749191284,0.04741224646568298,0.15018154680728912
414,64.32339497299995,1.1418225765228271,0.7707182765007019,0.047367025166749954,0.14825224876403809
415,64.47701659899997,1.1480616331100464,0.7811199426651001,0.0473242923617363,0.14658738672733307
416,64.63165382800003,1.1613644361495972,0.7976444959640503,0.04728497564792633,0.14529883861541748
417,64.78551393199996,1.1632411479949951,0.8023111820220947,0.04725009202957153,0.14418300986289978
418,64.93982478400005,1.1764106750488281,0.8178001046180725,0.04723528027534485,0.14325526356697083
419,65.09374626900001,1.1213847398757935,0.7649290561676025,0.0472240224480629,0.14239336550235748
420,65.24874306699996,1.1651462316513062,0.8111538887023926,0.047210097312927246,0.14140810072422028
421,65.40326159899996,1.1716433763504028,0.8206683397293091,0.047184575349092484,0.14020127058029175
422,65.55711608900003,1.1416901350021362,0.7940061688423157,0.04714963957667351,0.1388849914073944
423,65.71218381400001,1.0794594287872314,0.735023021697998,0.04710719734430313,0.13758611679077148
424,65.86701246799998,1.1269407272338867,0.7849493026733398,0.047068141400814056,0.1366082727909088
425,66.02184058099999,1.2325645685195923,0.8920689821243286,0.0470457598567009,0.1360100358724594
426,66.177455915,1.2004451751708984,0.8614206314086914,0.047019168734550476,0.1354217231273651
427,66.33292778500004,1.138088583946228,0.8011932373046875,0.046981945633888245,0.13457022607326508
428,66.48734196199996,1.1054080724716187,0.7713745832443237,0.046936970204114914,0.13342565298080444
429,66.64197397800001,1.1245765686035156,0.7941754460334778,0.046884872019290924,0.13197287917137146
430,66.79742975199997,1.1486952304840088,0.8206638097763062,0.04684090614318848,0.13102519512176514
431,66.952562027,1.139824390411377,0.8115823268890381,0.04683820530772209,0.13110949099063873
432,67.10758344600004,1.1806581020355225,0.8504837155342102,0.04686327651143074,0.13188233971595764
433,67.26416743200002,1.1096237897872925,0.7769597768783569,0.04690180718898773,0.13287799060344696
434,67.41833347299996,1.1677957773208618,0.8318781852722168,0.04695076495409012,0.1341792196035385
435,67.57391477500005,1.1727372407913208,0.8331942558288574,0.04700168967247009,0.13562919199466705
436,67.73037882799997,1.1009384393692017,0.7566863298416138,0.04706491157412529,0.13751259446144104
437,67.88623054100003,1.1352325677871704,0.7818592190742493,0.04718155413866043,0.14116059243679047
438,68.04232782099996,1.1709529161453247,0.8051744699478149,0.04737570881843567,0.14612188935279846
439,68.19873424900004,1.142197608947754,0.7634750604629517,0.047613032162189484,0.15129855275154114
440,68.35502252200001,1.1353466510772705,0.7440969944000244,0.0478685237467289,0.1563083678483963
441,68.51113412799998,1.2185864448547363,0.8156254291534424,0.048126570880413055,0.16099189221858978
442,68.66723821400001,1.1550379991531372,0.7406260967254639,0.04839995130896568,0.1655711680650711
443,68.822287351,1.1883817911148071,0.7628598809242249,0.04868324473500252,0.17001402378082275
444,68.97793591200002,1.2270610332489014,0.7916566729545593,0.04895113781094551,0.1739659160375595
445,69.13415720199998,1.2494579553604126,0.8051091432571411,0.04920975863933563,0.17754267156124115
446,69.29052026600004,1.226240873336792,0.7739348411560059,0.04946143180131912,0.1807245910167694
447,69.44591778100005,1.2731523513793945,0.8143428564071655,0.049695227295160294,0.18332503736019135
448,69.60308675299996,1.1944005489349365,0.7308117747306824,0.049898676574230194,0.1852358877658844
449,69.76005134699994,1.2683734893798828,0.8017765879631042,0.05006381496787071,0.18643848598003387
450,69.91492588200003,1.3269238471984863,0.8586680293083191,0.0501912385225296,0.1871015578508377
451,70.06951919899996,1.30891752243042,0.8404362201690674,0.050286948680877686,0.18719135224819183
452,70.22648090400003,1.2529606819152832,0.7857329845428467,0.050353556871414185,0.18668964505195618
453,70.38253065799995,1.3032307624816895,0.838096022605896,0.050386566668748856,0.18585233390331268
454,70.53819307799995,1.284367561340332,0.819817304611206,0.050421565771102905,0.18561843037605286
455,70.69435513200006,1.228979229927063,0.7631431818008423,0.050470780581235886,0.1861325204372406
456,70.85086710799999,1.2512102127075195,0.7815335988998413,0.050549689680337906,0.18766847252845764
457,71.00654018099999,1.2692790031433105,0.7940171957015991,0.05066637322306633,0.18990208208560944
458,71.16331620999995,1.2280974388122559,0.747270941734314,0.050798892974853516,0.19212739169597626
459,71.31980880499998,1.2663910388946533,0.7808606624603271,0.05092267319560051,0.1940084993839264
460,71.47604630900003,1.3117852210998535,0.8229132890701294,0.051029469817876816,0.19534464180469513
461,71.63185183799999,1.255544662475586,0.7649223208427429,0.05111520364880562,0.19604447484016418
462,71.78973107700006,1.2343285083770752,0.743319034576416,0.05118110030889511,0.19619905948638916
463,71.94624257700002,1.2854944467544556,0.794694185256958,0.05123911425471306,0.1961151659488678
464,72.10190411500002,1.2451320886611938,0.7550849914550781,0.05128807574510574,0.19581367075443268
465,72.258342331,1.2799670696258545,0.791225016117096,0.051323454827070236,0.19529148936271667
466,72.41504510699997,1.272297978401184,0.7855269908905029,0.0513409860432148,0.19450300931930542
467,72.57211918799999,1.2803349494934082,0.7964836359024048,0.05133827403187752,0.19333519041538239
468,72.72912296899995,1.3363004922866821,0.856440544128418,0.05131193622946739,0.19173870980739594
469,72.885372179,1.2568485736846924,0.7819792032241821,0.05126582831144333,0.18974265456199646
470,73.04240307500004,1.2495821714401245,0.7805691957473755,0.05119785666465759,0.18740040063858032
471,73.19876905599995,1.2863407135009766,0.8232680559158325,0.05112040042877197,0.18502458930015564
472,73.35440838399995,1.2552326917648315,0.7980878353118896,0.05103077366948128,0.18265379965305328
473,73.51162758400005,1.3013609647750854,0.8503153920173645,0.05093850567936897,0.18021446466445923
474,73.66870583800005,1.1732141971588135,0.7277368307113647,0.05085102096199989,0.17798756062984467
475,73.82527297700005,1.1789158582687378,0.7381525039672852,0.0507611520588398,0.17610231041908264
476,73.98149802600005,1.2425576448440552,0.8062596321105957,0.05067012459039688,0.17431651055812836
477,74.139640096,1.1996041536331177,0.768129825592041,0.05057675018906593,0.17238742113113403
478,74.296379753,1.2565994262695312,0.8302702903747559,0.05047239735722542,0.170329749584198
479,74.453233512,1.2183843851089478,0.7972672581672668,0.05036432296037674,0.1682453751564026
480,74.60971358100005,1.1965107917785645,0.7805477380752563,0.05026330426335335,0.16618415713310242
481,74.76608619499996,1.212101936340332,0.800377607345581,0.05017354339361191,0.1644890308380127
482,74.92324961600002,1.20389723777771,0.7953574061393738,0.050093185156583786,0.16321559250354767
483,75.08065478699996,1.2196645736694336,0.8130745887756348,0.05003739893436432,0.1624358594417572
484,75.2368563,1.220379114151001,0.8149803876876831,0.04999557510018349,0.1619594842195511
485,75.39374284799999,1.1801121234893799,0.7759648561477661,0.0499502457678318,0.16145911812782288
486,75.55250784500004,1.245805263519287,0.8432834148406982,0.04989862069487572,0.16080911457538605
487,75.70936420299995,1.1949937343597412,0.7947560548782349,0.04983462393283844,0.15989574790000916
488,75.86699360399996,1.1821544170379639,0.7848110198974609,0.049768999218940735,0.15873828530311584
489,76.02431849899995,1.2242770195007324,0.8304556608200073,0.04969755932688713,0.157329723238945
490,76.183008976,1.1816438436508179,0.791186511516571,0.049625594168901443,0.15598443150520325
491,76.34027425900001,1.2064142227172852,0.8188356757164001,0.0495600700378418,0.15483318269252777
492,76.49815888800003,1.168607234954834,0.7841068506240845,0.04949524626135826,0.15360219776630402
493,76.65514156400002,1.14970064163208,0.7672464847564697,0.0494435615837574,0.15278387069702148
494,76.81302744699997,1.204418659210205,0.8227541446685791,0.04940366744995117,0.15246815979480743
495,76.97150634000002,1.0946884155273438,0.7135651111602783,0.04936987906694412,0.15225185453891754
496,77.13077129600003,1.1980037689208984,0.8173913955688477,0.049334850162267685,0.15204761922359467
497,77.28871630799995,1.2282421588897705,0.8483414053916931,0.049304258078336716,0.15176305174827576
498,77.44758772600005,1.2226524353027344,0.8441011309623718,0.049269899725914,0.15122342109680176
499,77.60634586100002,1.1496745347976685,0.7733808755874634,0.04922948405146599,0.15032054483890533
500,77.76535182099997,1.1474411487579346,0.7742379307746887,0.04917345941066742,0.14908458292484283
501,77.94253143499998,1.1599030494689941,0.7900227308273315,0.049117978662252426,0.14775563776493073
502,78.10111834199995,1.1408170461654663,0.7743565440177917,0.049064043909311295,0.14638793468475342
503,78.25943755399999,1.1772682666778564,0.8121132850646973,0.049037087708711624,0.14586582779884338
504,78.418754477,1.1527749300003052,0.7865031957626343,0.0490410141646862,0.14631251990795135
505,78.57766618999995,1.1685380935668945,0.8007196187973022,0.049054186791181564,0.14693118631839752
506,78.73766568300005,1.175451397895813,0.8062053918838501,0.049062471836805344,0.14750216901302338
507,78.89899578799998,1.2166507244110107,0.8464567065238953,0.049072932451963425,0.14788129925727844
508,79.05796053200004,1.1886783838272095,0.818636417388916,0.049075815826654434,0.14782048761844635
509,79.21757764300003,1.2460232973098755,0.8774945139884949,0.04906418174505234,0.14721524715423584
510,79.37583914000004,1.1770093441009521,0.8110682964324951,0.04904418811202049,0.14618024230003357
511,79.53392821800003,1.1725940704345703,0.810056209564209,0.04900789260864258,0.14481912553310394
512,79.69407010299994,1.2460060119628906,0.887417733669281,0.048955947160720825,0.14323952794075012
513,79.852758634,1.1762079000473022,0.8220783472061157,0.04888753965497017,0.14145627617835999
514,80.01220986800001,1.120324730873108,0.7712680101394653,0.04880739748477936,0.13942745327949524
515,80.17113324699994,1.1872953176498413,0.842727541923523,0.04872734099626541,0.13763219118118286
516,80.33065178699997,1.1205854415893555,0.7798333168029785,0.048650674521923065,0.13610625267028809
517,80.48945141299998,1.1469780206680298,0.8098886013031006,0.04858480021357536,0.13464142382144928
518,80.64784227899997,1.1251667737960815,0.791947603225708,0.048515286296606064,0.13309361040592194
519,80.80806863700002,1.116640567779541,0.7870880365371704,0.04844195768237114,0.13162726163864136
520,80.96905930399998,1.1207315921783447,0.7943228483200073,0.04837002605199814,0.13036999106407166
521,81.12722075900001,1.0958303213119507,0.7723013758659363,0.048308927565813065,0.12921833992004395
522,81.28722176099996,1.0663080215454102,0.7456558346748352,0.04824275150895119,0.12806788086891174
523,81.44742345999998,1.1584447622299194,0.8409599661827087,0.04816945642232895,0.1268012374639511
524,81.60684299599995,1.1611353158950806,0.8473670482635498,0.04808809235692024,0.12531493604183197
525,81.76702183400005,1.0966646671295166,0.787372350692749,0.048000022768974304,0.12352491170167923
526,81.92698469499999,1.1159484386444092,0.8116661310195923,0.047903455793857574,0.12152132391929626
527,82.08588688999998,1.0466992855072021,0.747848391532898,0.04779953882098198,0.11934914439916611
528,82.24571016200002,1.0202693939208984,0.7267921566963196,0.04769526794552803,0.1172000989317894
529,82.40631130999998,1.0769799947738647,0.7882380485534668,0.04758448526263237,0.11530644446611404
530,82.56575411899996,1.1638158559799194,0.8793779015541077,0.04747795686125755,0.11358528584241867
531,82.72689700900003,1.0260754823684692,0.7460501790046692,0.047374427318573,0.11182063072919846
532,82.88693573900002,1.0580406188964844,0.7814680933952332,0.047279637306928635,0.11043987423181534
533,83.04843453700005,1.1422977447509766,0.8680810928344727,0.047193411737680435,0.10949788987636566
534,83.208920444,1.0829988718032837,0.8110597729682922,0.047117557376623154,0.10858718305826187
535,83.36914547399999,1.1002049446105957,0.8305524587631226,0.04704548418521881,0.10767281800508499
536,83.52888404099997,1.0804659128189087,0.8123663663864136,0.046986378729343414,0.10705187916755676
537,83.68850298899997,1.0978842973709106,0.8307994604110718,0.046938613057136536,0.10664616525173187
538,83.84812437599999,1.045095443725586,0.779403030872345,0.04689541831612587,0.10608936846256256
539,84.009304144,1.0670077800750732,0.8020104765892029,0.046860966831445694,0.10581149905920029
540,84.16965022299996,1.0623843669891357,0.7973348498344421,0.0468420647084713,0.10583242028951645
541,84.33079638100003,1.1170943975448608,0.8521075248718262,0.046829115599393845,0.10580742359161377
542,84.492052135,1.0757994651794434,0.8113929033279419,0.04681387171149254,0.10557537525892258
543,84.65274497099995,1.020227074623108,0.7570152878761292,0.04680030420422554,0.10509750992059708
544,84.81423086300003,1.0549038648605347,0.7934414148330688,0.046776119619607925,0.10439787805080414
545,84.97513160100004,1.0679476261138916,0.8089277744293213,0.046741023659706116,0.10342100262641907
546,85.13653464699996,1.0533851385116577,0.7970163226127625,0.04669909551739693,0.10236073285341263
547,85.297858227,1.0935263633728027,0.8398005962371826,0.04665390029549599,0.10130368918180466
548,85.45980481000004,1.021677017211914,0.7706632614135742,0.04660909250378609,0.10021903365850449
549,85.62175494099995,1.0914429426193237,0.8418761491775513,0.04656917229294777,0.09964043647050858
550,85.78287032799994,1.0261895656585693,0.7762261629104614,0.04653533548116684,0.09979922324419022
551,85.94566474800001,1.058035969734192,0.8057270646095276,0.04652596265077591,0.10073744505643845
552,86.11706866199995,1.0256781578063965,0.7699732184410095,0.04654419794678688,0.10209581255912781
553,86.27902260099995,1.0892837047576904,0.8297420740127563,0.04657217860221863,0.10363032668828964
554,86.44112450299997,1.116510272026062,0.8532480001449585,0.0466059185564518,0.10511849075555801
555,86.60273201099994,1.104156494140625,0.8380222320556641,0.04663794860243797,0.10626715421676636
556,86.76804391200005,1.1399823427200317,0.8720763921737671,0.04666490852832794,0.10697571933269501
557,86.92737674700004,1.051327109336853,0.782935380935669,0.04668382182717323,0.10716994851827621
558,87.09021053699996,1.1358834505081177,0.8676851987838745,0.04669254273176193,0.10709252953529358
559,87.25222426200003,0.9821393489837646,0.7143378853797913,0.04669632390141487,0.1069338247179985
560,87.41472581400001,1.0763509273529053,0.8087686896324158,0.04669535160064697,0.10684610903263092
561,87.57745421699997,1.066938877105713,0.7996102571487427,0.04669637233018875,0.10674464702606201
562,87.73983021499998,1.0595428943634033,0.7901312112808228,0.046706423163414,0.1075778380036354
563,87.90260154199996,1.0483930110931396,0.7747900485992432,0.046743251383304596,0.10925423353910446
564,88.06353307200004,1.0692424774169922,0.7865771651268005,0.04683198034763336,0.11287878453731537
565,88.22523562799995,1.1318612098693848,0.836129367351532,0.04697929695248604,0.11810480803251266
566,88.38787633599998,1.0925837755203247,0.7837247848510742,0.04715828225016594,0.1233549490571022
567,88.55082428900005,1.140775203704834,0.8199241161346436,0.0473523885011673,0.1281510442495346
568,88.71290463399998,1.2294851541519165,0.8972455859184265,0.04755958914756775,0.13270558416843414
569,88.87536825999996,1.1140834093093872,0.7715339660644531,0.04776666685938835,0.1368287056684494
570,89.03740994400005,1.1385442018508911,0.7868141531944275,0.047965407371520996,0.14050017297267914
571,89.20031744000005,1.0869853496551514,0.7264161109924316,0.04816826432943344,0.14403502643108368
572,89.36310803399999,1.17002272605896,0.8012744188308716,0.048361919820308685,0.14730587601661682
573,89.52546411100002,1.1114771366119385,0.7326989769935608,0.048578549176454544,0.15131697058677673
574,89.68788179399996,1.1807725429534912,0.7898260354995728,0.048825331032276154,0.15618330240249634
575,89.85005732699994,1.1636857986450195,0.7606197595596313,0.04908491298556328,0.16103008389472961
576,90.01258722900002,1.250922679901123,0.8368201851844788,0.049340926110744476,0.16544361412525177
577,90.17503043900001,1.1689502000808716,0.7447841167449951,0.049597691744565964,0.16946803033351898
578,90.33792695399995,1.2475074529647827,0.8141236901283264,0.04985172301530838,0.1731541007757187
579,90.49994185499997,1.1997241973876953,0.758667528629303,0.05007420852780342,0.17622238397598267
580,90.66302176700003,1.1945459842681885,0.7476087808609009,0.05027373507618904,0.17857375741004944
581,90.824785163,1.2606967687606812,0.8091999292373657,0.050443705171346664,0.18039695918560028
582,90.98752510300005,1.2594215869903564,0.8047492504119873,0.050589241087436676,0.18166658282279968
583,91.15064156100004,1.241896629333496,0.7858197093009949,0.050701599568128586,0.1822279542684555
584,91.31304716,1.2481772899627686,0.789975106716156,0.050803668797016144,0.18307769298553467
585,91.47572850699999,1.2757151126861572,0.8140866160392761,0.05092616379261017,0.18444770574569702
586,91.63767757999995,1.2981128692626953,0.8334490656852722,0.05103268846869469,0.1856614053249359
587,91.79985327500003,1.2682514190673828,0.8010079860687256,0.05112355574965477,0.18669290840625763
588,91.96273043600002,1.2790136337280273,0.8096710443496704,0.051215190440416336,0.1875322163105011
589,92.12506521199998,1.2594130039215088,0.7890437841415405,0.051289837807416916,0.18794254958629608
590,92.28812315899995,1.3177353143692017,0.8477229475975037,0.05134142190217972,0.1877995729446411
591,92.45034238699998,1.211934208869934,0.743283748626709,0.0513777881860733,0.1872546523809433
592,92.61317378800004,1.2382886409759521,0.7717399597167969,0.05139720067381859,0.18641391396522522
593,92.77691898,1.305912733078003,0.8424792289733887,0.05139299854636192,0.1851678192615509
594,92.93741240300005,1.2823896408081055,0.8233085870742798,0.05136027932167053,0.18342697620391846
595,93.10156281699994,1.207202672958374,0.7532958984375,0.05130738765001297,0.1813574880361557
596,93.26383236900006,1.2013349533081055,0.7523355484008789,0.05123437941074371,0.17939481139183044
597,93.42673956199997,1.267467975616455,0.8230164051055908,0.05115837603807449,0.17757602035999298
598,93.58910658399998,1.2467914819717407,0.8071295022964478,0.05108851566910744,0.17566043138504028
599,93.75083644300003,1.2319631576538086,0.797592282295227,0.051013655960559845,0.1735442727804184
600,93.91385643700005,1.2157671451568604,0.7873216867446899,0.05093085393309593,0.17117443680763245
601,94.09310728000003,1.140512466430664,0.7183940410614014,0.05084126442670822,0.168643981218338
602,94.25752412099996,1.250841736793518,0.8346712589263916,0.05074460431933403,0.16626518964767456
603,94.420399406,1.2140291929244995,0.8035339117050171,0.050646983087062836,0.16399551928043365
604,94.58442870099998,1.227424144744873,0.8229357004165649,0.05054178833961487,0.16159318387508392
605,94.74961164399997,1.2475521564483643,0.8494343757629395,0.05042710527777672,0.15904538333415985
606,94.91443105300004,1.2392603158950806,0.8479025363922119,0.05030364543199539,0.15634188055992126
607,95.07921802600004,1.2015323638916016,0.815049409866333,0.050187088549137115,0.15439242124557495
608,95.243650914,1.1283514499664307,0.744689404964447,0.050108809024095535,0.15326440334320068
609,95.40889064299995,1.0756995677947998,0.693205714225769,0.050063543021678925,0.15279731154441833
610,95.574563324,1.1418057680130005,0.7589755058288574,0.05003608018159866,0.15293194353580475
611,95.73899720099996,1.172568440437317,0.7886948585510254,0.05002199485898018,0.1533493548631668
612,95.90245297800004,1.155024766921997,0.7690060138702393,0.05001945048570633,0.15420742332935333
613,96.06582658000002,1.18362557888031,0.7947607636451721,0.05004220828413963,0.15534573793411255
614,96.23142684200002,1.1242661476135254,0.7324032783508301,0.05008726194500923,0.15654481947422028
615,96.39222248700003,1.1227402687072754,0.7283689975738525,0.05013462156057358,0.1575479805469513
616,96.55822589900004,1.2482478618621826,0.8523685336112976,0.05017688125371933,0.1581510454416275
617,96.72211144699997,1.1792292594909668,0.7830572128295898,0.05020923167467117,0.15826794505119324
618,96.88846369999999,1.2266287803649902,0.8309026956558228,0.05022905394434929,0.1580895185470581
619,97.05286777399999,1.1645777225494385,0.7700213193893433,0.0502338670194149,0.15762165188789368
620,97.21863903400003,1.2018736600875854,0.8094180822372437,0.050221946090459824,0.15678133070468903
621,97.38352297699998,1.1551886796951294,0.7657623291015625,0.05018717050552368,0.15556977689266205
622,97.54626444300004,1.1790891885757446,0.7937085628509521,0.05013471469283104,0.1539517194032669
623,97.709717619,1.1160659790039062,0.735687792301178,0.050068143755197525,0.15195102989673615
624,97.87540934100002,1.1456290483474731,0.7699635624885559,0.04999701306223869,0.15006619691848755
625,98.04144072400004,1.1796071529388428,0.8074408769607544,0.049934715032577515,0.14866673946380615
626,98.206519921,1.1076326370239258,0.7380883693695068,0.04988638684153557,0.1476181298494339
627,98.37226004700005,1.1618046760559082,0.7941344380378723,0.049843329936265945,0.1468687355518341
628,98.53858362000005,1.1443251371383667,0.7779497504234314,0.049810297787189484,0.1463509052991867
629,98.70323383100003,1.1722304821014404,0.8064935803413391,0.04979133605957031,0.14609555900096893
630,98.869238085,1.1497843265533447,0.7841152548789978,0.04978451132774353,0.1460685133934021
631,99.03482430500003,1.229820728302002,0.8642950654029846,0.049779344350099564,0.1460111439228058
632,99.20115971400003,1.1347377300262451,0.7699620723724365,0.04976307973265648,0.14571122825145721
633,99.366821061,1.115340232849121,0.7520644664764404,0.0497366338968277,0.14511136710643768
634,99.53262389899999,1.09812593460083,0.736862063407898,0.04969887062907219,0.1443067491054535
635,99.69628396300004,1.1434823274612427,0.7821018695831299,0.04967326298356056,0.1443534940481186
636,99.86153205100004,1.1564507484436035,0.7920451164245605,0.04968847334384918,0.1455635130405426
637,100.02670828400005,1.1813063621520996,0.8127443790435791,0.049724943935871124,0.14722591638565063
638,100.19257352299996,1.1667933464050293,0.7944344282150269,0.04977472499012947,0.14874444901943207
639,100.35835919700003,1.1786569356918335,0.8004477024078369,0.04984788969159126,0.1510843187570572
640,100.52414941300003,1.1140074729919434,0.7279855012893677,0.049962013959884644,0.1542089581489563
641,100.689444105,1.18561589717865,0.7909691333770752,0.050103653222322464,0.15765827894210815
642,100.85379033000004,1.1597567796707153,0.7554006576538086,0.05027948319911957,0.16154132783412933
643,101.01909832499996,1.2034261226654053,0.7890098690986633,0.05047420412302017,0.16556459665298462
644,101.18558748600003,1.2308902740478516,0.8074637055397034,0.05067130923271179,0.1691679209470749
645,101.351284663,1.1928553581237793,0.7615219950675964,0.050857532769441605,0.17232994735240936
646,101.51748839699997,1.2189531326293945,0.7779488563537598,0.05106861889362335,0.17619743943214417
647,101.68228046000002,1.1770299673080444,0.7244031429290771,0.05132117122411728,0.1808454543352127
648,101.84812659299996,1.1704425811767578,0.7064622044563293,0.05158383771777153,0.1853857934474945
649,102.01465327200003,1.3127219676971436,0.8374683856964111,0.05185578390955925,0.18989400565624237
650,102.18075418800004,1.3413455486297607,0.8554702997207642,0.05212380737066269,0.19414158165454865
651,102.34693419200005,1.2555664777755737,0.7600914239883423,0.05238710343837738,0.19798046350479126
652,102.51138037299995,1.2348923683166504,0.7299942970275879,0.0526549257338047,0.20174862444400787
653,102.67651280500002,1.3088160753250122,0.7950031757354736,0.05293487384915352,0.20531341433525085
654,102.842624753,1.2499862909317017,0.7285757064819336,0.05319250375032425,0.2083514779806137
655,103.00716729099997,1.2972050905227661,0.7693178653717041,0.05342797189950943,0.2109411656856537
656,103.17296581000005,1.3302022218704224,0.7959837317466736,0.053647395223379135,0.21347279846668243
657,103.33779225399996,1.3268177509307861,0.7868367433547974,0.05386055260896683,0.2157769501209259
658,103.503938124,1.2931724786758423,0.7484062314033508,0.05405345559120178,0.21769028902053833
659,103.66918729899999,1.291978120803833,0.7432308197021484,0.054231997579336166,0.21928198635578156
660,103.83382312499998,1.3837862014770508,0.8317671418190002,0.05439627543091774,0.2205900400876999
661,103.99885135900001,1.282974362373352,0.7286089658737183,0.05453430861234665,0.2215280383825302
662,104.16536999899995,1.3742218017578125,0.8186191320419312,0.054642803966999054,0.22202251851558685
663,104.33035296900005,1.2940247058868408,0.7371718883514404,0.054733432829380035,0.22252218425273895
664,104.496541708,1.3894689083099365,0.8310118913650513,0.054819632321596146,0.22316354513168335
665,104.66189184500001,1.3248203992843628,0.7651674151420593,0.054900918155908585,0.22364157438278198
666,104.82552018299998,1.4041472673416138,0.8443512320518494,0.054967161267995834,0.22369854152202606
667,104.98985399200001,1.3436896800994873,0.7843716740608215,0.0550115592777729,0.22350718080997467
668,105.155296045,1.3703563213348389,0.8115963935852051,0.055050432682037354,0.22328373789787292
669,105.32118411399995,1.2885985374450684,0.7300925254821777,0.05507669970393181,0.2231820970773697
670,105.48664346600003,1.39229416847229,0.8338763117790222,0.055109620094299316,0.2231466919183731
671,105.65069279399995,1.318509578704834,0.7603946924209595,0.055143993347883224,0.2230253666639328
672,105.817451936,1.3705353736877441,0.8131539225578308,0.05516413599252701,0.22273191809654236
673,105.98065087400005,1.336590051651001,0.7806466221809387,0.055176373571157455,0.22215664386749268
674,106.14438052800006,1.3289203643798828,0.7751320600509644,0.055169347673654556,0.2212946116924286
675,106.30850422900005,1.321338176727295,0.7701799869537354,0.05515561252832413,0.22024261951446533
676,106.47412011200004,1.3154327869415283,0.7673279047012329,0.05512600764632225,0.21902140974998474
677,106.63911321499995,1.3149430751800537,0.7688823938369751,0.05510449409484863,0.2182038426399231
678,106.80357648999995,1.3459649085998535,0.8004666566848755,0.055097341537475586,0.21797889471054077
679,106.96686385199996,1.3840696811676025,0.8388082385063171,0.055099062621593475,0.21788416802883148
680,107.13008656500006,1.3004828691482544,0.7556177377700806,0.055101826786994934,0.21772563457489014
681,107.295760814,1.3838213682174683,0.839797854423523,0.0551082007586956,0.21738897264003754
682,107.45889928600002,1.3215316534042358,0.7777331471443176,0.05512542277574539,0.21729888021945953
683,107.62122039999997,1.291316270828247,0.7471606731414795,0.05516347661614418,0.2174416035413742
684,107.78540304800003,1.288495659828186,0.7443972229957581,0.05519789457321167,0.2174185812473297
685,107.94970294200004,1.4350173473358154,0.8916929960250854,0.055217593908309937,0.21710887551307678
686,108.11389873400003,1.3729509115219116,0.8314650058746338,0.05521588400006294,0.2163734883069992
687,108.27859171700004,1.3470566272735596,0.8086811304092407,0.055194322019815445,0.21512939035892487
688,108.44301872899996,1.316300630569458,0.7818576097488403,0.05516484007239342,0.21355654299259186
689,108.60764720999998,1.337839126586914,0.8073450326919556,0.055121418088674545,0.21197713911533356
690,108.77239607800004,1.401702880859375,0.8752032518386841,0.05506663769483566,0.21037958562374115
691,108.93669901600003,1.3390071392059326,0.8169874548912048,0.055000945925712585,0.20858784019947052
692,109.09986203599999,1.2169475555419922,0.700224757194519,0.05491598695516586,0.20646943151950836
693,109.26149341400003,1.2947163581848145,0.783531904220581,0.054809488356113434,0.20425450801849365
694,109.42406470799995,1.2388908863067627,0.7332971096038818,0.05469295009970665,0.20201872289180756
695,109.586644148,1.3435983657836914,0.8438109159469604,0.054573770612478256,0.19969670474529266
696,109.74937927500002,1.2231080532073975,0.7295122742652893,0.05444486439228058,0.19722051918506622
697,109.91404961199999,1.194686770439148,0.7075586318969727,0.054307032376527786,0.19463402032852173
698,110.078490795,1.2054784297943115,0.7243677377700806,0.05416935682296753,0.19222761690616608
699,110.243253299,1.2600773572921753,0.783600926399231,0.05404098704457283,0.19037440419197083
700,110.40679775599995,1.190104365348816,0.7167625427246094,0.05394213646650314,0.18912096321582794
701,110.58557622499995,1.2527923583984375,0.7815545201301575,0.05386080592870712,0.18827968835830688
702,110.74999418599998,1.299877405166626,0.8304612040519714,0.05379626527428627,0.18755130469799042
703,110.91270318399995,1.2309367656707764,0.7636814117431641,0.05373469367623329,0.18668721616268158
704,111.07562378199998,1.287405014038086,0.8223484754562378,0.053678255528211594,0.18580786883831024
705,111.23854021700004,1.2287869453430176,0.7656225562095642,0.05362628772854805,0.18505127727985382
706,111.40027972600001,1.2383513450622559,0.7772443294525146,0.053572505712509155,0.18422852456569672
707,111.56356095199999,1.233551263809204,0.7747329473495483,0.0535166934132576,0.183313250541687
708,111.72836688999996,1.2545545101165771,0.7983360290527344,0.053460825234651566,0.18227355182170868
709,111.890882046,1.2737011909484863,0.8206251859664917,0.053399428725242615,0.18101678788661957
710,112.05417060900004,1.2379257678985596,0.7886357307434082,0.05332494154572487,0.17950275540351868
711,112.21598786499999,1.2627147436141968,0.8162751197814941,0.0532519668340683,0.17836284637451172
712,112.37790667499996,1.2236994504928589,0.7788035273551941,0.05319909751415253,0.17774559557437897
713,112.53982849800002,1.167356252670288,0.7236385941505432,0.05315469577908516,0.1772744208574295
714,112.70126543499998,1.2488020658493042,0.806190013885498,0.053118348121643066,0.17683234810829163
715,112.86376851700004,1.230400562286377,0.789081871509552,0.05308639258146286,0.17631512880325317
716,113.02577017099998,1.2296757698059082,0.7902626991271973,0.053049810230731964,0.17555300891399384
717,113.18763099,1.2107031345367432,0.773781955242157,0.05300368368625641,0.1745564490556717
718,113.34941496299996,1.2507481575012207,0.8164018392562866,0.0529511496424675,0.17352670431137085
719,113.51130420599998,1.2467007637023926,0.8145735263824463,0.0529075488448143,0.17263929545879364
720,113.67305081799998,1.1934738159179688,0.763260006904602,0.05287070572376251,0.1718740314245224
721,113.83535447199995,1.2282748222351074,0.7995278239250183,0.05283477157354355,0.17128749191761017
722,113.99729589799995,1.1363857984542847,0.7081406116485596,0.05281473323702812,0.17108680307865143
723,114.159491763,1.2317382097244263,0.8000556230545044,0.052830107510089874,0.17246171832084656
724,114.32188534600004,1.2746193408966064,0.8358590602874756,0.0529249832034111,0.17529240250587463
725,114.48353088600004,1.2405633926391602,0.7937583923339844,0.0530511848628521,0.17850980162620544
726,114.64541489500004,1.2172858715057373,0.762559175491333,0.053196411579847336,0.1816778928041458
727,114.80740990499999,1.1688220500946045,0.7067792415618896,0.053346507251262665,0.1846037358045578
728,114.96954411299998,1.268458366394043,0.7997584342956543,0.053498562425374985,0.18726596236228943
729,115.13145745199995,1.263621211051941,0.7886427044868469,0.05364729464054108,0.18977679312229156
730,115.293606888,1.3015772104263306,0.8203546404838562,0.05380313843488693,0.1922737956047058
731,115.45437858900004,1.317060947418213,0.8302367329597473,0.05395911633968353,0.19451382756233215
732,115.61595918900002,1.2069571018218994,0.7159023880958557,0.05409657955169678,0.1962054818868637
733,115.77756267999996,1.3012269735336304,0.8069207668304443,0.05422372743487358,0.19750557839870453
734,115.938966284,1.2521661520004272,0.755551815032959,0.054330360144376755,0.19842840731143951
735,116.10080176199995,1.2608213424682617,0.7589185237884521,0.05447223782539368,0.20054326951503754
736,116.262552293,1.3534905910491943,0.8426166772842407,0.05468689277768135,0.2041308432817459
737,116.42371090699999,1.355940580368042,0.8351058959960938,0.05494540557265282,0.20811410248279572
738,116.586429275,1.3549432754516602,0.8245522975921631,0.05520438030362129,0.21193556487560272
739,116.751057436,1.3364529609680176,0.7974598407745361,0.05546269193291664,0.2153754085302353
740,116.91304979400002,1.3483984470367432,0.8022205829620361,0.055706437677145004,0.21824835240840912
741,117.09305896000001,1.2808938026428223,0.7294629812240601,0.055921439081430435,0.22034864127635956
742,117.25606779300006,1.4008982181549072,0.8456437587738037,0.056103017181158066,0.22187739610671997
743,117.41635324799995,1.3906364440917969,0.8329108953475952,0.05625641718506813,0.22286520898342133
744,117.57737991800002,1.3816863298416138,0.823071300983429,0.05636654421687126,0.22322052717208862
745,117.73942169899999,1.3451018333435059,0.7865957021713257,0.056457601487636566,0.22317662835121155
746,117.89926451899998,1.2901861667633057,0.7325015068054199,0.05652641877532005,0.22284777462482452
747,118.06144637199998,1.3404593467712402,0.7827361822128296,0.05659789592027664,0.2228628545999527
748,118.22269639499996,1.2874853610992432,0.728415846824646,0.05668310075998306,0.22340106964111328
749,118.38372668199997,1.379186987876892,0.8183432817459106,0.05676800757646561,0.224110409617424
750,118.54466404300001,1.4166157245635986,0.8530726432800293,0.056862447410821915,0.22518977522850037
751,118.70589273600001,1.4306905269622803,0.8639606833457947,0.05697103962302208,0.22646409273147583
752,118.86719897,1.322004795074463,0.7522687911987305,0.05708470195531845,0.22766609489917755
753,119.02877590900005,1.3735907077789307,0.8013224005699158,0.057202182710170746,0.22867849469184875
754,119.188958018,1.389504075050354,0.815708339214325,0.05730244517326355,0.22928906977176666
755,119.34965255199995,1.4317305088043213,0.8576095700263977,0.057370103895664215,0.22941887378692627
756,119.51079639500006,1.3806685209274292,0.8075670003890991,0.05740129575133324,0.22901099920272827
757,119.67167884800006,1.3710517883300781,0.8003350496292114,0.05739622935652733,0.2280571311712265
758,119.831074511,1.3430652618408203,0.7760474681854248,0.05735835060477257,0.22657768428325653
759,119.99036934599997,1.3116869926452637,0.7491012811660767,0.05729963257908821,0.2248050719499588
760,120.15069922600003,1.3641138076782227,0.8063240051269531,0.057231366634368896,0.22288699448108673
761,120.31114522400003,1.3798177242279053,0.8273500204086304,0.05715102702379227,0.22075848281383514
762,120.47208766799997,1.2762024402618408,0.7296878099441528,0.05704878643155098,0.21837769448757172
763,120.63145679599995,1.3899321556091309,0.8495832085609436,0.05692847818136215,0.215911865234375
764,120.791625727,1.3930916786193848,0.8591586351394653,0.056796614080667496,0.21334604918956757
765,120.952313204,1.277825117111206,0.7509709596633911,0.05664884299039841,0.2105150669813156
766,121.11306669999999,1.2751342058181763,0.7557270526885986,0.05649317055940628,0.20753689110279083
767,121.27346769300004,1.291024088859558,0.7789819836616516,0.056326404213905334,0.2045915275812149
768,121.43401537399996,1.271543264389038,0.7667526006698608,0.05615736544132233,0.2016916424036026
769,121.59281764699995,1.3502936363220215,0.8505936861038208,0.05601948872208595,0.1996559053659439
770,121.751343335,1.3336982727050781,0.8368494510650635,0.05591585114598274,0.1985158920288086
771,121.91146183199999,1.3268461227416992,0.8319121599197388,0.05585084483027458,0.19775016605854034
772,122.07098569200002,1.261986255645752,0.7688487768173218,0.05579761415719986,0.19703182578086853
773,122.23006670300003,1.3501155376434326,0.8591701984405518,0.05575065687298775,0.1961551308631897
774,122.39039202100003,1.2175004482269287,0.7293883562088013,0.05569170042872429,0.19502203166484833
775,122.55126864900001,1.320944905281067,0.8364979028701782,0.05561622604727745,0.19355632364749908
776,122.71209428300006,1.259465217590332,0.779390275478363,0.055532343685626984,0.1918078362941742
777,122.87184378699999,1.3003860712051392,0.8251346945762634,0.055443041026592255,0.18987877666950226
778,123.03116034300001,1.2581431865692139,0.7881221771240234,0.055339470505714417,0.1877870261669159
779,123.190245302,1.2944858074188232,0.8301057815551758,0.055221788585186005,0.1855311393737793
780,123.34887328599996,1.227821707725525,0.7694767117500305,0.05508992075920105,0.18311764299869537
781,123.50914573800003,1.209623098373413,0.7576664686203003,0.05495065078139305,0.18056288361549377
782,123.66843087300003,1.224905014038086,0.7766520977020264,0.05483055114746094,0.17908185720443726
783,123.82853025500003,1.2902960777282715,0.8427653908729553,0.05475287884473801,0.178793266415596
784,123.98843833299998,1.2364057302474976,0.7886614799499512,0.054701924324035645,0.17887890338897705
785,124.14881420699999,1.213242530822754,0.7652689814567566,0.05467015877366066,0.17897072434425354
786,124.30676036600005,1.2274999618530273,0.7797240614891052,0.05465330928564072,0.17889177799224854
787,124.46472198900005,1.1767292022705078,0.7295859456062317,0.054629694670438766,0.17863881587982178
788,124.62354198000003,1.2141464948654175,0.7674995064735413,0.05461205542087555,0.17844036221504211
789,124.78257874799999,1.2518795728683472,0.8049064874649048,0.054609641432762146,0.17857080698013306
790,124.94154516200001,1.316727638244629,0.8691245317459106,0.05460772290825844,0.1788228303194046
791,125.10102812900004,1.2894079685211182,0.8418684005737305,0.05460319668054581,0.1787973940372467
792,125.25909804100002,1.2510120868682861,0.8045856952667236,0.05459309741854668,0.17835219204425812
793,125.41701057299997,1.1613438129425049,0.7172046899795532,0.05456668511033058,0.17743735015392303
794,125.57705444400005,1.2409958839416504,0.7997022867202759,0.05453313887119293,0.1762993037700653
795,125.73603708200005,1.3105372190475464,0.8722113966941833,0.05448563024401665,0.17511238157749176
796,125.89498023199997,1.2198455333709717,0.784699559211731,0.05442638322710991,0.1738406866788864
797,126.05401080399997,1.222271203994751,0.790931224822998,0.054353855550289154,0.17231860756874084
798,126.21238602699998,1.1690539121627808,0.741615891456604,0.054278552532196045,0.17075809836387634
799,126.37106927000002,1.2599793672561646,0.8364734053611755,0.0542018860578537,0.1691855639219284
800,126.52906876600002,1.1922352313995361,0.773076057434082,0.05411139130592346,0.1674472540616989
801,126.70452331700005,1.2079824209213257,0.7937595248222351,0.054011885076761246,0.1654731035232544
802,126.86309158300003,1.1678260564804077,0.7585010528564453,0.05390557274222374,0.1635143756866455
803,127.02139860299997,1.1743035316467285,0.7695581912994385,0.0537995807826519,0.16168294847011566
804,127.17913378000003,1.230992317199707,0.8301403522491455,0.053699593991041183,0.1601259857416153
805,127.33724850800002,1.1594319343566895,0.7618795037269592,0.05360500514507294,0.15880656242370605
806,127.49674578300005,1.1844093799591064,0.7901568412780762,0.05351332202553749,0.1574869453907013
807,127.65559727000004,1.1775248050689697,0.7865146994590759,0.053422313183546066,0.15619036555290222
808,127.81512999699999,1.1871174573898315,0.7988455295562744,0.05333278328180313,0.1550954282283783
809,127.97302744299998,1.1428420543670654,0.7570644617080688,0.05325555428862572,0.1540980041027069
810,128.13157594400002,1.1012983322143555,0.7175346612930298,0.053185634315013885,0.1532927304506302
811,128.28981561600006,1.1917064189910889,0.8091043829917908,0.05313411355018616,0.15282826125621796
812,128.44935439300002,1.172977328300476,0.7908788919448853,0.053095538169145584,0.15262699127197266
813,128.601790799,1.2229571342468262,0.8412065505981445,0.0530657023191452,0.15248796343803406
814,128.759532959,1.2102539539337158,0.8293399810791016,0.0530342161655426,0.15215344727039337
815,128.91812105500003,1.1538279056549072,0.7733173370361328,0.05301547795534134,0.15199215710163116
816,129.076331578,1.1360423564910889,0.7554155588150024,0.05301012471318245,0.15203869342803955
817,129.23505767999995,1.1949043273925781,0.8141440153121948,0.05300668254494667,0.1520921289920807
818,129.39310639099995,1.120177149772644,0.7397147417068481,0.052998319268226624,0.1519729644060135
819,129.551300514,1.0906710624694824,0.7109094858169556,0.052969858050346375,0.15169276297092438
820,129.708290303,1.1420223712921143,0.7632615566253662,0.052938446402549744,0.1512925624847412
821,129.865679945,1.2310843467712402,0.8532279133796692,0.052917659282684326,0.15093092620372772
822,130.02321556799996,1.1391555070877075,0.7622637748718262,0.052895501255989075,0.15054510533809662
823,130.18264095100005,1.1818602085113525,0.8060444593429565,0.05287271365523338,0.15011478960514069
824,130.33880324200004,1.1232041120529175,0.7487888336181641,0.05284406989812851,0.14955474436283112
825,130.49779516399997,1.1683788299560547,0.7956786155700684,0.052809473127126694,0.14886882901191711
826,130.65547324700003,1.2004276514053345,0.8296977877616882,0.05276871845126152,0.14808087050914764
827,130.81443540299995,1.2203648090362549,0.8518708348274231,0.052721165120601654,0.14718671143054962
828,130.972585633,1.1406282186508179,0.7748600244522095,0.052668310701847076,0.1460966020822525
829,131.13045919299998,1.0655237436294556,0.7005146145820618,0.05263317748904228,0.1457931399345398
830,131.28821982700003,1.1902763843536377,0.822873592376709,0.052634287625551224,0.1467505544424057
831,131.44691566699998,1.2170677185058594,0.8458154201507568,0.05267365276813507,0.1482902467250824
832,131.60501681899996,1.1668472290039062,0.7919483780860901,0.05271707475185394,0.14974871277809143
833,131.76390210700004,1.1833581924438477,0.8058024644851685,0.05275670439004898,0.15081128478050232
834,131.92118346799998,1.217373251914978,0.8383162021636963,0.05278066173195839,0.15141171216964722
835,132.07813956999996,1.1552857160568237,0.7758867144584656,0.052789971232414246,0.15154844522476196
836,132.23689252400004,1.1429542303085327,0.7640252113342285,0.05279397964477539,0.1513604372739792
837,132.39577063299998,1.1460806131362915,0.7679438591003418,0.052793119102716446,0.15104351937770844
838,132.55451896099999,1.154486894607544,0.777577817440033,0.052780233323574066,0.15055254101753235
839,132.71236995000004,1.1625452041625977,0.7873150110244751,0.05275611951947212,0.1498810350894928
840,132.87004048899996,1.0926601886749268,0.7196425199508667,0.052721451967954636,0.14899617433547974
841,133.026977815,1.1825155019760132,0.8112446069717407,0.05269503965973854,0.14829756319522858
842,133.18593441999997,1.1832470893859863,0.8129315972328186,0.0526653528213501,0.14791551232337952
843,133.34271795899997,1.2014203071594238,0.8319790959358215,0.052641499787569046,0.14756590127944946
844,133.49832915399998,1.1688814163208008,0.8006949424743652,0.05260905623435974,0.14706414937973022
845,133.65524343699997,1.0838124752044678,0.7173778414726257,0.05256666988134384,0.14636358618736267
846,133.81344255500005,1.1542457342147827,0.7901201844215393,0.05251510441303253,0.14544016122817993
847,133.97022389699998,1.162604570388794,0.7987059354782104,0.05248336121439934,0.14534950256347656
848,134.12659215500003,1.207100510597229,0.8389958143234253,0.05251134932041168,0.14703182876110077
849,134.28379799200002,1.126814842224121,0.7519352436065674,0.05259031429886818,0.14974145591259003
850,134.44244396199997,1.0888671875,0.7067147493362427,0.05270032584667206,0.1526501476764679
851,134.600147537,1.2203166484832764,0.8313097357749939,0.052823007106781006,0.15539146959781647
852,134.75686984900005,1.2369886636734009,0.8417081832885742,0.05294506624341011,0.1579003930091858
853,134.91472033000002,1.2433152198791504,0.8426234722137451,0.05306669697165489,0.1600644439458847
854,135.071693212,1.2020196914672852,0.7972792387008667,0.05317337065935135,0.16168348491191864
855,135.229657428,1.1664111614227295,0.7590489387512207,0.05325917899608612,0.16273187100887299
856,135.38589596300005,1.148725152015686,0.7394535541534424,0.05332828313112259,0.16349533200263977
857,135.54245444499998,1.1762580871582031,0.765408992767334,0.053382232785224915,0.16412608325481415
858,135.69968020600004,1.1866133213043213,0.7746257781982422,0.053423427045345306,0.16458134353160858
859,135.85732137399998,1.2018322944641113,0.7891271710395813,0.05345330387353897,0.16486825048923492
860,136.01351313400005,1.2465938329696655,0.8335506319999695,0.053468625992536545,0.16500338912010193
861,136.17088092799997,1.1569498777389526,0.7442059516906738,0.05347203463315964,0.16488367319107056
862,136.327724095,1.2116458415985107,0.7999502420425415,0.05346869304776192,0.16446435451507568
863,136.48378799199998,1.28292977809906,0.8724349737167358,0.053455058485269547,0.16398411989212036
864,136.64157877499997,1.2127436399459839,0.8036195635795593,0.053438957780599594,0.16343587636947632
865,136.798817729,1.2103073596954346,0.8030025959014893,0.05342033505439758,0.16270823776721954
866,136.95568823099995,1.1920353174209595,0.78526771068573,0.053406424820423126,0.16249340772628784
867,137.11349979500005,1.2019963264465332,0.7934465408325195,0.05342809483408928,0.16320618987083435
868,137.269755219,1.267042636871338,0.8549982309341431,0.053480200469493866,0.1646038442850113
869,137.42634270400004,1.2016987800598145,0.7858408093452454,0.05354515463113785,0.166129007935524
870,137.58404568799995,1.2208799123764038,0.8019424676895142,0.05360666289925575,0.16736052930355072
871,137.741244767,1.1912152767181396,0.7701070308685303,0.05366072803735733,0.16822867095470428
872,137.90059251699995,1.1965125799179077,0.7739449143409729,0.0537092499434948,0.16881221532821655
873,138.05862281099996,1.1796948909759521,0.7559833526611328,0.05375351384282112,0.1692696213722229
874,138.21490286000005,1.2781429290771484,0.852412223815918,0.05380099266767502,0.1700771152973175
875,138.37191435399995,1.2123606204986572,0.7840683460235596,0.05385928228497505,0.17110149562358856
876,138.530447526,1.1100420951843262,0.6792821288108826,0.05392102152109146,0.17208832502365112
877,138.68688388199996,1.1811511516571045,0.7480987310409546,0.05397643893957138,0.17300502955913544
878,138.84402335899995,1.2139173746109009,0.7791708707809448,0.05402552708983421,0.17368249595165253
879,139.00152813199998,1.2253365516662598,0.7898614406585693,0.05406174063682556,0.17397381365299225
880,139.15892959999996,1.2245389223098755,0.789280891418457,0.05409280210733414,0.17388683557510376
881,139.315532071,1.197320580482483,0.7633296251296997,0.05410567671060562,0.17337995767593384
882,139.47189464200005,1.2054920196533203,0.7735913991928101,0.05410239100456238,0.17254383862018585
883,139.62757799899998,1.1716623306274414,0.7425538301467896,0.054073870182037354,0.17142713069915771
884,139.78383993299997,1.2219517230987549,0.7964893579483032,0.05402408540248871,0.1699688583612442
885,139.93926462699994,1.2735902070999146,0.8526836633682251,0.05395340546965599,0.1681467890739441
886,140.096570734,1.1303668022155762,0.7148246765136719,0.053866058588027954,0.16600140929222107
887,140.254588516,1.2557709217071533,0.8427393436431885,0.05380714684724808,0.164997398853302
888,140.411663664,1.1574426889419556,0.7436119318008423,0.05379609391093254,0.1653171330690384
889,140.56932586599999,1.1101720333099365,0.6945505738258362,0.05380833148956299,0.1660333275794983
890,140.72605689299996,1.1806672811508179,0.7630629539489746,0.05383306369185448,0.16682639718055725
891,140.88405717600006,1.2027934789657593,0.7835345268249512,0.05386362969875336,0.16748812794685364
892,141.041422045,1.2858647108078003,0.8653818368911743,0.0538925938308239,0.16797755658626556
893,141.19729469699996,1.296926736831665,0.8754780292510986,0.053919460624456406,0.16836382448673248
894,141.35366779100002,1.2309083938598633,0.8089717626571655,0.05393639951944351,0.16855891048908234
895,141.51022918900003,1.1911869049072266,0.7694956660270691,0.0539412721991539,0.16846071183681488
896,141.66685856699996,1.2160723209381104,0.7915957570075989,0.05398868769407272,0.16957464814186096
897,141.82246704600004,1.2765109539031982,0.8460558652877808,0.05410430207848549,0.17196562886238098
898,141.98007820500004,1.1384934186935425,0.7018025517463684,0.05424097180366516,0.17445939779281616
899,142.13750160400002,1.1633200645446777,0.7204701900482178,0.054385848343372345,0.17692239582538605
900,142.29495571999996,1.2391786575317383,0.7890844345092773,0.054556600749492645,0.17981946468353271
901,142.47172648699996,1.19217848777771,0.7342415452003479,0.05474304407835007,0.182955801486969
902,142.62855740700002,1.2768326997756958,0.8114110231399536,0.054933659732341766,0.1859489381313324
903,142.78583853099997,1.2697714567184448,0.7977292537689209,0.055124636739492416,0.18859638273715973
904,142.94203399399998,1.2774460315704346,0.7997558116912842,0.05529855936765671,0.19085487723350525
905,143.09959386499997,1.2271111011505127,0.7449451684951782,0.055449217557907104,0.19264458119869232
906,143.25690593700006,1.2891111373901367,0.8037334680557251,0.055576860904693604,0.1939287632703781
907,143.41386367999996,1.228877305984497,0.7415265440940857,0.05568411573767662,0.19471758604049683
908,143.570768036,1.3242428302764893,0.8361392021179199,0.05576428771018982,0.19501839578151703
909,143.72685782099995,1.2894611358642578,0.8019616603851318,0.05581357702612877,0.1947765052318573
910,143.88482023799997,1.278151035308838,0.7925904989242554,0.05583713948726654,0.19400085508823395
911,144.04336532699995,1.3222979307174683,0.8379529714584351,0.05585409700870514,0.19351455569267273
912,144.20027467199998,1.1820329427719116,0.6975384950637817,0.05587562546133995,0.19357429444789886
913,144.35766268199995,1.2221463918685913,0.7372291684150696,0.055899668484926224,0.19374330341815948
914,144.51429359400004,1.257686972618103,0.7703137993812561,0.05596190690994263,0.1947254240512848
915,144.671298385,1.2480521202087402,0.7561466693878174,0.05605386942625046,0.19653797149658203
916,144.828053489,1.3029179573059082,0.8062167167663574,0.0561661534011364,0.198455810546875
917,144.98317621299998,1.3240149021148682,0.8225586414337158,0.056290656328201294,0.2003573179244995
918,145.14067969200005,1.3580141067504883,0.8518466949462891,0.05642290785908699,0.20224128663539886
919,145.29745632699996,1.3189210891723633,0.8087199926376343,0.05655158683657646,0.2038542479276657
920,145.45435286300005,1.1845109462738037,0.6715564727783203,0.05666107311844826,0.20495517551898956
921,145.61116955399996,1.301584005355835,0.7869935035705566,0.05674927681684494,0.20560920238494873
922,145.76838735399997,1.319151520729065,0.8033322095870972,0.05683659389615059,0.20610037446022034
923,145.92614375200003,1.318904161453247,0.8024533987045288,0.05690640211105347,0.20635266602039337
924,146.08338355299998,1.3164255619049072,0.8005067110061646,0.05694976821541786,0.20613975822925568
925,146.240244921,1.3497333526611328,0.8352723121643066,0.05697827786207199,0.20555651187896729
926,146.396942727,1.215013027191162,0.7028504610061646,0.05698264017701149,0.2046370953321457
927,146.55478509500006,1.3191142082214355,0.8100951910018921,0.056962933391332626,0.2033797651529312
928,146.71250481799996,1.1939818859100342,0.688843846321106,0.05692153424024582,0.2018275111913681
929,146.86827680299996,1.2641034126281738,0.7627302408218384,0.05687050148844719,0.20032179355621338
930,147.025457468,1.28668212890625,0.7875823974609375,0.05684463679790497,0.199412539601326
931,147.18276782500004,1.2936350107192993,0.7956922054290771,0.05683678388595581,0.19894976913928986
932,147.339439116,1.2215254306793213,0.7248040437698364,0.05682635307312012,0.19846121966838837
933,147.49625521200005,1.2314574718475342,0.736499547958374,0.05680304393172264,0.19775594770908356
934,147.65348439800005,1.2825770378112793,0.789755642414093,0.056774262338876724,0.19690144062042236
935,147.81170869699997,1.2755162715911865,0.7850191593170166,0.05674312636256218,0.19597186148166656
936,147.969308436,1.2419981956481934,0.7542202472686768,0.056702062487602234,0.19488437473773956
937,148.12495662000003,1.1931509971618652,0.7083460092544556,0.05665520578622818,0.19369536638259888
938,148.28197307999994,1.3351993560791016,0.8531328439712524,0.05660228431224823,0.19260017573833466
939,148.440358673,1.3388125896453857,0.8595353960990906,0.05654264613986015,0.19148468971252441
940,148.59687350299998,1.1796493530273438,0.7038043141365051,0.056468699127435684,0.1901121437549591
941,148.75284772999998,1.3347231149673462,0.8625944256782532,0.05638705939054489,0.18862591683864594
942,148.91093081199995,1.3358041048049927,0.8676817417144775,0.05629868432879448,0.18702377378940582
943,149.06891079399998,1.2591279745101929,0.7954413890838623,0.05619973689317703,0.18524982035160065
944,149.22593369499998,1.1558003425598145,0.6969919204711914,0.05609233304858208,0.1832990199327469
945,149.38322629699996,1.2621850967407227,0.8079560995101929,0.05599065497517586,0.18146765232086182
946,149.53966296299996,1.2087262868881226,0.7588431239128113,0.055890776216983795,0.17972970008850098
947,149.69648910299998,1.1829897165298462,0.7349721193313599,0.05582531914114952,0.17898373305797577
948,149.85505503499996,1.2002549171447754,0.7505084276199341,0.055821459740400314,0.17967531085014343
949,150.01292905699995,1.2177608013153076,0.7638417482376099,0.05586283281445503,0.1813441812992096
950,150.16880674900005,1.2828004360198975,0.8232570886611938,0.0559590719640255,0.1835934817790985
951,150.325981888,1.27351975440979,0.8078112602233887,0.05607515200972557,0.1860591024160385
952,150.48267485400004,1.274778962135315,0.8034247159957886,0.056197211146354675,0.1883169263601303
953,150.63825775600003,1.2645633220672607,0.7887000441551208,0.056312195956707,0.19012005627155304
954,150.79632597399996,1.2558566331863403,0.7768035531044006,0.05641156807541847,0.1913955956697464
955,150.95315276400004,1.255613088607788,0.7748463749885559,0.0564875453710556,0.19208072125911713
956,151.11224942599995,1.185988187789917,0.7050888538360596,0.05653451383113861,0.19213362038135529
957,151.26917971399996,1.3155773878097534,0.8338942527770996,0.05657727271318436,0.19244693219661713
958,151.425502875,1.2660409212112427,0.7824174165725708,0.05663364380598068,0.19322285056114197
959,151.58350421199998,1.2223109006881714,0.7367925047874451,0.05669288709759712,0.1939806044101715
960,151.741000805,1.271419882774353,0.7835579514503479,0.056761495769023895,0.1949177235364914
961,151.897684616,1.278477668762207,0.7880913019180298,0.05682758986949921,0.19592726230621338
962,152.05400169300003,1.4069656133651733,0.9147391319274902,0.05688507854938507,0.196663036942482
963,152.211584689,1.3599424362182617,0.8670161962509155,0.05692744255065918,0.1969427913427353
964,152.36930907199996,1.2892403602600098,0.7970287799835205,0.05694667622447014,0.19665685296058655
965,152.52710271900003,1.3104335069656372,0.8204149007797241,0.05693906545639038,0.1957796812057495
966,152.683625236,1.3050901889801025,0.8182096481323242,0.05690193921327591,0.19452457129955292
967,152.84160142200005,1.3157111406326294,0.8326520919799805,0.05683973431587219,0.19299626350402832
968,152.999051453,1.2628214359283447,0.7844040393829346,0.05675407126545906,0.19113993644714355
969,153.156186898,1.292917013168335,0.8199901580810547,0.056653160601854324,0.18894413113594055
970,153.31266018199995,1.2419413328170776,0.7753508687019348,0.0565313957631588,0.186410054564476
971,153.47019605699995,1.1204066276550293,0.660246729850769,0.056391868740320206,0.18383841216564178
972,153.62760590200003,1.206321358680725,0.7516967058181763,0.05625408887863159,0.18162482976913452
973,153.785038612,1.2500661611557007,0.7994678616523743,0.056130941957235336,0.18001478910446167
974,153.94219330099997,1.3228974342346191,0.8749713897705078,0.056027770042419434,0.1789463311433792
975,154.0991662,1.2622137069702148,0.8165194392204285,0.05593714490532875,0.17805396020412445
976,154.25672867000003,1.2599114179611206,0.8165483474731445,0.055857911705970764,0.1771218180656433
977,154.414565121,1.2681543827056885,0.8274755477905273,0.05577746778726578,0.17604844272136688
978,154.57212664300005,1.1924022436141968,0.755114734172821,0.05568598210811615,0.17469224333763123
979,154.72888946900002,1.2351425886154175,0.8010304570198059,0.05559021607041359,0.17342250049114227
980,154.88702633000003,1.1882686614990234,0.7568453550338745,0.05550139769911766,0.17234733700752258
981,155.044946623,1.1675078868865967,0.7383316159248352,0.055426374077796936,0.17144881188869476
982,155.20240083399995,1.1426085233688354,0.7144455313682556,0.0553814098238945,0.17104369401931763
983,155.35835303399995,1.1864736080169678,0.7581924200057983,0.055354367941617966,0.17109104990959167
984,155.51530861100002,1.17080557346344,0.742093026638031,0.05533001944422722,0.1712636798620224
985,155.67463684999996,1.2130318880081177,0.7833494544029236,0.055317457765340805,0.1716517060995102
986,155.833233328,1.2528271675109863,0.8215779662132263,0.055320724844932556,0.17227841913700104
987,155.99090487399997,1.1954433917999268,0.7604688405990601,0.0553647018969059,0.17376834154129028
988,156.14826669599995,1.2219324111938477,0.7813495993614197,0.055453650653362274,0.17601127922534943
989,156.30669366300003,1.1772083044052124,0.7309078574180603,0.055552151054143906,0.1782979816198349
990,156.46577951300003,1.1939290761947632,0.7417850494384766,0.055678196251392365,0.18063491582870483
991,156.62487413099996,1.2045068740844727,0.7466121912002563,0.055813539773225784,0.18293462693691254
992,156.78252674700002,1.2371001243591309,0.7719967365264893,0.055968571454286575,0.18581750988960266
993,156.93939810100005,1.2214045524597168,0.7473424077033997,0.056162361055612564,0.18940024077892303
994,157.09724163600004,1.272712230682373,0.789675772190094,0.056376874446868896,0.19298911094665527
995,157.255454053,1.2898821830749512,0.7989500761032104,0.05658954381942749,0.19614645838737488
996,157.413139377,1.3257708549499512,0.8285069465637207,0.05678107589483261,0.19867844879627228
997,157.57030820700004,1.256352186203003,0.7547422647476196,0.05694090574979782,0.2004161924123764
998,157.72837563999997,1.3131937980651855,0.8086806535720825,0.05708220601081848,0.20157691836357117
999,157.88576820599997,1.2879207134246826,0.7813533544540405,0.057207487523555756,0.20239810645580292
1000,158.044583912,1.2957227230072021,0.788268506526947,0.05729907751083374,0.202752485871315
1001,158.21794294100005,1.284384846687317,0.7773585319519043,0.057364899665117264,0.20258107781410217
1002,158.37586088900002,1.2567059993743896,0.7504244446754456,0.057412564754486084,0.20228295028209686
1003,158.53455423699995,1.3417426347732544,0.8341126441955566,0.05748410522937775,0.20282207429409027
1004,158.69171073300004,1.297805905342102,0.7871925830841064,0.057572830468416214,0.20401504635810852
1005,158.84846797800003,1.2449278831481934,0.7314001321792603,0.05765804275870323,0.20518045127391815
1006,159.00702556099998,1.2617156505584717,0.7460595965385437,0.057730648666620255,0.20603150129318237
1007,159.165105413,1.379457712173462,0.8605520725250244,0.05783359333872795,0.20733089745044708
1008,159.322675388,1.3073906898498535,0.7827944755554199,0.057974573224782944,0.20960654318332672
1009,159.48051030399995,1.2859365940093994,0.754500150680542,0.058137889951467514,0.2123420238494873
1010,159.637796976,1.277979850769043,0.7399236559867859,0.05830339342355728,0.2149892896413803
1011,159.79551414499997,1.2494900226593018,0.7052832841873169,0.05848285183310509,0.21744875609874725
1012,159.95413779499995,1.356139898300171,0.8044062852859497,0.05869030952453613,0.22045867145061493
1013,160.11179194800002,1.3217504024505615,0.7611180543899536,0.05894160270690918,0.2240171581506729
1014,160.26963897099995,1.3951702117919922,0.8262057304382324,0.05919698253273964,0.22734902799129486
1015,160.42830176200005,1.384558916091919,0.8087320327758789,0.05943746492266655,0.23009301722049713
1016,160.586539947,1.4021496772766113,0.8213249444961548,0.059646472334861755,0.2320912927389145
1017,160.74454646699996,1.3773751258850098,0.7933393120765686,0.05981896072626114,0.23337507247924805
1018,160.90206304499998,1.3405762910842896,0.7550928592681885,0.05995302274823189,0.2339535653591156
1019,161.05923353000003,1.4511463642120361,0.865864098072052,0.06004326045513153,0.23387274146080017
1020,161.21793795200006,1.313720464706421,0.7302272319793701,0.06009114533662796,0.23315688967704773
1021,161.37719990699998,1.341296911239624,0.761021077632904,0.060097064822912216,0.23186993598937988
1022,161.53574181399995,1.4255789518356323,0.8497518301010132,0.06006207317113876,0.23009060323238373
1023,161.69444736000003,1.2984106540679932,0.7277852296829224,0.060001447796821594,0.2280101329088211
1024,161.85220278300005,1.3531473875045776,0.7883347868919373,0.05991259217262268,0.22568538784980774
1025,162.00936521100004,1.2744475603103638,0.7161169052124023,0.05979796499013901,0.22309309244155884
1026,162.16803482800003,1.284234881401062,0.7328091859817505,0.05967268347740173,0.2203315943479538
1027,162.325734592,1.3538265228271484,0.8091859817504883,0.05953307822346687,0.21761807799339294
1028,162.48423643599995,1.305124282836914,0.7670405507087708,0.059387169778347015,0.21499592065811157
1029,162.64179737200004,1.3337578773498535,0.8015537261962891,0.059236980974674225,0.21264472603797913
1030,162.80192559800003,1.2487527132034302,0.722057580947876,0.05909937620162964,0.21044166386127472
1031,162.96035205500004,1.3458058834075928,0.8245087265968323,0.058966513723134995,0.20828300714492798
1032,163.11905447900006,1.252429485321045,0.7366604804992676,0.05882792919874191,0.20607227087020874
1033,163.277148615,1.262598991394043,0.7522257566452026,0.058693017810583115,0.2039145529270172
1034,163.43462546399996,1.3821649551391602,0.8748776316642761,0.05857209861278534,0.20268060266971588
1035,163.59312396999997,1.3159685134887695,0.8095994591712952,0.05849572643637657,0.202313631772995
1036,163.75208710100003,1.2607178688049316,0.75473952293396,0.05844401568174362,0.20215757191181183
1037,163.91004370999997,1.287830114364624,0.7824133634567261,0.05840403959155083,0.20193304121494293
1038,164.06782609799995,1.2607977390289307,0.755852460861206,0.05838460847735405,0.20174457132816315
1039,164.22656783900004,1.310645580291748,0.8055968284606934,0.058390311896800995,0.20178592205047607
1040,164.38476403200002,1.2965188026428223,0.7912371754646301,0.058400627225637436,0.20187905430793762
1041,164.543043291,1.3722267150878906,0.867279589176178,0.05840852111577988,0.20174521207809448
1042,164.70229925800004,1.3149733543395996,0.8113036155700684,0.05840305984020233,0.20123432576656342
1043,164.86252918800005,1.22621750831604,0.7250581979751587,0.05837421864271164,0.20023024082183838
1044,165.0204718,1.3684360980987549,0.8706978559494019,0.058332521468400955,0.19886194169521332
1045,165.17862900700004,1.2128574848175049,0.719305157661438,0.05826848745346069,0.1971878707408905
1046,165.337857806,1.252822756767273,0.7637178897857666,0.05819170922040939,0.19540917873382568
1047,165.49579055100003,1.2758285999298096,0.7908976078033447,0.05811312422156334,0.19373995065689087
1048,165.65499222200003,1.3451013565063477,0.864180326461792,0.05803137645125389,0.1921362578868866
1049,165.815065526,1.299850583076477,0.8230140805244446,0.05794452130794525,0.1905028373003006
1050,165.973598573,1.255251169204712,0.7827440500259399,0.057853132486343384,0.18877145648002625
1051,166.13333159299998,1.2497190237045288,0.7819597125053406,0.05775166675448418,0.1868727207183838
1052,166.29153165900004,1.2904151678085327,0.8279783129692078,0.05763953924179077,0.184744194149971
1053,166.45183144199996,1.2051429748535156,0.7486858367919922,0.05751509219408035,0.18235279619693756
1054,166.611833509,1.1616889238357544,0.7115026712417603,0.057379014790058136,0.17984499037265778
1055,166.77237903800005,1.1838276386260986,0.739738941192627,0.057237476110458374,0.17740653455257416
1056,166.93269203700004,1.2557363510131836,0.8144375085830688,0.057114128023386,0.1762911081314087
1057,167.09208369600003,1.2002869844436646,0.7584669589996338,0.05704817548394203,0.17649982869625092
1058,167.25212092599998,1.206470251083374,0.7629373073577881,0.05703090876340866,0.1771850436925888
1059,167.41070285700005,1.241051197052002,0.7952260971069336,0.05704129859805107,0.17810185253620148
1060,167.56869640399998,1.2706756591796875,0.8223307132720947,0.05706746503710747,0.17910973727703094
1061,167.72713706800005,1.2167577743530273,0.76621413230896,0.05710448697209358,0.1799890100955963
1062,167.88748018299998,1.2558603286743164,0.803777277469635,0.057147618383169174,0.18060463666915894
1063,168.04884026000002,1.264662265777588,0.8118358254432678,0.0571812279522419,0.18090187013149261
1064,168.20858728400003,1.1440783739089966,0.691582977771759,0.05719239264726639,0.18076938390731812
1065,168.36829699700002,1.2269561290740967,0.7750158309936523,0.057195406407117844,0.1805473417043686
1066,168.5269416,1.1988033056259155,0.7471252679824829,0.057198312133550644,0.1804424226284027
1067,168.68576424399998,1.259491205215454,0.807931661605835,0.057196252048015594,0.18039505183696747
1068,168.84597538399998,1.2203384637832642,0.7691264748573303,0.057190731167793274,0.18025603890419006
1069,169.006112562,1.288853406906128,0.8384333848953247,0.05718063563108444,0.17993928492069244
1070,169.16566618399997,1.2759196758270264,0.8269885778427124,0.05716177448630333,0.1793438047170639
1071,169.32510685499994,1.2680418491363525,0.8213263154029846,0.05712839215993881,0.17845767736434937
1072,169.485203728,1.2780673503875732,0.8341629505157471,0.05708460509777069,0.17733344435691833
1073,169.64449104000005,1.2234301567077637,0.7825687527656555,0.057044900953769684,0.17611639201641083
1074,169.80414908800003,1.1495938301086426,0.7117458581924438,0.056994155049324036,0.174911230802536
1075,169.962502364,1.3119516372680664,0.8763339519500732,0.05696171149611473,0.1740192472934723
1076,170.122555359,1.1133240461349487,0.6793151497840881,0.056931134313344955,0.17337584495544434
1077,170.28160483199997,1.1444029808044434,0.7108873128890991,0.056908078491687775,0.17317862808704376
1078,170.44135191199996,1.216451644897461,0.7822153568267822,0.05689505860209465,0.17346692085266113
1079,170.60225411299996,1.1716389656066895,0.7366054654121399,0.056886814534664154,0.17378588020801544
1080,170.76191441900005,1.2069718837738037,0.7691189050674438,0.056920651346445084,0.17491351068019867
1081,170.92133918699994,1.2522649765014648,0.809164822101593,0.05700724944472313,0.17701205611228943
1082,171.08009175799998,1.2274577617645264,0.7786930203437805,0.05711398273706436,0.1792774498462677
1083,171.239151903,1.2102879285812378,0.7565218210220337,0.05722418054938316,0.1812775433063507
1084,171.39905966799995,1.2789263725280762,0.8213968276977539,0.05732366070151329,0.18278250098228455
1085,171.55946729000004,1.2594642639160156,0.799494743347168,0.05741220712661743,0.18375815451145172
1086,171.71893070399994,1.326035976409912,0.862931489944458,0.05750971660017967,0.18501175940036774
1087,171.87808198000005,1.2361094951629639,0.7690313458442688,0.057613104581832886,0.18660080432891846
1088,172.03758169699995,1.2795517444610596,0.80894535779953,0.05771204084157944,0.18801172077655792
1089,172.19654621100005,1.2548151016235352,0.7817440032958984,0.05779675021767616,0.18899723887443542
1090,172.355308412,1.2905851602554321,0.8160538673400879,0.05786728858947754,0.18958105146884918
1091,172.514572885,1.2331310510635376,0.758090078830719,0.05792244151234627,0.1897846907377243
1092,172.67511553999998,1.2802729606628418,0.8050797581672668,0.05797523632645607,0.18984538316726685
1093,172.83531391400004,1.3674777746200562,0.8922423124313354,0.05802065134048462,0.18986210227012634
1094,172.99577872500004,1.2148847579956055,0.7403002977371216,0.05805281177163124,0.1896015703678131
1095,173.15598885600002,1.2613316774368286,0.7870221734046936,0.05809656158089638,0.189491406083107
1096,173.31635634199995,1.3304312229156494,0.8558571934700012,0.05814296379685402,0.189597025513649
1097,173.47597792199997,1.2554816007614136,0.7810935378074646,0.05818036571145058,0.18952250480651855
1098,173.63568030199997,1.2394812107086182,0.765642523765564,0.058210767805576324,0.18930260837078094
1099,173.794357989,1.3106497526168823,0.8377063870429993,0.05822765454649925,0.18894444406032562
1100,173.95524162699996,1.3186304569244385,0.8460876941680908,0.05824914574623108,0.18878410756587982
1101,174.13133261400003,1.2394633293151855,0.7668297290802002,0.05827208608388901,0.18882036209106445
1102,174.29162053200002,1.214868426322937,0.7418681383132935,0.0583014190196991,0.18896692991256714
1103,174.45180910600004,1.2441935539245605,0.7709184885025024,0.05832916498184204,0.18907670676708221
1104,174.61147220400005,1.2557530403137207,0.7825108766555786,0.05834639444947243,0.18906348943710327
1105,174.77065842800005,1.3274528980255127,0.8521723747253418,0.05841947719454765,0.18987852334976196
1106,174.93049385400002,1.173633337020874,0.6942894458770752,0.05852559208869934,0.19150346517562866
1107,175.08974937799996,1.2390635013580322,0.7544236183166504,0.05866608768701553,0.19362130761146545
1108,175.249875396,1.360625982284546,0.8698596954345703,0.05882578343153,0.19607122242450714
1109,175.40988946200002,1.3372557163238525,0.8406074047088623,0.05898207798600197,0.19842340052127838
1110,175.56950108700005,1.196927785873413,0.6955481767654419,0.05912163853645325,0.20031532645225525
1111,175.730497151,1.2498176097869873,0.7448054552078247,0.059243928641080856,0.20176789164543152
1112,175.89051683800005,1.1924159526824951,0.6844183206558228,0.05934344604611397,0.20296166837215424
1113,176.05147977499996,1.274021863937378,0.7635128498077393,0.05943144112825394,0.20396585762500763
1114,176.21168617399996,1.2900326251983643,0.7778206467628479,0.0595061257481575,0.2046467512845993
1115,176.37213938399998,1.2989344596862793,0.7836050987243652,0.05959032103419304,0.2058933973312378
1116,176.53268116499999,1.3524402379989624,0.8321259021759033,0.059705693274736404,0.20788690447807312
1117,176.692307324,1.3181434869766235,0.7925896048545837,0.059836868196725845,0.20998221635818481
1118,176.85181392599998,1.3701132535934448,0.8400734663009644,0.059967707842588425,0.2117760330438614
1119,177.01086620499996,1.3077201843261719,0.7745414972305298,0.06008065864443779,0.2130311280488968
1120,177.170809673,1.2901268005371094,0.7553538084030151,0.06015651300549507,0.2136685699224472
1121,177.33211777400004,1.3107306957244873,0.7757409811019897,0.06019539013504982,0.21375511586666107
1122,177.492072204,1.359761357307434,0.8250056505203247,0.060224536806344986,0.21366137266159058
1123,177.65332443399996,1.342461109161377,0.8081007599830627,0.060249850153923035,0.2135031819343567
1124,177.81433861699998,1.3049144744873047,0.7716268301010132,0.060253776609897614,0.21307404339313507
1125,177.97509816599995,1.3620725870132446,0.8309021592140198,0.06023260951042175,0.2122272402048111
1126,178.13599590900003,1.2237727642059326,0.6958346366882324,0.06018512323498726,0.21093454957008362
1127,178.29706244700003,1.3676892518997192,0.8440878391265869,0.06011125445365906,0.20920011401176453
1128,178.45790867999995,1.2472691535949707,0.7290594577789307,0.060011886060237885,0.2070438116788864
1129,178.61797419599998,1.2621207237243652,0.7503722310066223,0.05988917872309685,0.20445986092090607
1130,178.77797167100005,1.255818486213684,0.7492464780807495,0.05978715047240257,0.2023896425962448
1131,178.93765086300004,1.2113277912139893,0.7076561450958252,0.0597163625061512,0.2012297660112381
1132,179.09770947899995,1.3006761074066162,0.7983853816986084,0.05966058373451233,0.20067763328552246
1133,179.25885820099995,1.2674884796142578,0.7655624151229858,0.05962258577346802,0.20053189992904663
1134,179.41941484300003,1.2400202751159668,0.7382721304893494,0.059591200202703476,0.20046085119247437
1135,179.58083460199998,1.2436730861663818,0.7415447235107422,0.0595838837325573,0.20061299204826355
1136,179.74222467799996,1.2646960020065308,0.7615154981613159,0.059588268399238586,0.2010338455438614
1137,179.90269784099996,1.2948434352874756,0.7904212474822998,0.05959532409906387,0.20153048634529114
1138,180.063448031,1.232376217842102,0.726970374584198,0.05959751084446907,0.20192395150661469
1139,180.224267554,1.3192859888076782,0.8110235333442688,0.05962030217051506,0.20306649804115295
1140,180.38554582799998,1.2821228504180908,0.768607497215271,0.059691186994314194,0.20516735315322876
1141,180.54732165899998,1.2728333473205566,0.7515740394592285,0.05981561914086342,0.20826449990272522
1142,180.70946036600003,1.298430323600769,0.7675291299819946,0.05998673290014267,0.21212053298950195
1143,180.87088069900005,1.255245327949524,0.714707612991333,0.06018746271729469,0.2159743309020996
1144,181.03178559499997,1.3800671100616455,0.8308066129684448,0.060401663184165955,0.21946261823177338
1145,181.19264252300002,1.434431552886963,0.8779027462005615,0.06061496585607529,0.2223690301179886
1146,181.35305916599998,1.3015360832214355,0.7396228909492493,0.06080455705523491,0.22452203929424286
1147,181.51449663300002,1.2898300886154175,0.724175751209259,0.060969170182943344,0.22601786255836487
1148,181.67491183699997,1.2999569177627563,0.7317911982536316,0.061094991862773895,0.22702190279960632
1149,181.835533145,1.309248447418213,0.7396444082260132,0.06119377911090851,0.22759683430194855
1150,181.99510287299995,1.42484712600708,0.8537991046905518,0.06129150837659836,0.22817406058311462
1151,182.155122474,1.3742594718933105,0.8019022941589355,0.061378784477710724,0.22869735956192017
1152,182.31573496500005,1.2907428741455078,0.7178521156311035,0.061449650675058365,0.22891047596931458
1153,182.47690056500005,1.362025260925293,0.789665937423706,0.06149476766586304,0.2286977469921112
1154,182.63739654300002,1.4112253189086914,0.8405798673629761,0.061514757573604584,0.22801212966442108
1155,182.79815799899995,1.385443091392517,0.8177974224090576,0.061502907425165176,0.22681227326393127
1156,182.95914722199996,1.3400994539260864,0.7765145301818848,0.06146171689033508,0.22518812119960785
1157,183.120007062,1.2861578464508057,0.727397084236145,0.061387356370687485,0.22325879335403442
1158,183.28105853399995,1.3088828325271606,0.7532344460487366,0.061336152255535126,0.22201402485370636
1159,183.44189014899996,1.3737704753875732,0.8190864324569702,0.06130792945623398,0.22162838280200958
1160,183.602334305,1.3642604351043701,0.8099690675735474,0.06129690259695053,0.22147132456302643
1161,183.76287055700004,1.3960400819778442,0.8424521684646606,0.061284881085157394,0.22119002044200897
1162,183.92308589799995,1.331242322921753,0.7791593074798584,0.06126219406723976,0.22058813273906708
1163,184.08367991,1.3521807193756104,0.8027011156082153,0.06121646240353584,0.21954701840877533
1164,184.24300599900005,1.325598120689392,0.7798841595649719,0.061147917062044144,0.21804100275039673
1165,184.40411237599994,1.3139492273330688,0.7731000185012817,0.061051830649375916,0.2160954773426056
1166,184.56535900699998,1.2817758321762085,0.7468762993812561,0.060928914695978165,0.21371610462665558
1167,184.72610206299998,1.3392384052276611,0.8111137747764587,0.060792114585638046,0.21100667119026184
1168,184.886963445,1.3053532838821411,0.7844560742378235,0.06064019352197647,0.2081163227558136
1169,185.04899767100005,1.3057000637054443,0.792248010635376,0.06047818809747696,0.20513886213302612
1170,185.20912440100005,1.2769527435302734,0.7679070234298706,0.060352619737386703,0.203376904129982
1171,185.369591645,1.3233428001403809,0.8156915903091431,0.06027742475271225,0.20281939208507538
1172,185.530592909,1.2927930355072021,0.7857090830802917,0.06023280322551727,0.20259268581867218
1173,185.69128476699996,1.1950421333312988,0.6883443593978882,0.06020933389663696,0.20243825018405914
1174,185.85251480399995,1.3470757007598877,0.840640664100647,0.06019508093595505,0.2023332417011261
1175,186.01356379599997,1.2566243410110474,0.7508126497268677,0.06017798185348511,0.20208397507667542
1176,186.17465961699997,1.3255290985107422,0.8207095265388489,0.06015663221478462,0.20168721675872803
1177,186.33563720200004,1.2246272563934326,0.7205699682235718,0.06014709919691086,0.20138229429721832
1178,186.49618755100005,1.3675525188446045,0.863922655582428,0.06013272702693939,0.20121139287948608
1179,186.65649817500002,1.2955009937286377,0.7925493121147156,0.06011545658111572,0.20094023644924164
1180,186.81662676999997,1.2759253978729248,0.7743296027183533,0.060084279626607895,0.2003980278968811
1181,186.97635637999997,1.240046739578247,0.7403724193572998,0.0600394681096077,0.19962956011295319
1182,187.13648950699996,1.3561828136444092,0.8588114380836487,0.059987761080265045,0.19870859384536743
1183,187.29668794500003,1.2517718076705933,0.7572556138038635,0.05992410331964493,0.19756677746772766
1184,187.45856028000003,1.257537841796875,0.7664759755134583,0.05984863266348839,0.19618535041809082
1185,187.62016122199998,1.229946494102478,0.7427756190299988,0.05975908413529396,0.19462929666042328
1186,187.78079141499995,1.280860424041748,0.7979953289031982,0.059653617441654205,0.1929074376821518
1187,187.94207946799997,1.219029426574707,0.740639865398407,0.05953320115804672,0.19111770391464233
1188,188.10279079600002,1.2339011430740356,0.7597371339797974,0.05941395461559296,0.1894279569387436
1189,188.26351430800003,1.2828242778778076,0.8124126195907593,0.059294652193784714,0.1879274547100067
1190,188.42486086199995,1.194416880607605,0.7276102900505066,0.059177327901124954,0.18648594617843628
1191,188.58610605599995,1.2655324935913086,0.8026455640792847,0.059054866433143616,0.1849185675382614
1192,188.74678358100005,1.2445709705352783,0.7859180569648743,0.05892881006002426,0.18322546780109406
1193,188.90769080200005,1.2919505834579468,0.8375495672225952,0.05880148708820343,0.18152521550655365
1194,189.06864738399997,1.1523629426956177,0.701170802116394,0.058703355491161346,0.18024203181266785
1195,189.22836099100005,1.2295751571655273,0.7802632451057434,0.05861549451947212,0.17949029803276062
1196,189.389080241,1.2588212490081787,0.8105011582374573,0.05854612961411476,0.1790938526391983
1197,189.54945264499997,1.1625604629516602,0.715070366859436,0.058482665568590164,0.17876209318637848
1198,189.709291087,1.203871488571167,0.7574998736381531,0.05842405930161476,0.1783149242401123
1199,189.87075074799998,1.2836463451385498,0.8386200070381165,0.05836854875087738,0.17777705192565918
1200,190.031572913,1.130326509475708,0.6869863271713257,0.05830847844481468,0.17710280418395996
1201,190.208988137,1.212240219116211,0.7706036567687988,0.05825447663664818,0.1764216125011444
1202,190.36922520999997,1.2062662839889526,0.7663455009460449,0.05819995701313019,0.17573551833629608
1203,190.53068175600004,1.185305118560791,0.7471846342086792,0.05814141407608986,0.1750156283378601
1204,190.691247384,1.2533403635025024,0.8164215087890625,0.05809247866272926,0.17453517019748688
1205,190.85162196299996,1.2401411533355713,0.8041099905967712,0.05804681032896042,0.1741802990436554
1206,191.012608902,1.2380242347717285,0.8031795024871826,0.058003854006528854,0.17370590567588806
1207,191.17324042400003,1.2799822092056274,0.8469861745834351,0.05795199051499367,0.1729666143655777
1208,191.33298598399995,1.2254018783569336,0.7930386066436768,0.057914331555366516,0.17271363735198975
1209,191.49281617400004,1.2374218702316284,0.8042395114898682,0.05790653079748154,0.17304131388664246
1210,191.65282750400002,1.2709054946899414,0.8367961645126343,0.057891830801963806,0.17341214418411255
1211,191.813524025,1.285765528678894,0.8514217138290405,0.05787738040089607,0.1735060065984726
1212,191.97549546300002,1.186570405960083,0.7530400156974792,0.05785653740167618,0.1731806993484497
1213,192.13728825299995,1.1543235778808594,0.7224214673042297,0.057819120585918427,0.17252957820892334
1214,192.29869842300002,1.217658281326294,0.7878209352493286,0.057776350528001785,0.17170381546020508
1215,192.459563128,1.1149625778198242,0.6876650452613831,0.057722706347703934,0.17068815231323242
1216,192.62030056799995,1.1447622776031494,0.7202864289283752,0.0576561763882637,0.16955971717834473
1217,192.78061609300005,1.2030417919158936,0.7805417776107788,0.05760703235864639,0.16876955330371857
1218,192.941988133,1.1942890882492065,0.7728331089019775,0.057565271854400635,0.16835211217403412
1219,193.10336963400005,1.1220275163650513,0.7014362215995789,0.0575217567384243,0.16800642013549805
1220,193.26438799899995,1.2128502130508423,0.7931522130966187,0.05748395621776581,0.1676492542028427
1221,193.425446157,1.1950488090515137,0.7765947580337524,0.057443439960479736,0.16715185344219208
1222,193.58747461999997,1.2601690292358398,0.8437020182609558,0.057396143674850464,0.16635723412036896
1223,193.74894460500002,1.2063453197479248,0.792410135269165,0.05734714865684509,0.165344700217247
1224,193.91115069,1.1034741401672363,0.6925621628761292,0.05728532746434212,0.1641356498003006
1225,194.07292834099997,1.23816978931427,0.8287594318389893,0.05724906548857689,0.16353513300418854
1226,194.23512719400003,1.1801663637161255,0.7706838846206665,0.05722479149699211,0.163564071059227
1227,194.39709226699995,1.173521637916565,0.76375412940979,0.05721186101436615,0.1636781543493271
1228,194.55838091199996,1.165438175201416,0.752821683883667,0.05724792927503586,0.16481761634349823
1229,194.71949535700003,1.232239842414856,0.8142892122268677,0.057329513132572174,0.16695092618465424
1230,194.879903948,1.150923252105713,0.727257251739502,0.05743637681007385,0.16923664510250092
1231,195.04075172600005,1.2140980958938599,0.7833410501480103,0.057579826563596725,0.17207251489162445
1232,195.20156624100002,1.2475874423980713,0.8084468841552734,0.057753950357437134,0.175425186753273
1233,195.36125681199997,1.2509939670562744,0.8033722639083862,0.057929497212171555,0.17881695926189423
1234,195.52097475899996,1.25372314453125,0.7983270883560181,0.05811513960361481,0.18192598223686218
1235,195.68027745200004,1.2343428134918213,0.7726083397865295,0.05828941613435745,0.1844606101512909
1236,195.84197444300003,1.2766780853271484,0.8100064396858215,0.05843130871653557,0.18643492460250854
1237,196.003387051,1.2517410516738892,0.7816216349601746,0.058554407209157944,0.18781353533267975
1238,196.163880792,1.2031446695327759,0.7309787273406982,0.05865459889173508,0.18863174319267273
1239,196.325390094,1.16737961769104,0.6940042972564697,0.05872417613863945,0.1891152411699295
1240,196.487149015,1.3095545768737793,0.8353544473648071,0.058774933218955994,0.18944495916366577
1241,196.647689851,1.2725352048873901,0.7980676889419556,0.058806780725717545,0.18955177068710327
1242,196.80823550000002,1.337090015411377,0.862753689289093,0.05881623923778534,0.18949922919273376
1243,196.96925302600005,1.2637104988098145,0.789973258972168,0.058812178671360016,0.18925966322422028
1244,197.130412192,1.199108600616455,0.7267071008682251,0.058795031160116196,0.18872542679309845
1245,197.291880784,1.248840570449829,0.7763922810554504,0.05879878252744675,0.18874412775039673
1246,197.45263662900004,1.334555983543396,0.8607615232467651,0.058820102363824844,0.18928252160549164
1247,197.61396666400003,1.188206672668457,0.7132988572120667,0.05884259566664696,0.189727783203125
1248,197.77493416799996,1.228934407234192,0.7534241676330566,0.058868229389190674,0.18996863067150116
1249,197.93582193500004,1.240043044090271,0.764579176902771,0.05887923762202263,0.18995003402233124
1250,198.096023844,1.2285739183425903,0.7541022300720215,0.05886967480182648,0.1895531862974167
1251,198.25778984,1.2800811529159546,0.8075671792030334,0.058841507881879807,0.18877021968364716
1252,198.41945915300005,1.243630051612854,0.7740225195884705,0.058793701231479645,0.18760783970355988
1253,198.58118754500003,1.170737624168396,0.7050158977508545,0.058726176619529724,0.1860537827014923
1254,198.74259539499997,1.2446705102920532,0.7832716703414917,0.05864044651389122,0.18432499468326569
1255,198.90359781100005,1.3075230121612549,0.848585844039917,0.058580752462148666,0.18334053456783295
1256,199.06390720399997,1.2074657678604126,0.7491289377212524,0.058537807315588,0.18310058116912842
1257,199.224658266,1.2627437114715576,0.804249107837677,0.05850980803370476,0.18316379189491272
1258,199.38474856699997,1.3106850385665894,0.8512965440750122,0.05849286541342735,0.18352143466472626
1259,199.54503008100005,1.183544635772705,0.7213840484619141,0.05852888524532318,0.1846301257610321
1260,199.705749415,1.2592898607254028,0.791840136051178,0.05863044410943985,0.18674534559249878
1261,199.86685062799995,1.2512365579605103,0.7773610353469849,0.05875801295042038,0.18931517004966736
1262,200.02886787600005,1.3082469701766968,0.8281906843185425,0.05889328196644783,0.19178694486618042
1263,200.18906659100003,1.278045654296875,0.7924915552139282,0.05903654545545578,0.1939854770898819
1264,200.34967128899996,1.260852575302124,0.7709420919418335,0.059170205146074295,0.19572751224040985
1265,200.50990794999996,1.3327281475067139,0.8393237590789795,0.05929054319858551,0.19712460041046143
1266,200.670930311,1.2621315717697144,0.7661195993423462,0.059389736503362656,0.19816721975803375
1267,200.83219296000004,1.3051947355270386,0.80772864818573,0.059463389217853546,0.1987486034631729
1268,200.99284372299996,1.3520395755767822,0.8540091514587402,0.05952132120728493,0.19897407293319702
1269,201.153962429,1.2888857126235962,0.791240930557251,0.059551700949668884,0.19881969690322876
1270,201.31478065299996,1.2267104387283325,0.730582594871521,0.05955708026885986,0.1982129067182541
1271,201.47509689599997,1.228629469871521,0.7319144010543823,0.05957666411995888,0.19844771921634674
1272,201.635119034,1.2984429597854614,0.7988117337226868,0.0596456453204155,0.19961391389369965
1273,201.79446442699998,1.2761204242706299,0.7733458280563354,0.059737589210271835,0.20087087154388428
1274,201.95491507500003,1.3126676082611084,0.8075110912322998,0.059831928461790085,0.20182324945926666
1275,202.11528755400002,1.308056116104126,0.8014211654663086,0.0599154457449913,0.20241428911685944
1276,202.276163742,1.2409111261367798,0.7337305545806885,0.059977903962135315,0.20263230800628662
1277,202.437342888,1.2888473272323608,0.7818194627761841,0.060012202709913254,0.2025710940361023
1278,202.597038021,1.2791473865509033,0.7729695439338684,0.06002040579915047,0.2022310197353363
1279,202.75861790600004,1.2328126430511475,0.7281425595283508,0.06001351401209831,0.20162798464298248
1280,202.919690898,1.2444809675216675,0.7419110536575317,0.05999503657221794,0.2007879912853241
1281,203.08060751999994,1.2813444137573242,0.7814157009124756,0.059969089925289154,0.19973161816596985
1282,203.24158486500005,1.3085813522338867,0.8119175434112549,0.05992637947201729,0.19842584431171417
1283,203.40323312199996,1.2360262870788574,0.7433773875236511,0.05986228585243225,0.19682013988494873
1284,203.564690035,1.2941287755966187,0.8057330846786499,0.05978197231888771,0.19511912763118744
1285,203.72542549699995,1.2131409645080566,0.7291056513786316,0.05968848243355751,0.1933753788471222
1286,203.88562840600002,1.2898751497268677,0.809101939201355,0.059608519077301025,0.1920708268880844
1287,204.045208279,1.31656813621521,0.83790123462677,0.05954467132687569,0.19122858345508575
1288,204.20487034400003,1.2589610815048218,0.7822461128234863,0.0594833567738533,0.19044806063175201
1289,204.36438729199995,1.250793695449829,0.7764145731925964,0.059414222836494446,0.18951399624347687
1290,204.52559571400002,1.2260236740112305,0.754599928855896,0.059335485100746155,0.18833214044570923
1291,204.68617632400003,1.2372074127197266,0.7689790725708008,0.059240199625492096,0.18705438077449799
1292,204.84725844800005,1.2689642906188965,0.8041534423828125,0.05914260819554329,0.18568778038024902
1293,205.00858133199995,1.2458522319793701,0.784993052482605,0.05903960019350052,0.18410749733448029
1294,205.169180967,1.2983720302581787,0.8419954180717468,0.05892789736390114,0.18231496214866638
1295,205.329175739,1.2286992073059082,0.7773699760437012,0.058802295476198196,0.18029646575450897
1296,205.49043151499995,1.2134158611297607,0.7675087451934814,0.05866675451397896,0.17812815308570862
1297,205.65174445599996,1.215897798538208,0.7756974697113037,0.0585220567882061,0.17584607005119324
1298,205.812860548,1.1704002618789673,0.7359121441841125,0.058379363268613815,0.17356173694133759
1299,205.974465624,1.229432225227356,0.8005537390708923,0.05824056640267372,0.1713184416294098
1300,206.13466629000004,1.2291585206985474,0.8058905005455017,0.05809620022773743,0.16907483339309692
1301,206.318694102,1.2159889936447144,0.7985290884971619,0.05794757604598999,0.1667521744966507
1302,206.48147209599995,1.0790256261825562,0.6677813529968262,0.05779676511883736,0.16426652669906616
1303,206.64355360499997,1.1760265827178955,0.7693309783935547,0.05766825005412102,0.16244757175445557
1304,206.80537231999995,1.163956880569458,0.7593861818313599,0.057575926184654236,0.16159795224666595
1305,206.96735933399998,1.1845548152923584,0.7803545594215393,0.057510606944561005,0.16145002841949463
1306,207.12972218200002,1.1925783157348633,0.7879588603973389,0.05746733397245407,0.1616179198026657
1307,207.290794399,1.1479284763336182,0.7430635094642639,0.0574285089969635,0.1617162674665451
1308,207.45238752,1.235530138015747,0.8311737179756165,0.05738626793026924,0.16151300072669983
1309,207.61369881899998,1.1751575469970703,0.7721730470657349,0.057333558797836304,0.1609644889831543
1310,207.77437400300005,1.1365307569503784,0.7353402972221375,0.057273052632808685,0.1602471023797989
1311,207.93537473799995,1.1306447982788086,0.7316626906394958,0.05721089988946915,0.1593639850616455
1312,208.095589968,1.1378183364868164,0.7412810325622559,0.057141754776239395,0.15838636457920074
1313,208.25525224800003,1.141748070716858,0.7476872801780701,0.057063180953264236,0.15739606320858002
1314,208.41497756900003,1.211150050163269,0.8197746276855469,0.05697697401046753,0.15632225573062897
1315,208.574096672,1.1673505306243896,0.7756500840187073,0.056912798434495926,0.15645255148410797
1316,208.73472723199995,1.127960443496704,0.7329211235046387,0.056902747601270676,0.15778808295726776
1317,208.89401280599998,1.1285784244537354,0.7297922968864441,0.0569288432598114,0.1592867225408554
1318,209.053423597,1.1922295093536377,0.789822518825531,0.056970447301864624,0.16073492169380188
1319,209.214507078,1.1802715063095093,0.7748134136199951,0.05701963230967522,0.16195516288280487
1320,209.37618258199996,1.1604855060577393,0.7530259490013123,0.057061124593019485,0.1627555638551712
1321,209.53779871200004,1.1558674573898315,0.7475529313087463,0.05709553509950638,0.16309742629528046
1322,209.69901468700004,1.1944243907928467,0.7844045758247375,0.05713477358222008,0.1637793630361557
1323,209.86036483199996,1.1756165027618408,0.7629375457763672,0.05718383193016052,0.16484282910823822
1324,210.02127292499995,1.229004979133606,0.8138886094093323,0.05723525583744049,0.16581763327121735
1325,210.18191350200004,1.2219018936157227,0.8048189878463745,0.05728995054960251,0.16660399734973907
1326,210.342052298,1.2438689470291138,0.8254514932632446,0.05733727663755417,0.16713763773441315
1327,210.50164686000005,1.0922620296478271,0.6721612811088562,0.057368285953998566,0.1678108125925064
1328,210.662015667,1.235316276550293,0.8125535845756531,0.057408809661865234,0.16887542605400085
1329,210.821301037,1.2760980129241943,0.8505496978759766,0.05745315924286842,0.16998949646949768
1330,210.98190629400005,1.2734806537628174,0.8459180593490601,0.0574951097369194,0.17079505324363708
1331,211.14281449299995,1.2328368425369263,0.8042606115341187,0.05753321573138237,0.17120036482810974
1332,211.303683117,1.2440632581710815,0.8153728246688843,0.057562123984098434,0.17124594748020172
1333,211.462968079,1.138999581336975,0.7110850811004639,0.05757143348455429,0.1709355115890503
1334,211.62330264900004,1.2311595678329468,0.8048309087753296,0.05756674334406853,0.1703011840581894
1335,211.78397959699998,1.2625004053115845,0.8382042646408081,0.05754362419247627,0.16948829591274261
1336,211.94476141300004,1.1189357042312622,0.6967747211456299,0.05752268433570862,0.168634295463562
1337,212.10505697099995,1.2296034097671509,0.8074467182159424,0.057520344853401184,0.1686326116323471
1338,212.26468406699996,1.192732810974121,0.768473744392395,0.05754152312874794,0.16947346925735474
1339,212.42433771000003,1.2456114292144775,0.8189914226531982,0.05757300183176994,0.1704176962375641
1340,212.58420191100004,1.102560043334961,0.6742668747901917,0.057600460946559906,0.1710868626832962
1341,212.74357394000003,1.1838277578353882,0.7526427507400513,0.05764315277338028,0.17224343121051788
1342,212.90418930299995,1.2478806972503662,0.8123254179954529,0.057705119252204895,0.17399129271507263
1343,213.06348885700004,1.2533625364303589,0.8135491609573364,0.057776015251874924,0.17569424211978912
1344,213.22344672999998,1.2331955432891846,0.7900625467300415,0.05783727765083313,0.17702187597751617
1345,213.38310678699997,1.2090954780578613,0.7638990879058838,0.057881779968738556,0.1778470128774643
1346,213.54398158799995,1.1433196067810059,0.6973506212234497,0.057905107736587524,0.17815594375133514
1347,213.704216181,1.281599521636963,0.8354207277297974,0.05792352929711342,0.17823980748653412
1348,213.864472816,1.181450605392456,0.7356629967689514,0.05793013051152229,0.17808334529399872
1349,214.02331141900004,1.175563931465149,0.7308961749076843,0.05792417749762535,0.17763541638851166
1350,214.18309832800003,1.169292688369751,0.725961446762085,0.057904019951820374,0.17710086703300476
1351,214.34171232100005,1.207374095916748,0.7647167444229126,0.05789334326982498,0.17683139443397522
1352,214.50211139700002,1.1830379962921143,0.7402952313423157,0.057887036353349686,0.1768655627965927
1353,214.66223402900005,1.2265558242797852,0.7836071848869324,0.05787992477416992,0.1769479364156723
1354,214.82174985100005,1.1893184185028076,0.7461855411529541,0.057863932102918625,0.17702171206474304
1355,214.980660661,1.1760141849517822,0.7327107787132263,0.057845767587423325,0.17708995938301086
1356,215.14091994900002,1.2846102714538574,0.8410730361938477,0.05783730372786522,0.17718356847763062
1357,215.29940739000006,1.2396167516708374,0.796156644821167,0.05782289430499077,0.17715275287628174
1358,215.458732361,1.1948318481445312,0.7523446679115295,0.057791367173194885,0.17676371335983276
1359,215.61817603500003,1.201648473739624,0.7611821889877319,0.05774765461683273,0.17595556378364563
1360,215.77881943399996,1.120976448059082,0.6833541989326477,0.05769585818052292,0.17481811344623566
1361,215.938801947,1.1629338264465332,0.7285273671150208,0.0576336570084095,0.17353208363056183
1362,216.09873316200003,1.2159898281097412,0.7846881747245789,0.0575684979557991,0.1722903698682785
1363,216.25840126699995,1.3003723621368408,0.8722354173660278,0.057489313185214996,0.17102482914924622
1364,216.419676847,1.162125587463379,0.737635612487793,0.05739949271082878,0.16956637799739838
1365,216.580184552,1.1870779991149902,0.7669578790664673,0.057297639548778534,0.1678188294172287
1366,216.739900047,1.185834288597107,0.7691690325737,0.0572018139064312,0.1664372831583023
1367,216.899312172,1.1590900421142578,0.7436836957931519,0.05713886022567749,0.1659339815378189
1368,217.058855343,1.1797540187835693,0.7598129510879517,0.05715916305780411,0.16774779558181763
1369,217.218264816,1.1637823581695557,0.7344633936882019,0.057269416749477386,0.17149849236011505
1370,217.37871653599996,1.2636030912399292,0.8239536285400391,0.057430997490882874,0.17563007771968842
1371,217.53861753900003,1.1978532075881958,0.7459257245063782,0.05766607075929642,0.1805403083562851
1372,217.697902473,1.256239891052246,0.790169358253479,0.05794837698340416,0.186196431517601
1373,217.859654332,1.2946170568466187,0.8145541548728943,0.058260031044483185,0.19179214537143707
1374,218.01987387999998,1.3501437902450562,0.8575167059898376,0.05857544019818306,0.196816548705101
1375,218.180276724,1.2800865173339844,0.7769047021865845,0.05886805057525635,0.20103725790977478
1376,218.33946642,1.3673499822616577,0.8556334972381592,0.059134118258953094,0.20445005595684052
1377,218.498507196,1.2608386278152466,0.7426934242248535,0.05936497077345848,0.2070206105709076
1378,218.65773761900005,1.2613186836242676,0.7387617826461792,0.05955543369054794,0.2087845504283905
1379,218.817515199,1.2929469347000122,0.7676117420196533,0.059702225029468536,0.2098952680826187
1380,218.97780067500003,1.316061019897461,0.7889577746391296,0.059811994433403015,0.2106020450592041
1381,219.13816123799995,1.371718406677246,0.8437684774398804,0.05989948287606239,0.2109403908252716
1382,219.299359041,1.2751104831695557,0.7475109100341797,0.05995705723762512,0.21079999208450317
1383,219.46008913100002,1.3441526889801025,0.8164480924606323,0.060013383626937866,0.21084174513816833
1384,219.62112552500002,1.3366799354553223,0.8081701993942261,0.06007010489702225,0.21116359531879425
1385,219.782805275,1.271256446838379,0.7423790097236633,0.060119133442640305,0.21131053566932678
1386,219.94227384299995,1.3484543561935425,0.820027232170105,0.060153841972351074,0.21113023161888123
1387,220.10263207000003,1.256893515586853,0.7299304008483887,0.060164038091897964,0.21054458618164062
1388,220.26199434399996,1.270141839981079,0.7458258271217346,0.06014813482761383,0.20948578417301178
1389,220.42142539300005,1.2827470302581787,0.761573851108551,0.06011193245649338,0.20822882652282715
1390,220.58026967299998,1.3004204034805298,0.7826467752456665,0.060058142989873886,0.2068692147731781
1391,220.739683722,1.3585243225097656,0.8447457551956177,0.05998964235186577,0.20527143776416779
1392,220.899125723,1.259237289428711,0.7501235008239746,0.059906117618083954,0.20340591669082642
1393,221.06012437000004,1.3410146236419678,0.837263822555542,0.05980781093239784,0.20126110315322876
1394,221.22062903300002,1.3008532524108887,0.8031949996948242,0.05969404801726341,0.19882450997829437
1395,221.38018225999997,1.324714183807373,0.833594799041748,0.059567831456661224,0.19620946049690247
1396,221.53890705100002,1.2514005899429321,0.7671879529953003,0.05942695587873459,0.19344736635684967
1397,221.69763646399997,1.2560815811157227,0.7790749073028564,0.059272293001413345,0.1905655711889267
1398,221.857440106,1.3038222789764404,0.8333567976951599,0.05909892916679382,0.1879497915506363
1399,222.01790054699995,1.2518291473388672,0.7871381044387817,0.05893917754292488,0.18564064800739288
1400,222.176538607,1.270930290222168,0.8090709447860718,0.058833833783864975,0.18450838327407837
1401,222.353208592,1.3286612033843994,0.8670873641967773,0.058763425797224045,0.1843944489955902
1402,222.51218847200005,1.2467800378799438,0.7851408123970032,0.058715060353279114,0.18442080914974213
1403,222.67132954800002,1.2678215503692627,0.8061995506286621,0.0586809478700161,0.1844140887260437
1404,222.83068703599997,1.2369282245635986,0.7756380438804626,0.05864913761615753,0.18428149819374084
1405,222.98998694399995,1.3212776184082031,0.8605718612670898,0.05862275883555412,0.18404783308506012
1406,223.149159402,1.2601139545440674,0.8004257082939148,0.0585898794233799,0.1836409568786621
1407,223.30925714700004,1.1721656322479248,0.7139172554016113,0.05854104459285736,0.18306514620780945
1408,223.47006911699998,1.246530532836914,0.789780855178833,0.058489732444286346,0.18246591091156006
1409,223.62931855199997,1.243727445602417,0.7887694835662842,0.05843307822942734,0.18174944818019867
1410,223.78886108799998,1.2241815328598022,0.7715903520584106,0.05836859717965126,0.18080300092697144
1411,223.947100332,1.242164134979248,0.7898926734924316,0.058335937559604645,0.18067525327205658
1412,224.10712652200004,1.3094267845153809,0.8552976250648499,0.058332666754722595,0.181418314576149
1413,224.26574515799996,1.213708758354187,0.7575533390045166,0.05834387615323067,0.18222881853580475
1414,224.42572383100003,1.2678298950195312,0.8101319670677185,0.05836595594882965,0.18284574151039124
1415,224.58608456900004,1.2059634923934937,0.7475481033325195,0.058379609137773514,0.18313263356685638
1416,224.744897295,1.2491284608840942,0.7906588315963745,0.05838607996702194,0.18315428495407104
1417,224.90328454400003,1.2137598991394043,0.7558733224868774,0.05837609991431236,0.18292109668254852
1418,225.06116447600004,1.1795085668563843,0.7227134704589844,0.0583505779504776,0.18248461186885834
1419,225.220867602,1.3189678192138672,0.8635329008102417,0.058318834751844406,0.18194067478179932
1420,225.38043742399998,1.3056443929672241,0.8518515825271606,0.058286119252443314,0.18128396570682526
1421,225.54062750699995,1.2907835245132446,0.8391469120979309,0.058236781507730484,0.18042169511318207
1422,225.69944202700003,1.246209740638733,0.7958210706710815,0.058188918977975845,0.17992271482944489
1423,225.85900045699998,1.2256450653076172,0.7749302387237549,0.05815421789884567,0.18005330860614777
1424,226.01701731799994,1.2077840566635132,0.7542650699615479,0.05816145986318588,0.18117494881153107
1425,226.176537596,1.2172884941101074,0.7592215538024902,0.05822073668241501,0.18299385905265808
1426,226.33478942199997,1.1713316440582275,0.7088353633880615,0.058301135897636414,0.18476533889770508
1427,226.49304114100005,1.1898537874221802,0.7235568761825562,0.05839136615395546,0.18628519773483276
1428,226.65209107500004,1.2162833213806152,0.7468633651733398,0.058475643396377563,0.18753404915332794
1429,226.81089019299998,1.229447364807129,0.7579144239425659,0.058547765016555786,0.1883789598941803
1430,226.96904905999997,1.2866626977920532,0.8123934268951416,0.05862437188625336,0.1894731968641281
1431,227.12756403599997,1.2814878225326538,0.8037545680999756,0.05870640277862549,0.19085846841335297
1432,227.28764789800005,1.2575194835662842,0.7766352891921997,0.058792322874069214,0.19211848080158234
1433,227.44743448999998,1.2975478172302246,0.8143248558044434,0.058873310685157776,0.1930536925792694
1434,227.606294769,1.245265007019043,0.7608780264854431,0.05893734470009804,0.19351904094219208
1435,227.76476356600006,1.2321909666061401,0.7477695941925049,0.05898379907011986,0.19353260099887848
1436,227.92357128599997,1.2608373165130615,0.7773821949958801,0.059004418551921844,0.19314603507518768
1437,228.08315931599998,1.2122704982757568,0.7307627201080322,0.0590033121407032,0.19236710667610168
1438,228.24315505799996,1.1508538722991943,0.67186039686203,0.05897770822048187,0.19136150181293488
1439,228.40197127099998,1.231268048286438,0.7549940347671509,0.05894114077091217,0.19027383625507355
1440,228.56073103999995,1.2313976287841797,0.7582736611366272,0.05889134109020233,0.18901404738426208
1441,228.720434427,1.240803837776184,0.7711342573165894,0.058831632137298584,0.1876325160264969
1442,228.87964059900003,1.2417490482330322,0.7758228182792664,0.05875483155250549,0.18613547086715698
1443,229.03805887800002,1.2778834104537964,0.8162137269973755,0.0586700513958931,0.1844332069158554
1444,229.19845191900004,1.228898525238037,0.7714312076568604,0.05857904627919197,0.1827526092529297
1445,229.358136619,1.2701528072357178,0.8166586756706238,0.058483194559812546,0.1811637431383133
1446,229.51657707000004,1.211199164390564,0.761338472366333,0.058386337012052536,0.17971071600914001
1447,229.67629316,1.1812138557434082,0.7348054647445679,0.058282721787691116,0.1783302128314972
1448,229.83524835900005,1.2337756156921387,0.7872271537780762,0.05825021490454674,0.1783864051103592
1449,229.99330179699996,1.1629478931427002,0.7127516865730286,0.058267708867788315,0.1798454076051712
1450,230.152698202,1.1843866109848022,0.7299007177352905,0.058322735130786896,0.18156105279922485
1451,230.312222335,1.2914021015167236,0.8326560258865356,0.05839308723807335,0.18326488137245178
1452,230.47194735200003,1.2096320390701294,0.7471409440040588,0.058463867753744125,0.18476256728172302
1453,230.63020637900001,1.256591558456421,0.7911553382873535,0.05853426456451416,0.18594038486480713
1454,230.78885496099997,1.2275803089141846,0.76011061668396,0.05859202891588211,0.1867535263299942
1455,230.948019822,1.349259853363037,0.8799805641174316,0.058644697070121765,0.18747712671756744
1456,231.10772006800005,1.2703989744186401,0.7996175289154053,0.05868930369615555,0.18807782232761383
1457,231.267257975,1.264150857925415,0.7918728590011597,0.058736350387334824,0.18867623805999756
1458,231.42797747199995,1.348494291305542,0.874688982963562,0.05878463387489319,0.18928702175617218
1459,231.58676858499996,1.2314388751983643,0.7567664980888367,0.058828238397836685,0.18963365256786346
1460,231.74674742599996,1.2767741680145264,0.8021804094314575,0.05885370448231697,0.1896020919084549
1461,231.906602592,1.3092576265335083,0.8357474207878113,0.058855973184108734,0.18916866183280945
1462,232.06521766000003,1.2842110395431519,0.8129048347473145,0.0588325634598732,0.188287153840065
1463,232.22368629699997,1.1828041076660156,0.7142032384872437,0.05879735201597214,0.18720512092113495
1464,232.382529158,1.3187658786773682,0.8524714112281799,0.0587540939450264,0.18628278374671936
1465,232.54178229900003,1.1862494945526123,0.7221246957778931,0.05870644375681877,0.185415118932724
1466,232.70137143700003,1.2642848491668701,0.8023676872253418,0.05865056812763214,0.18453224003314972
1467,232.86115867499996,1.284451961517334,0.8246641159057617,0.058588288724422455,0.18368078768253326
1468,233.01961978300005,1.2315493822097778,0.7741495966911316,0.058526843786239624,0.18272581696510315
1469,233.178156823,1.156899333000183,0.702457070350647,0.058460742235183716,0.18154306709766388
1470,233.337399225,1.1859745979309082,0.7345787882804871,0.05838984251022339,0.1803247630596161
1471,233.49524332500005,1.1702184677124023,0.7214544415473938,0.05832090601325035,0.1792723387479782
1472,233.65479622199996,1.256645679473877,0.8096485733985901,0.05825573951005936,0.17856580018997192
1473,233.81313914700002,1.3143277168273926,0.8686197996139526,0.058197859674692154,0.17805036902427673
1474,233.97196997699996,1.24529230594635,0.8010705709457397,0.05813678726553917,0.17745612561702728
1475,234.130469317,1.2979154586791992,0.8557215929031372,0.058065593242645264,0.17664524912834167
1476,234.29044993000002,1.2026088237762451,0.7632002830505371,0.05798548832535744,0.17553147673606873
1477,234.44934327199996,1.2231805324554443,0.7874839901924133,0.05789162591099739,0.17404705286026
1478,234.60738730900005,1.143753170967102,0.7125052809715271,0.057786863297224045,0.17226800322532654
1479,234.766903092,1.203349232673645,0.7765225172042847,0.05768153816461563,0.17049996554851532
1480,234.926195635,1.2615485191345215,0.8386988639831543,0.05758633464574814,0.16890954971313477
1481,235.08498355200004,1.1407369375228882,0.7217864394187927,0.05749163031578064,0.16735023260116577
1482,235.24372480199997,1.2580552101135254,0.8404213190078735,0.05743284150958061,0.1668238341808319
1483,235.40335478099996,1.1780080795288086,0.759120762348175,0.05741832032799721,0.16732528805732727
1484,235.56141386900003,1.2236578464508057,0.8030592203140259,0.0574260912835598,0.16800972819328308
1485,235.72134617999995,1.1188671588897705,0.6969708800315857,0.057438842952251434,0.168528750538826
1486,235.88089493200005,1.1278337240219116,0.7048237323760986,0.05744827166199684,0.16897420585155487
1487,236.040149306,1.2035715579986572,0.7793288826942444,0.05746196582913399,0.16946719586849213
1488,236.19919419999997,1.207073450088501,0.7818280458450317,0.05747901275753975,0.16986824572086334
1489,236.35791929100003,1.301971197128296,0.876420259475708,0.05748958885669708,0.1699904501438141
1490,236.51638206799998,1.1750991344451904,0.7501794099807739,0.05748477205634117,0.16973793506622314
1491,236.675192132,1.14154052734375,0.7183085083961487,0.05746309086680412,0.16906292736530304
1492,236.834100058,1.2207632064819336,0.7999948263168335,0.05742385983467102,0.16807764768600464
1493,236.993609342,1.2316100597381592,0.81380295753479,0.057372599840164185,0.16689331829547882
1494,237.152682164,1.2346675395965576,0.8201563358306885,0.0573112778365612,0.16557523608207703
1495,237.31119967899997,1.1537621021270752,0.742746114730835,0.057244088500738144,0.16417741775512695
1496,237.47011059,1.1183969974517822,0.7105227708816528,0.057177167385816574,0.1629209667444229
1497,237.63001422000002,1.189730167388916,0.7844110727310181,0.05711488798260689,0.16189917922019958
1498,237.78839042899995,1.1464285850524902,0.7435493469238281,0.05705177038908005,0.16092348098754883
1499,237.94801183899995,1.158189296722412,0.7567179203033447,0.057013966143131256,0.16036050021648407
1500,238.105893026,1.2168025970458984,0.8158241510391235,0.05698375403881073,0.16016347706317902
1501,238.28339985399998,1.1428875923156738,0.7424991726875305,0.056958090513944626,0.15992751717567444
1502,238.441468193,1.1368625164031982,0.7365421056747437,0.05693800747394562,0.15990039706230164
1503,238.60059386299997,1.2179598808288574,0.8140827417373657,0.056963566690683365,0.16132302582263947
1504,238.76022142299996,1.156138300895691,0.7458577752113342,0.05704106017947197,0.16388405859470367
1505,238.91982312599998,1.1586450338363647,0.7408245801925659,0.05715668946504593,0.16689956188201904
1506,239.078478367,1.1376023292541504,0.712079644203186,0.05729610100388527,0.16997987031936646
1507,239.23720209199996,1.2038242816925049,0.7710680365562439,0.05743847042322159,0.17287273705005646
1508,239.39611762799996,1.2913938760757446,0.8521363735198975,0.05758131295442581,0.1754726618528366
1509,239.55538179799998,1.3062121868133545,0.8616503477096558,0.057713065296411514,0.17759385704994202
1510,239.714180425,1.177191138267517,0.7287838459014893,0.05782834067940712,0.17913159728050232
1511,239.872583276,1.1729248762130737,0.7218915224075317,0.05792974308133125,0.1801816076040268
1512,240.03064336600005,1.2678272724151611,0.8146157264709473,0.05801353603601456,0.1810525506734848
1513,240.19021183799998,1.2239009141921997,0.7691776752471924,0.05808405578136444,0.18165697157382965
1514,240.348808178,1.1421343088150024,0.6867960691452026,0.05813997983932495,0.18190273642539978
1515,240.50787734000005,1.2977097034454346,0.8391806483268738,0.05820539593696594,0.18317878246307373
1516,240.66773886199996,1.2684698104858398,0.8033893704414368,0.05831829831004143,0.18579889833927155
1517,240.82568651199995,1.2826056480407715,0.8098907470703125,0.05846786871552467,0.18885207176208496
1518,240.98372550099998,1.3072476387023926,0.8274608850479126,0.058637503534555435,0.1916801482439041
1519,241.14319265300003,1.240502953529358,0.7542969584465027,0.0588197186589241,0.19424712657928467
1520,241.301015742,1.2527034282684326,0.760948657989502,0.058993756771087646,0.19646592438220978
1521,241.46043752799994,1.3022799491882324,0.8060125112533569,0.05915572866797447,0.19827033579349518
1522,241.61992517199997,1.2010188102722168,0.7013711929321289,0.05929452180862427,0.19962187111377716
1523,241.77886755999998,1.2749284505844116,0.7729431986808777,0.05940113961696625,0.20055648684501648
1524,241.93700591799995,1.3160243034362793,0.8107500076293945,0.05950992926955223,0.20187166333198547
1525,242.09670682900003,1.277482509613037,0.7677724361419678,0.05963391065597534,0.2036454826593399
1526,242.25563032399998,1.3381335735321045,0.824233889579773,0.05976234748959541,0.205320805311203
1527,242.41460342300002,1.3306968212127686,0.8131263256072998,0.05988716334104538,0.20678862929344177
1528,242.574068914,1.2716064453125,0.7509822845458984,0.06001686304807663,0.20800963044166565
1529,242.733865209,1.361315369606018,0.838387131690979,0.06012726202607155,0.20893079042434692
1530,242.89364970600002,1.2559363842010498,0.7316896915435791,0.0602135993540287,0.20945784449577332
1531,243.05255293699997,1.3264362812042236,0.7990262508392334,0.06031328812241554,0.21072277426719666
1532,243.21212637600001,1.2936161756515503,0.7609431743621826,0.06044299528002739,0.2128274291753769
1533,243.37178160999997,1.2261930704116821,0.6882309913635254,0.06058681383728981,0.21494247019290924
1534,243.53114474100005,1.2547557353973389,0.7123376727104187,0.06072385609149933,0.21672430634498596
1535,243.68960667199997,1.233665943145752,0.6872446537017822,0.06084524095058441,0.21832513809204102
1536,243.848749474,1.3304309844970703,0.7805362939834595,0.060963694006204605,0.2197140008211136
1537,244.00838789299996,1.3235690593719482,0.7708779573440552,0.06106641888618469,0.2208322137594223
1538,244.167652934,1.350527286529541,0.7958316802978516,0.06115543842315674,0.22163361310958862
1539,244.32621647099995,1.4178671836853027,0.8623221516609192,0.06121563911437988,0.22197312116622925
1540,244.48643234400004,1.2919020652770996,0.7368755340576172,0.061242520809173584,0.2217656672000885
1541,244.64585790700005,1.3531112670898438,0.800034761428833,0.06124018877744675,0.22098568081855774
1542,244.804999833,1.3297127485275269,0.7793450355529785,0.061214134097099304,0.21990223228931427
1543,244.96389890700004,1.2752984762191772,0.7264578938484192,0.061203304678201675,0.21929143369197845
1544,245.12335228400002,1.3319213390350342,0.7834508419036865,0.06120779737830162,0.2191433608531952
1545,245.28090109799996,1.2092527151107788,0.6609761714935303,0.06121734529733658,0.21906574070453644
1546,245.43875327800004,1.294480800628662,0.74604731798172,0.06121673062443733,0.2191285341978073
1547,245.59867532700002,1.3225159645080566,0.7735555768013,0.06122767552733421,0.21933922171592712
1548,245.75691473400002,1.3734387159347534,0.8239986300468445,0.06123277544975281,0.2195311039686203
1549,245.91668560000005,1.351942539215088,0.8022109270095825,0.06123259663581848,0.21964770555496216
1550,246.07650962800005,1.368525505065918,0.8189443349838257,0.06122894212603569,0.2195875495672226
1551,246.23617529199998,1.3797225952148438,0.8309890031814575,0.061218682676553726,0.21924853324890137
1552,246.39367250199996,1.3734768629074097,0.8260354399681091,0.06119804084300995,0.21873177587985992
1553,246.553251691,1.3441710472106934,0.7984001040458679,0.06116407737135887,0.21806371212005615
1554,246.71304943999996,1.3157817125320435,0.7721333503723145,0.06112745776772499,0.21721485257148743
1555,246.871394849,1.3037505149841309,0.7626943588256836,0.061078991740942,0.21617817878723145
1556,247.03116401900002,1.3624484539031982,0.8246341347694397,0.061013735830783844,0.21488165855407715
1557,247.189285789,1.2887685298919678,0.7550545930862427,0.06093304231762886,0.213241845369339
1558,247.34810161300004,1.3595948219299316,0.8309201002120972,0.06083296984434128,0.21122653782367706
1559,247.50682925,1.2675230503082275,0.7420822381973267,0.06073690578341484,0.2099333554506302
1560,247.66698476500005,1.3163515329360962,0.7892251014709473,0.06074332818388939,0.2106076031923294
1561,247.827459407,1.2888824939727783,0.7559840679168701,0.060830626636743546,0.21291601657867432
1562,247.98657201599997,1.2975115776062012,0.7574841380119324,0.06097419559955597,0.215767040848732
1563,248.14569270899995,1.270491600036621,0.7230290174484253,0.061143338680267334,0.21874046325683594
1564,248.306103206,1.3585424423217773,0.802414059638977,0.061355266720056534,0.22220590710639954
1565,248.46467181599996,1.3351393938064575,0.7696719765663147,0.06160474568605423,0.22594054043293
1566,248.623157235,1.3404691219329834,0.7663858532905579,0.061861276626586914,0.2293858379125595
1567,248.781523526,1.4113445281982422,0.8298208117485046,0.06209631636738777,0.2323610782623291
1568,248.94174865399998,1.3949038982391357,0.8075274229049683,0.06231142207980156,0.23470136523246765
1569,249.10102809199998,1.4010612964630127,0.8094989061355591,0.06249652057886124,0.23637498915195465
1570,249.26082590099998,1.4076056480407715,0.8132203817367554,0.06264764070510864,0.23750346899032593
1571,249.42071538300002,1.3013782501220703,0.7054212093353271,0.06276711821556091,0.23813171684741974
1572,249.58037323500002,1.3429768085479736,0.7462702989578247,0.06285502016544342,0.2384311556816101
1573,249.739569167,1.3765020370483398,0.7793459892272949,0.0629306510090828,0.23861072957515717
1574,249.89844552299996,1.364702582359314,0.7672946453094482,0.0629952996969223,0.2387111932039261
1575,250.05734583699996,1.4074678421020508,0.8086925745010376,0.06307721138000488,0.2392577826976776
1576,250.21692057500002,1.3744021654129028,0.7731373310089111,0.06316675245761871,0.2402532696723938
1577,250.37564350000002,1.3763799667358398,0.7727593779563904,0.06325278431177139,0.24119523167610168
1578,250.53505824399997,1.3852845430374146,0.7795470952987671,0.06333553045988083,0.24204163253307343
1579,250.694335283,1.454176425933838,0.8466415405273438,0.0634159967303276,0.2427603304386139
1580,250.85351393200006,1.3488057851791382,0.7402347922325134,0.06348081678152084,0.2431744784116745
1581,251.01249057899997,1.3916245698928833,0.7826730608940125,0.0635288879275322,0.24332650005817413
1582,251.17159428800005,1.4400399923324585,0.8314380645751953,0.06356079131364822,0.24318651854991913
1583,251.33141259700005,1.3648526668548584,0.7576816082000732,0.06356443464756012,0.24261417984962463
1584,251.489751448,1.4088388681411743,0.8041214942932129,0.0635431706905365,0.24163277447223663
1585,251.64941112999998,1.3044575452804565,0.7029935717582703,0.06349775940179825,0.24033159017562866
1586,251.80786932,1.3614275455474854,0.7640601396560669,0.06342696398496628,0.2386932522058487
1587,251.96670105500004,1.361358642578125,0.7688463926315308,0.06333529204130173,0.23675158619880676
1588,252.12548332899996,1.4340968132019043,0.8472430109977722,0.06321929395198822,0.2344886213541031
1589,252.28553056299995,1.3544883728027344,0.7740151286125183,0.06308358162641525,0.23193694651126862
1590,252.444696959,1.3615105152130127,0.7881210446357727,0.06292413175106049,0.22910411655902863
1591,252.60441241299998,1.421433925628662,0.855736494064331,0.0627465769648552,0.22602799534797668
1592,252.76399348999996,1.253251314163208,0.6958835124969482,0.06254987418651581,0.2226969301700592
1593,252.92410919300005,1.3033264875411987,0.7541453838348389,0.06234308332204819,0.2194230705499649
1594,253.08378197900004,1.3087654113769531,0.7673419117927551,0.06213885173201561,0.21632084250450134
1595,253.24320754899998,1.3986353874206543,0.8647662401199341,0.06192879006266594,0.2132999449968338
1596,253.40202559399995,1.423793911933899,0.8976715207099915,0.06171029433608055,0.21020211279392242
1597,253.56187570400004,1.214247703552246,0.6962652206420898,0.06148713827133179,0.20694701373577118
1598,253.72166504799998,1.260061502456665,0.7494268417358398,0.06126147136092186,0.20400883257389069
1599,253.88089136099995,1.3145027160644531,0.810167670249939,0.06105911359190941,0.20148977637290955
1600,254.04023140899994,1.327508807182312,0.8290780782699585,0.06087012216448784,0.19912882149219513
1601,254.217829081,1.3713159561157227,0.8787696361541748,0.06068466231226921,0.19677580893039703
1602,254.37588851099997,1.2639427185058594,0.7775853872299194,0.06050065532326698,0.19430091977119446
1603,254.53398886599996,1.2650527954101562,0.7853376269340515,0.06031116843223572,0.1916448324918747
1604,254.694116075,1.2693123817443848,0.7965974807739258,0.06011492386460304,0.1888454705476761
1605,254.85425752799995,1.1938029527664185,0.72841477394104,0.05991305783390999,0.18591561913490295
1606,255.014216003,1.2500988245010376,0.7921494841575623,0.05970592424273491,0.18294091522693634
1607,255.172954312,1.2100317478179932,0.7596031427383423,0.05949583277106285,0.17993345856666565
1608,255.334038329,1.2317849397659302,0.7889912128448486,0.059282585978507996,0.176880344748497
1609,255.49411493900004,1.164512276649475,0.7289432287216187,0.05907567963004112,0.17399130761623383
1610,255.65299563500002,1.2499935626983643,0.8209507465362549,0.0588797964155674,0.17138159275054932
1611,255.81232528500004,1.2487671375274658,0.8256901502609253,0.05869642645120621,0.16899597644805908
1612,255.97080021199997,1.2242884635925293,0.8069809079170227,0.058522872626781464,0.1666889488697052
1613,256.13110202999997,1.234642505645752,0.8230194449424744,0.058355849236249924,0.16441579163074493
1614,256.290051835,1.1907241344451904,0.7847418785095215,0.05819040909409523,0.16216012835502625
1615,256.45004089500003,1.2623800039291382,0.858810305595398,0.05808723345398903,0.1611955463886261
1616,256.61048448400004,1.1880676746368408,0.783607006072998,0.05803988128900528,0.16155211627483368
1617,256.77150551,1.2693743705749512,0.8600386381149292,0.058072999119758606,0.1635020226240158
1618,256.93070695999995,1.2000195980072021,0.7825794219970703,0.05819489806890488,0.16674327850341797
1619,257.090288707,1.252146601676941,0.8261983394622803,0.05836421996355057,0.17014583945274353
1620,257.24787316100003,1.2650831937789917,0.8315771818161011,0.05854615196585655,0.17316822707653046
1621,257.40647902600006,1.261685848236084,0.8223018646240234,0.05870840698480606,0.17551875114440918
1622,257.565505327,1.157475233078003,0.7137978076934814,0.058842409402132034,0.17723560333251953
1623,257.724899196,1.230872392654419,0.7829807996749878,0.058967042714357376,0.17892077565193176
1624,257.885899657,1.2288126945495605,0.7763773202896118,0.059089019894599915,0.18073782324790955
1625,258.046853986,1.263163447380066,0.806510865688324,0.05920271947979927,0.18242421746253967
1626,258.207543932,1.329476237297058,0.8682318925857544,0.05931273102760315,0.1842605024576187
1627,258.36682387400003,1.286313772201538,0.8202847838401794,0.059412065893411636,0.1861739307641983
1628,258.52598788700004,1.197343111038208,0.7272775769233704,0.059502750635147095,0.187788188457489
1629,258.68571676299996,1.2628083229064941,0.7894073128700256,0.059588443487882614,0.1891220510005951
1630,258.84445732899997,1.3133131265640259,0.8373876810073853,0.059662725776433945,0.1901315301656723
1631,259.00440894200005,1.2706470489501953,0.7928946018218994,0.05972312018275261,0.19086210429668427
1632,259.163474039,1.3262139558792114,0.8471861481666565,0.05977393314242363,0.19137203693389893
1633,259.32263210300005,1.300215482711792,0.8205857276916504,0.05980784818530083,0.19161264598369598
1634,259.48220868,1.2495999336242676,0.7703922986984253,0.05982036143541336,0.19144375622272491
1635,259.64191776300004,1.211477279663086,0.7331496477127075,0.059828005731105804,0.19109173119068146
1636,259.80147376699995,1.2972520589828491,0.8197056651115417,0.0598304383456707,0.19077923893928528
1637,259.96058557900005,1.2464561462402344,0.769794225692749,0.05982513725757599,0.19042547047138214
1638,260.118978825,1.2848187685012817,0.8095347285270691,0.05980749800801277,0.18987438082695007
1639,260.27816320600004,1.2486286163330078,0.775270938873291,0.05977587029337883,0.18910393118858337
1640,260.437972972,1.2142161130905151,0.7427570223808289,0.05973339080810547,0.18834470212459564
1641,260.597906222,1.2411928176879883,0.7710022926330566,0.05969773232936859,0.1878373920917511
1642,260.75851531499995,1.1966499090194702,0.7274943590164185,0.05966784060001373,0.18742354214191437
1643,260.917127552,1.2468377351760864,0.7787708044052124,0.0596439391374588,0.18698818981647491
1644,261.076292791,1.1990091800689697,0.7323678731918335,0.059610605239868164,0.1864180564880371
1645,261.23546508100003,1.2639069557189941,0.7989360094070435,0.059569574892520905,0.18575012683868408
1646,261.39459099600003,1.2401177883148193,0.7771066427230835,0.05952134728431702,0.18496637046337128
1647,261.55431437899995,1.2045321464538574,0.7439087629318237,0.05946128070354462,0.18401148915290833
1648,261.71289749799996,1.2664101123809814,0.8086546659469604,0.05939812958240509,0.18286457657814026
1649,261.872339365,1.1617827415466309,0.7073986530303955,0.05933124199509621,0.18151630461215973
1650,262.032451637,1.2893043756484985,0.8377770781517029,0.059262342751026154,0.18037386238574982
1651,262.19222292200004,1.2500368356704712,0.80096435546875,0.0591944083571434,0.17939221858978271
1652,262.35066801000005,1.193827748298645,0.7473747134208679,0.05912397801876068,0.1783447414636612
1653,262.50938317600003,1.2830835580825806,0.8396642208099365,0.059048235416412354,0.1771315485239029
1654,262.66921967300004,1.1609619855880737,0.7211880087852478,0.058968354016542435,0.1756737232208252
1655,262.82952850799995,1.2280601263046265,0.7921080589294434,0.058885764330625534,0.17414528131484985
1656,262.988514622,1.2437793016433716,0.8117386102676392,0.05879680812358856,0.17258110642433167
1657,263.148772322,1.2499744892120361,0.8222529292106628,0.05869978666305542,0.170853853225708
1658,263.309250443,1.1977635622024536,0.7743115425109863,0.05860573425889015,0.16914638876914978
1659,263.469385695,1.1936986446380615,0.7741426229476929,0.058515530079603195,0.16758833825588226
1660,263.628808854,1.2305047512054443,0.8146122694015503,0.058426931500434875,0.16612330079078674
1661,263.788712206,1.2099609375,0.7978062033653259,0.058335576206445694,0.16462858021259308
1662,263.94723992800004,1.1244356632232666,0.7163153886795044,0.05823598429560661,0.1630151867866516
1663,264.10733869600006,1.1259676218032837,0.7219842672348022,0.0581282339990139,0.16136083006858826
1664,264.26649588600003,1.1397645473480225,0.7396571636199951,0.058030057698488235,0.15981082618236542
1665,264.42628605899995,1.195651650428772,0.7985639572143555,0.05794702097773552,0.15860329568386078
1666,264.585943229,1.1488367319107056,0.7539371252059937,0.05787673220038414,0.15772832930088043
1667,264.746707378,1.2135469913482666,0.8205015659332275,0.057807181030511856,0.15698696672916412
1668,264.90710659700005,1.2423062324523926,0.8512543439865112,0.05773789808154106,0.15618979930877686
1669,265.06680318199994,1.2381197214126587,0.8494861721992493,0.057666435837745667,0.15522275865077972
1670,265.22514079099994,1.1225656270980835,0.7370272278785706,0.05758439004421234,0.15398503839969635
1671,265.38366151699995,1.2307156324386597,0.8490006923675537,0.05749167501926422,0.15245600044727325
1672,265.54380044799996,1.1147198677062988,0.7374935746192932,0.05738895386457443,0.15066096186637878
1673,265.70313323899995,1.115936279296875,0.743654727935791,0.057282544672489166,0.14868350327014923
1674,265.86303641200004,1.1332273483276367,0.7654482126235962,0.057184137403964996,0.14688292145729065
1675,266.023234067,1.1811109781265259,0.817301332950592,0.05708754435181618,0.14529548585414886
1676,266.184257207,1.175117015838623,0.8151203393936157,0.0569910928606987,0.14377069473266602
1677,266.34461736799994,1.150529146194458,0.793914794921875,0.05690334737300873,0.14241814613342285
1678,266.504651395,1.0997596979141235,0.7456240653991699,0.05681858956813812,0.1414269655942917
1679,266.663795276,1.0866886377334595,0.7345569133758545,0.056742046028375626,0.1406257003545761
1680,266.82356889899995,1.0753421783447266,0.7219463586807251,0.05673018470406532,0.1411314159631729
1681,266.98284746499996,1.075735330581665,0.7176628112792969,0.056761451065540314,0.1430019736289978
1682,267.14343821700004,1.1010665893554688,0.7372061610221863,0.05681546404957771,0.14531691372394562
1683,267.302544787,1.1467524766921997,0.7766591310501099,0.05688801407814026,0.14780980348587036
1684,267.46262467199995,1.1716121435165405,0.7950522303581238,0.05697154998779297,0.15039607882499695
1685,267.62202671299997,1.1949162483215332,0.8114705681800842,0.05707726255059242,0.15314993262290955
1686,267.78305374700005,1.1471354961395264,0.7535214424133301,0.05724005401134491,0.1572166532278061
1687,267.944375424,1.0882298946380615,0.6813790798187256,0.05747925117611885,0.16251042485237122
1688,268.10504143599996,1.1595735549926758,0.7380537986755371,0.0577755942940712,0.16837680339813232
1689,268.26404931499997,1.2053594589233398,0.7691866755485535,0.058091819286346436,0.17423677444458008
1690,268.423824191,1.2207895517349243,0.7713093161582947,0.05840953812003136,0.17955847084522247
1691,268.58227495799997,1.2934743165969849,0.8327916860580444,0.058714281767606735,0.1840381771326065
1692,268.741928893,1.2613195180892944,0.7918750047683716,0.05898813530802727,0.18754184246063232
1693,268.901364896,1.2300426959991455,0.7537870407104492,0.05921196565032005,0.19026538729667664
1694,269.06184235600006,1.3148937225341797,0.8333829641342163,0.059398747980594635,0.19236674904823303
1695,269.22288998700003,1.2252812385559082,0.7401829361915588,0.05955485254526138,0.19380107522010803
1696,269.38141833300006,1.2282220125198364,0.7409982681274414,0.05968175455927849,0.19465075433254242
1697,269.54059367900004,1.2624343633651733,0.773967981338501,0.05977756157517433,0.19514745473861694
1698,269.699235673,1.2653732299804688,0.775911808013916,0.059864114969968796,0.19554507732391357
1699,269.85974359500005,1.2654480934143066,0.7750680446624756,0.05993283540010452,0.19591227173805237
1700,270.02026077100004,1.275914192199707,0.7849990129470825,0.05998793989419937,0.19612611830234528
1701,270.20414924700003,1.2500104904174805,0.75935959815979,0.060018427670001984,0.19602030515670776
1702,270.364426985,1.2280651330947876,0.7380425930023193,0.06003543734550476,0.19576889276504517
1703,270.524806722,1.2656124830245972,0.7760863900184631,0.060054052621126175,0.19557024538516998
1704,270.683834769,1.3122022151947021,0.8234313726425171,0.060058847069740295,0.19526810944080353
1705,270.84334487499996,1.2689896821975708,0.7815978527069092,0.060051146894693375,0.19471651315689087
1706,271.00336129899995,1.3366594314575195,0.8514300584793091,0.060025911778211594,0.19385163486003876
1707,271.163092151,1.2142696380615234,0.7321712970733643,0.059982746839523315,0.19259941577911377
1708,271.32252025800005,1.2097675800323486,0.7316670417785645,0.05991874262690544,0.19100050628185272
1709,271.48099153299995,1.26889169216156,0.7947198152542114,0.0598418228328228,0.189429372549057
1710,271.64157396999997,1.3021039962768555,0.8318183422088623,0.059760306030511856,0.18787521123886108
1711,271.80128786800003,1.2900481224060059,0.8241829872131348,0.05966794490814209,0.1861073523759842
1712,271.96036168600006,1.1851377487182617,0.7243403792381287,0.059562575072050095,0.18408071994781494
1713,272.11941548699997,1.2449904680252075,0.7896236777305603,0.05944511666893959,0.18190893530845642
1714,272.278840823,1.2913644313812256,0.8411162495613098,0.05931513383984566,0.17986203730106354
1715,272.43760344199995,1.25022554397583,0.8049046993255615,0.05918431654572487,0.17789161205291748
1716,272.59690743,1.239762306213379,0.799575686454773,0.059050511568784714,0.17583845555782318
1717,272.756153154,1.1887017488479614,0.7539241313934326,0.05891013517975807,0.17367540299892426
1718,272.91621473600003,1.2163814306259155,0.7872452139854431,0.05875847116112709,0.1714194416999817
1719,273.07649225800003,1.1184979677200317,0.6952139139175415,0.058601558208465576,0.16907919943332672
1720,273.235863485,1.172495722770691,0.7545909881591797,0.05845757573843002,0.16692803800106049
1721,273.39544841,1.183761715888977,0.7708741426467896,0.0583176426589489,0.16492176055908203
1722,273.55529865899996,1.2049250602722168,0.7959499955177307,0.058181215077638626,0.16335730254650116
1723,273.71495361300003,1.155716896057129,0.7493798732757568,0.058063022792339325,0.16230256855487823
1724,273.87453811600005,1.2182852029800415,0.8138468861579895,0.057966429740190506,0.16154345870018005
1725,274.03381212399995,1.1851091384887695,0.7823355793952942,0.05788283050060272,0.16087791323661804
1726,274.19360676099996,1.1233954429626465,0.7226293087005615,0.05780065059661865,0.16007524728775024
1727,274.353609282,1.22391676902771,0.8253911733627319,0.05772341787815094,0.15917934477329254
1728,274.51391950799996,1.1606098413467407,0.7647444009780884,0.05764049291610718,0.15811562538146973
1729,274.673453034,1.1704927682876587,0.777735710144043,0.0575496144592762,0.15687263011932373
1730,274.83350533400005,1.0767886638641357,0.6874574422836304,0.057449717074632645,0.15550272166728973
1731,274.994187719,1.232412338256836,0.8469160795211792,0.0573434978723526,0.15396910905838013
1732,275.154732933,1.1871012449264526,0.8059773445129395,0.0572308711707592,0.15222063660621643
1733,275.31423673899997,1.2104437351226807,0.8342382311820984,0.05711423605680466,0.1502537727355957
1734,275.473486491,1.1393681764602661,0.7684469223022461,0.05698580667376518,0.1481405645608902
1735,275.632116934,1.1204869747161865,0.7550569772720337,0.05685315281152725,0.14594456553459167
1736,275.79175829300004,1.087174415588379,0.7271499037742615,0.05671770125627518,0.14378291368484497
1737,275.95230879400003,1.107863426208496,0.7530074119567871,0.05657867342233658,0.1417161226272583
1738,276.112260579,1.2400212287902832,0.8896433711051941,0.05644634738564491,0.13992534577846527
1739,276.27167284899997,1.182469129562378,0.8360960483551025,0.056321222335100174,0.13832396268844604
1740,276.431070942,1.0182100534439087,0.6754283905029297,0.056202713400125504,0.13688786327838898
1741,276.591763999,1.1135449409484863,0.7729378342628479,0.05610773339867592,0.13601839542388916
1742,276.751800913,1.079939365386963,0.7403602600097656,0.05602898448705673,0.1356075555086136
1743,276.910027442,1.0828936100006104,0.744197428226471,0.05595887452363968,0.1352546662092209
1744,277.06857677999994,1.0054899454116821,0.667617917060852,0.05589403957128525,0.1349252313375473
1745,277.228548038,1.0901050567626953,0.7519981265068054,0.055840350687503815,0.13501939177513123
1746,277.38836114599997,1.1565496921539307,0.8170047402381897,0.05580129101872444,0.13559478521347046
1747,277.54840043599995,1.0545313358306885,0.713146984577179,0.05578279122710228,0.13633057475090027
1748,277.70724711599996,1.1374863386154175,0.7944838404655457,0.055773790925741196,0.1369779258966446
1749,277.867514056,1.0764129161834717,0.7324293255805969,0.055760376155376434,0.13737042248249054
1750,278.02738450100003,1.094854474067688,0.7503542900085449,0.055743176490068436,0.1375771164894104
1751,278.18734706199996,1.1465017795562744,0.802047610282898,0.05572105571627617,0.13755877315998077
1752,278.346353377,1.099164366722107,0.7554275989532471,0.05569205805659294,0.1372719407081604
1753,278.505748379,1.2013511657714844,0.8590611815452576,0.05565322935581207,0.13669340312480927
1754,278.665933526,1.0716760158538818,0.7312718629837036,0.05561063438653946,0.13593921065330505
1755,278.825214327,1.151691198348999,0.813138484954834,0.05556124076247215,0.13519884645938873
1756,278.98503642900005,1.0978968143463135,0.7613717913627625,0.05550802871584892,0.13438798487186432
1757,279.144816279,1.0959572792053223,0.7614427804946899,0.05545644089579582,0.13358399271965027
1758,279.304241284,1.0363600254058838,0.7030022144317627,0.05541347339749336,0.13312144577503204
1759,279.463435246,1.0651822090148926,0.729755163192749,0.055395081639289856,0.13394922018051147
1760,279.62331640800005,0.9732885360717773,0.6301183700561523,0.05544833466410637,0.13704627752304077
1761,279.78213073300003,1.1863679885864258,0.8306334614753723,0.05558892339468002,0.1420714557170868
1762,279.94248065399995,1.1744084358215332,0.8047930598258972,0.055781587958335876,0.14762303233146667
1763,280.10275403,1.158111333847046,0.775305986404419,0.056009698659181595,0.15289808809757233
1764,280.262241002,1.2432868480682373,0.848703145980835,0.05624808371067047,0.15760846436023712
1765,280.423300348,1.2084341049194336,0.8040531277656555,0.056475766003131866,0.16152650117874146
1766,280.583118515,1.154563546180725,0.7425946593284607,0.05668226629495621,0.16456082463264465
1767,280.74347115,1.2689601182937622,0.8507706522941589,0.05686867609620094,0.16704832017421722
1768,280.90328644299996,1.3128443956375122,0.8892329931259155,0.05703799054026604,0.16921640932559967
1769,281.061950822,1.2357335090637207,0.807828426361084,0.05717642232775688,0.1709333062171936
1770,281.22073527500004,1.2486717700958252,0.8178726434707642,0.057284384965896606,0.1720905303955078
1771,281.38057596600004,1.2447946071624756,0.8126275539398193,0.05736548826098442,0.17263734340667725
1772,281.540329284,1.2524750232696533,0.8200287222862244,0.057428549975156784,0.17274881899356842
1773,281.69992647699996,1.1779747009277344,0.7460896968841553,0.05746428668498993,0.17252415418624878
1774,281.859521018,1.1468803882598877,0.7165850400924683,0.0574745312333107,0.17188824713230133
1775,282.018674283,1.2146626710891724,0.786144495010376,0.05748538672924042,0.17117732763290405
1776,282.17836528199996,1.1523821353912354,0.7252538204193115,0.05749885365366936,0.17062130570411682
1777,282.338448716,1.165403127670288,0.7393860220909119,0.057510554790496826,0.17017678916454315
1778,282.499511827,1.2519314289093018,0.8270869851112366,0.05751723051071167,0.16970768570899963
1779,282.65847258400004,1.2396960258483887,0.8166064023971558,0.057507291436195374,0.16900579631328583
1780,282.81875230799994,1.1903951168060303,0.769153356552124,0.057492054998874664,0.16826672852039337
1781,282.977880261,1.3001211881637573,0.8805205225944519,0.05746771767735481,0.16761039197444916
1782,283.137092046,1.1660863161087036,0.7484240531921387,0.05743371322751045,0.16683515906333923
1783,283.29663951299995,1.2196033000946045,0.8043307065963745,0.05739057436585426,0.16587944328784943
1784,283.455710467,1.1901370286941528,0.7775335907936096,0.05734926834702492,0.16481195390224457
1785,283.615310464,1.1671521663665771,0.7576061487197876,0.05730161443352699,0.163589209318161
1786,283.774600555,1.2204227447509766,0.8142451643943787,0.05724719911813736,0.1622420698404312
1787,283.93385511099996,1.2240192890167236,0.8215662240982056,0.05717923119664192,0.16075251996517181
1788,284.093847128,1.235051155090332,0.8369191884994507,0.05709700658917427,0.1590244174003601
1789,284.25490122099995,1.1534712314605713,0.7603670358657837,0.05700447037816048,0.1570136845111847
1790,284.41442343899996,1.2299363613128662,0.842272162437439,0.056902747601270676,0.15483807027339935
1791,284.57363868799996,1.2029478549957275,0.8210628032684326,0.0567898154258728,0.1525268256664276
1792,284.733963903,1.1564161777496338,0.7808002233505249,0.05666482821106911,0.15001973509788513
1793,284.89371356799995,1.1362154483795166,0.7658728957176208,0.056538358330726624,0.14791083335876465
1794,285.052195731,1.1697795391082764,0.803539514541626,0.05642736330628395,0.146270290017128
1795,285.210948528,1.1818324327468872,0.8193535804748535,0.05632555112242699,0.14476622641086578
1796,285.37138566,1.1961078643798828,0.837058424949646,0.05623187869787216,0.14339487254619598
1797,285.531130942,1.1793791055679321,0.8235698938369751,0.056143298745155334,0.14209912717342377
1798,285.69075642300004,1.2255921363830566,0.873098611831665,0.05605548247694969,0.140773206949234
1799,285.850055871,1.0633814334869385,0.7139161229133606,0.05597890540957451,0.13956217467784882
1800,286.01041360600004,1.1029270887374878,0.7562429904937744,0.05589873343706131,0.13845005631446838
1801,286.188501898,1.0602173805236816,0.7141118049621582,0.0558609738945961,0.13821876049041748
1802,286.34794066100005,1.0911171436309814,0.7438374757766724,0.055853221565485,0.13868841528892517
1803,286.50668457899997,1.123970627784729,0.7749563455581665,0.05586078763008118,0.1393822580575943
1804,286.666980352,1.1147958040237427,0.764041543006897,0.055879585444927216,0.14007817208766937
1805,286.827189924,1.1109209060668945,0.7585592269897461,0.05590611323714256,0.14072103798389435
1806,286.986412975,1.1375315189361572,0.7839149236679077,0.05593668296933174,0.14122286438941956
1807,287.146317428,1.1650999784469604,0.8108923435211182,0.05595609173178673,0.14145921170711517
1808,287.30707579,1.118911623954773,0.7647957801818848,0.05596513673663139,0.14142248034477234
1809,287.46666245100005,1.1050851345062256,0.7512179613113403,0.0559721365571022,0.1413230001926422
1810,287.626013262,1.181243896484375,0.8258700370788574,0.05598757788538933,0.14192557334899902
1811,287.78497228599997,1.0642894506454468,0.7061148285865784,0.05602020025253296,0.14304576814174652
1812,287.943971769,1.2111563682556152,0.8465964198112488,0.056100860238075256,0.1455995887517929
1813,288.10391131899996,1.169345736503601,0.7955368757247925,0.05624247342348099,0.14929857850074768
1814,288.263066491,1.128144383430481,0.7451980113983154,0.056407246738672256,0.1529528945684433
1815,288.42260579799995,1.263254165649414,0.8695731163024902,0.05660349875688553,0.15724600851535797
1816,288.58338799399996,1.1990665197372437,0.7933110594749451,0.0568356029689312,0.16207486391067505
1817,288.74310659900004,1.2105069160461426,0.7935135364532471,0.05708131566643715,0.16656900942325592
1818,288.902253105,1.2099781036376953,0.7835243344306946,0.05731406807899475,0.17035222053527832
1819,289.061533468,1.2434921264648438,0.8093974590301514,0.05753173679113388,0.17340774834156036
1820,289.22009562799997,1.2301658391952515,0.7902110815048218,0.057725753635168076,0.1757510006427765
1821,289.38015705199996,1.2888871431350708,0.8449349403381348,0.05788987874984741,0.17734932899475098
1822,289.53910388199995,1.1622207164764404,0.7160266637802124,0.058017827570438385,0.17824554443359375
1823,289.699794313,1.2784825563430786,0.8313329219818115,0.058105822652578354,0.17862743139266968
1824,289.86067054800003,1.2423192262649536,0.7951868772506714,0.05816848203539848,0.17862027883529663
1825,290.02075855,1.1592828035354614,0.7131877541542053,0.05820732191205025,0.17820517718791962
1826,290.180248089,1.219069004058838,0.7748866677284241,0.058218054473400116,0.17744006216526031
1827,290.34080194399996,1.2689276933670044,0.8273826241493225,0.05820780619978905,0.17638517916202545
1828,290.49992322900005,1.1471668481826782,0.708254873752594,0.058185841888189316,0.17533205449581146
1829,290.65942261500004,1.299822211265564,0.8626005053520203,0.05815502256155014,0.17465604841709137
1830,290.81945343300004,1.267329454421997,0.8314306735992432,0.058118343353271484,0.17412705719470978
1831,290.978817961,1.2283439636230469,0.7941509485244751,0.05807122588157654,0.1734449416399002
1832,291.139407614,1.2026033401489258,0.7707095146179199,0.05802043154835701,0.17252545058727264
1833,291.299302756,1.285398006439209,0.8563893437385559,0.057962000370025635,0.17137160897254944
1834,291.45784471499996,1.2136118412017822,0.7881538271903992,0.057888202369213104,0.1699516326189041
1835,291.616868955,1.1319226026535034,0.7106015086174011,0.05780188366770744,0.16829721629619598
1836,291.77602163999995,1.163959264755249,0.7470741271972656,0.0577022060751915,0.16652323305606842
1837,291.93643602,1.2373745441436768,0.8248082995414734,0.05759187415242195,0.1647961139678955
1838,292.096840787,1.2251468896865845,0.8168033361434937,0.05748668313026428,0.1631074696779251
1839,292.255964416,1.1419386863708496,0.7380357980728149,0.05737533047795296,0.1613316684961319
1840,292.41682317100003,1.2048041820526123,0.8052200078964233,0.057266704738140106,0.15960459411144257
1841,292.57779823600004,1.2086479663848877,0.8130173683166504,0.05716168135404587,0.15802361071109772
1842,292.738302355,1.1513381004333496,0.7597285509109497,0.057055819779634476,0.15641559660434723
1843,292.899095225,1.1732332706451416,0.7859699726104736,0.05694511532783508,0.15467751026153564
1844,293.06053287400005,1.204869270324707,0.8174921274185181,0.056892845779657364,0.15472328662872314
1845,293.219714944,1.1416542530059814,0.7498078346252441,0.056905411183834076,0.15651093423366547
1846,293.378150904,1.1928629875183105,0.7918380498886108,0.05698560178279877,0.16018202900886536
1847,293.53819744099997,1.172107458114624,0.7585163712501526,0.05715485289692879,0.16520783305168152
1848,293.69908550800005,1.1839872598648071,0.7578846216201782,0.05737391486763954,0.1702115684747696
1849,293.85849811900005,1.188098669052124,0.7509058713912964,0.05760037153959274,0.17464673519134521
1850,294.017807049,1.2022520303726196,0.7559370994567871,0.05781969800591469,0.17829468846321106
1851,294.17833584100003,1.1871962547302246,0.7335273623466492,0.05803032964468002,0.18123546242713928
1852,294.338698497,1.2627850770950317,0.8028063178062439,0.0582224503159523,0.18375860154628754
1853,294.498660136,1.2059929370880127,0.7403215169906616,0.05839156731963158,0.18603503704071045
1854,294.65857301999995,1.215977668762207,0.7437626719474792,0.05856017768383026,0.18865174055099487
1855,294.817869802,1.271286964416504,0.7917935252189636,0.05874659866094589,0.19156236946582794
1856,294.97788866300004,1.1819593906402588,0.6957813501358032,0.058928776532411575,0.19423547387123108
1857,295.13771963199997,1.2627302408218384,0.7701998353004456,0.059102918952703476,0.19677574932575226
1858,295.29666156300004,1.3352148532867432,0.83664870262146,0.059265077114105225,0.19918937981128693
1859,295.45653451,1.2788103818893433,0.7750262022018433,0.05941208079457283,0.2012760043144226
1860,295.616486906,1.2834038734436035,0.7753728628158569,0.05953674018383026,0.20297423005104065
1861,295.775951137,1.33721125125885,0.8260399699211121,0.05963759869337082,0.2042299509048462
1862,295.93530291499997,1.2517647743225098,0.7388104200363159,0.05970856547355652,0.20494288206100464
1863,296.09462646199995,1.2224429845809937,0.708831250667572,0.05976245552301407,0.20520566403865814
1864,296.2546297,1.2610962390899658,0.7475528717041016,0.05979722738265991,0.2051781862974167
1865,296.413627036,1.2605795860290527,0.7479022145271301,0.05981609597802162,0.20483167469501495
1866,296.57205379899995,1.255852222442627,0.7448536157608032,0.05981699004769325,0.2041601836681366
1867,296.731264195,1.3222273588180542,0.8138406872749329,0.059797536581754684,0.20311549305915833
1868,296.890729483,1.3382720947265625,0.8336083292961121,0.05974971130490303,0.20162652432918549
1869,297.049863426,1.2133431434631348,0.7134242653846741,0.05967424809932709,0.1997288316488266
1870,297.208355215,1.2868380546569824,0.7910104990005493,0.0595826730132103,0.19809268414974213
1871,297.367660281,1.2554945945739746,0.7626820802688599,0.0595085434615612,0.19688697159290314
1872,297.52668090300006,1.2851154804229736,0.7951810956001282,0.05944126844406128,0.19573599100112915
1873,297.686374977,1.290690541267395,0.799715518951416,0.05943877249956131,0.19615225493907928
1874,297.845983629,1.295043706893921,0.7991064190864563,0.05951247364282608,0.19813686609268188
1875,298.00466117200006,1.2919142246246338,0.7897857427597046,0.05961976572871208,0.20061293244361877
1876,298.16371291200005,1.274958610534668,0.7667642831802368,0.05974799022078514,0.20303870737552643
1877,298.32352920999995,1.2752118110656738,0.7614163160324097,0.05988522991538048,0.2052786648273468
1878,298.481984711,1.2114155292510986,0.6926603317260742,0.060020193457603455,0.20726197957992554
1879,298.641635864,1.2670791149139404,0.7436302900314331,0.0601445809006691,0.2091389149427414
1880,298.80166482100003,1.2931948900222778,0.7653443813323975,0.06026202812790871,0.21089915931224823
1881,298.960724818,1.3085848093032837,0.7770529985427856,0.06036761403083801,0.21237124502658844
1882,299.119750941,1.2289352416992188,0.6947633624076843,0.06046086549758911,0.21342690289020538
1883,299.27927292000004,1.352125883102417,0.8146246671676636,0.0605551153421402,0.2147582769393921
1884,299.43903058800004,1.352407455444336,0.8105409741401672,0.060667332261800766,0.21650390326976776
1885,299.59907691499996,1.262940764427185,0.7170449495315552,0.06077824905514717,0.2181152105331421
1886,299.757637856,1.3129305839538574,0.7636133432388306,0.06088147312402725,0.2194833904504776
1887,299.91799636400003,1.3419770002365112,0.7889226675033569,0.06098780408501625,0.220977783203125
1888,300.07752818100005,1.3666186332702637,0.808480978012085,0.061126258224248886,0.2230105847120285
1889,300.237783111,1.3127801418304443,0.7488109469413757,0.06127748638391495,0.2253425568342209
1890,300.39697061899994,1.3201797008514404,0.7487783432006836,0.06146491691470146,0.22831471264362335
1891,300.555361272,1.422836422920227,0.8426704406738281,0.06168613210320473,0.23181964457035065
1892,300.71559658800004,1.4105710983276367,0.8219761848449707,0.06191320717334747,0.235190287232399
1893,300.874829534,1.3911526203155518,0.7954716682434082,0.06212235242128372,0.23802389204502106
1894,301.03514410599996,1.3472297191619873,0.7462090253829956,0.06230917200446129,0.2401590645313263
1895,301.195146981,1.2743816375732422,0.6699612736701965,0.06246497482061386,0.2415182888507843
1896,301.35606538900004,1.295210838317871,0.6875171065330505,0.06259972602128983,0.2428271323442459
1897,301.516256332,1.380858063697815,0.7685763239860535,0.06274622678756714,0.24466171860694885
1898,301.67519869800003,1.3582994937896729,0.7407926321029663,0.06290789693593979,0.24675112962722778
1899,301.834364424,1.425957202911377,0.8038866519927979,0.06306029856204987,0.24857598543167114
1900,301.99270670199996,1.4288926124572754,0.8034968972206116,0.06318722665309906,0.249905526638031
1901,302.168745089,1.3705371618270874,0.7433546781539917,0.06328246742486954,0.2506198585033417
1902,302.32866865100004,1.418073296546936,0.7906562685966492,0.06334095448255539,0.25071343779563904
1903,302.488121093,1.4492783546447754,0.8229674696922302,0.06336987018585205,0.25027087330818176
1904,302.64750990100003,1.3698222637176514,0.7448006868362427,0.06338711082935333,0.24975508451461792
1905,302.806393396,1.436354398727417,0.8125848174095154,0.06339012086391449,0.2492542862892151
1906,302.965368031,1.419398546218872,0.7974185347557068,0.06337796896696091,0.24853850901126862
1907,303.12528717199996,1.4053947925567627,0.786119818687439,0.06334850192070007,0.2474566251039505
1908,303.28400303800004,1.4184621572494507,0.8029437065124512,0.0632886216044426,0.2459542155265808
1909,303.44275793199995,1.4378032684326172,0.824406623840332,0.06325666606426239,0.24510563910007477
1910,303.602255031,1.3906731605529785,0.77740877866745,0.06326208263635635,0.24505269527435303
1911,303.76116894200004,1.41874098777771,0.8052561283111572,0.0632811188697815,0.24514085054397583
1912,303.91980713400005,1.3493432998657227,0.7361000776290894,0.06329745054244995,0.24504409730434418
1913,304.07943483300005,1.3896856307983398,0.7771232724189758,0.06331056356430054,0.24477170407772064
1914,304.23964841300005,1.32460355758667,0.7132872343063354,0.0633048489689827,0.2442733198404312
1915,304.39868673800004,1.4238204956054688,0.8143144249916077,0.06328079849481583,0.24354930222034454
1916,304.558451773,1.3277287483215332,0.7205634117126465,0.06324855238199234,0.24261315166950226
1917,304.71773470200003,1.3920845985412598,0.7878683805465698,0.06319539994001389,0.24143370985984802
1918,304.876773471,1.4507737159729004,0.8500982522964478,0.06313175708055496,0.24001765251159668
1919,305.03518024100003,1.3932509422302246,0.7967475652694702,0.06305254250764847,0.23834915459156036
1920,305.195073146,1.3044872283935547,0.7128928899765015,0.06294853985309601,0.23638591170310974
1921,305.356223495,1.4326564073562622,0.8448108434677124,0.06287018209695816,0.23488673567771912
1922,305.51568552000003,1.350332260131836,0.7645512223243713,0.06281149387359619,0.23406116664409637
1923,305.675590534,1.3400249481201172,0.7555702924728394,0.06276381760835648,0.23353080451488495
1924,305.835657145,1.3427245616912842,0.7593319416046143,0.0627356767654419,0.23310613632202148
1925,305.99565208499996,1.2649950981140137,0.6829640865325928,0.06270865350961685,0.23256158828735352
1926,306.15481574800003,1.3931748867034912,0.8097164630889893,0.06271235644817352,0.23313255608081818
1927,306.31343181299997,1.369612455368042,0.7819762229919434,0.06277357041835785,0.23480336368083954
1928,306.474180469,1.3636376857757568,0.7714680433273315,0.06286899745464325,0.23661638796329498
1929,306.63407463399994,1.3416962623596191,0.7449827194213867,0.06299668550491333,0.23843345046043396
1930,306.793403569,1.4683685302734375,0.8673310279846191,0.06313492357730865,0.24016249179840088
1931,306.95290029700004,1.3954694271087646,0.7909343242645264,0.06325887143611908,0.24156101047992706
1932,307.112325157,1.3319332599639893,0.725066065788269,0.0633552074432373,0.24249346554279327
1933,307.27202965799995,1.4405725002288818,0.8324531316757202,0.06343363970518112,0.2429940104484558
1934,307.431224723,1.2328015565872192,0.6245862245559692,0.06348318606615067,0.24303220212459564
1935,307.59023415499996,1.3898589611053467,0.7821924686431885,0.063515305519104,0.24281255900859833
1936,307.750571173,1.4056646823883057,0.7989300489425659,0.06353301554918289,0.24243971705436707
1937,307.91018612000005,1.3805638551712036,0.7754489779472351,0.06353304535150528,0.24179182946681976
1938,308.06988729399995,1.4085432291030884,0.8059362173080444,0.06351044028997421,0.2407887727022171
1939,308.22958555,1.3672525882720947,0.7681348919868469,0.06346021592617035,0.23939326405525208
1940,308.388817335,1.3354034423828125,0.7406773567199707,0.06338762491941452,0.23763689398765564
1941,308.548393649,1.3916585445404053,0.8021472692489624,0.06329330056905746,0.2355513572692871
1942,308.7081801979999,1.3430163860321045,0.7594568133354187,0.06317554414272308,0.23317115008831024
1943,308.86690977499995,1.344726324081421,0.7676584720611572,0.0630423054099083,0.23057499527931213
1944,309.0260435009999,1.3714755773544312,0.8012890815734863,0.06288842856884003,0.22782304883003235
1945,309.1856545280001,1.3297483921051025,0.7666895389556885,0.06271475553512573,0.2249726504087448
1946,309.3448532809999,1.2950259447097778,0.7390649318695068,0.0625380203127861,0.22213426232337952
1947,309.50501946299994,1.3651291131973267,0.8162814378738403,0.06235407292842865,0.2192896604537964
1948,309.664643661,1.2938909530639648,0.7522307634353638,0.06216469779610634,0.2164153903722763
1949,309.82341180900005,1.3109686374664307,0.7763479948043823,0.06197569519281387,0.21360035240650177
1950,309.982328919,1.3381072282791138,0.8103910684585571,0.061786871403455734,0.21083931624889374
1951,310.1415948939999,1.2707080841064453,0.7498424053192139,0.06159214302897453,0.20809993147850037
1952,310.3009362240001,1.2583249807357788,0.7423114776611328,0.06143024563789368,0.20615969598293304
1953,310.46072773699996,1.2706942558288574,0.7574642896652222,0.06130664795637131,0.20504675805568695
1954,310.62038293600006,1.2230730056762695,0.7118250131607056,0.061204731464385986,0.2042543888092041
1955,310.779376049,1.1896055936813354,0.6802562475204468,0.06113090366125107,0.20349520444869995
1956,310.93861260100005,1.2904839515686035,0.7827537059783936,0.0610661655664444,0.20284786820411682
1957,311.09783950300005,1.2709872722625732,0.7647881507873535,0.06100272014737129,0.2022356241941452
1958,311.2562448750001,1.254023551940918,0.7493237853050232,0.06094195693731308,0.20163613557815552
1959,311.416233669,1.253854513168335,0.7508131861686707,0.060875579714775085,0.20097306370735168
1960,311.575046263,1.330963134765625,0.827873945236206,0.06084123253822327,0.20099230110645294
1961,311.73490699599995,1.3807011842727661,0.8756896257400513,0.06083567067980766,0.20176126062870026
1962,311.8953654569999,1.3168270587921143,0.8096698522567749,0.06084609404206276,0.2026195079088211
1963,312.0541868419999,1.1567134857177734,0.6480681300163269,0.06085677072405815,0.20321471989154816
1964,312.214116664,1.2119218111038208,0.702240526676178,0.06086607277393341,0.2036290317773819
1965,312.37409780099995,1.3092308044433594,0.7981503009796143,0.06087978929281235,0.20418865978717804
1966,312.5326735069999,1.273107886314392,0.7604707479476929,0.060902949422597885,0.2048112452030182
1967,312.691877761,1.2707526683807373,0.7570288181304932,0.0609222948551178,0.20524588227272034
1968,312.850997999,1.2367496490478516,0.7224786281585693,0.06093786656856537,0.20546464622020721
1969,313.0106639270001,1.248792290687561,0.7329893112182617,0.06096576899290085,0.20607733726501465
1970,313.1703446339999,1.356736183166504,0.8386236429214478,0.06100809946656227,0.20700101554393768
1971,313.3296256110001,1.3040611743927002,0.7840248346328735,0.0610436350107193,0.20777036249637604
1972,313.4889835089999,1.3483476638793945,0.8272738456726074,0.06106983497738838,0.20818524062633514
1973,313.6474755969999,1.3392491340637207,0.8182889223098755,0.06107472628355026,0.20813976228237152
1974,313.8075385630001,1.3135356903076172,0.7938810586929321,0.06105488911271095,0.2076176255941391
1975,313.9674159550001,1.3928260803222656,0.8752321004867554,0.06101938709616661,0.20679354667663574
1976,314.1274121140001,1.344130277633667,0.8293368220329285,0.06096222624182701,0.20567350089550018
1977,314.28833075499995,1.2995295524597168,0.7884368896484375,0.060879599303007126,0.20419351756572723
1978,314.4488197669999,1.2827305793762207,0.7760255932807922,0.06078210473060608,0.20243887603282928
1979,314.6088335139999,1.2774593830108643,0.7756397724151611,0.06067314371466637,0.20048512518405914
1980,314.7684789609999,1.2819910049438477,0.7801823019981384,0.06062017381191254,0.20048098266124725
1981,314.9275463800001,1.3156483173370361,0.8088659644126892,0.06066378578543663,0.20247028768062592
1982,315.08633343300005,1.2840607166290283,0.7710394859313965,0.06077229231595993,0.20496542751789093
1983,315.24556549600004,1.2997331619262695,0.7808197736740112,0.060906074941158295,0.20732173323631287
1984,315.4058713149999,1.2540297508239746,0.7301497459411621,0.0610349103808403,0.20930783450603485
1985,315.5651007729999,1.3180346488952637,0.7903989553451538,0.06115400791168213,0.21080966293811798
1986,315.72487425399993,1.3303470611572266,0.7999873161315918,0.06125852093100548,0.21189886331558228
1987,315.8851282080001,1.3393893241882324,0.8068951368331909,0.06134619563817978,0.2127523124217987
1988,316.04538011600005,1.2177711725234985,0.6837934255599976,0.06141817197203636,0.21334542334079742
1989,316.2050368030001,1.3658874034881592,0.8305931687355042,0.061481960117816925,0.21387173235416412
1990,316.36310235400003,1.2791037559509277,0.7427188158035278,0.0615360327064991,0.21430782973766327
1991,316.521563613,1.322183609008789,0.7854181528091431,0.06157359480857849,0.2144598662853241
1992,316.6814888980001,1.2752548456192017,0.7388278245925903,0.061587389558553696,0.2143244445323944
1993,316.8413141340001,1.4131543636322021,0.8771964311599731,0.061590030789375305,0.21413683891296387
1994,317.00115016100006,1.3440454006195068,0.8088176250457764,0.06158771738409996,0.21384471654891968
1995,317.161333594,1.3265315294265747,0.792192816734314,0.06158171221613884,0.21348914504051208
1996,317.3218603030001,1.3584816455841064,0.8252612352371216,0.061569008976221085,0.21304187178611755
1997,317.4810164060001,1.2665700912475586,0.7350874543190002,0.061543647199869156,0.2123468667268753
1998,317.6415708359999,1.3371427059173584,0.8074061274528503,0.06150546669960022,0.2116485834121704
1999,317.80136022499994,1.2557798624038696,0.7277345657348633,0.06145855784416199,0.21097227931022644
2000,317.9598283690001,1.313838005065918,0.7878179550170898,0.061404332518577576,0.21016238629817963
2001,318.1581282850001,1.3117625713348389,0.7883764505386353,0.06134011223912239,0.2091090828180313
2002,318.3182331469999,1.3018651008605957,0.781887412071228,0.06126299127936363,0.20774602890014648
2003,318.478497792,1.272470474243164,0.7561825513839722,0.06118325889110565,0.20627041161060333
2004,318.639005357,1.2612518072128296,0.7488824725151062,0.061093736439943314,0.20470336079597473
2005,318.7987819660001,1.28535795211792,0.7774375081062317,0.060990724712610245,0.2029242068529129
2006,318.958665453,1.2716755867004395,0.7686179280281067,0.06088210269808769,0.200979545712471
2007,319.11885192700004,1.284231185913086,0.7863314151763916,0.06075925752520561,0.19891685247421265
2008,319.27754443900005,1.3414762020111084,0.8491455316543579,0.06062399968504906,0.19668975472450256
2009,319.437182367,1.2708966732025146,0.7845629453659058,0.06048000603914261,0.19429154694080353
2010,319.597455621,1.258544683456421,0.7786588668823242,0.060323040932416916,0.19171302020549774
2011,319.7566467360001,1.2644517421722412,0.7914000749588013,0.06015428900718689,0.18898002803325653
2012,319.9167790590001,1.2067375183105469,0.7408642172813416,0.059973783791065216,0.18610943853855133
2013,320.077964703,1.2085505723953247,0.7501885890960693,0.05978734791278839,0.18310564756393433
2014,320.23913143900006,1.2948386669158936,0.8429365158081055,0.05960049480199814,0.18052248656749725
2015,320.3989790920001,1.2176238298416138,0.7710965275764465,0.059432078152894974,0.17837318778038025
2016,320.557882961,1.2628123760223389,0.8208966851234436,0.059276994317770004,0.176529198884964
2017,320.7164049679999,1.2183477878570557,0.7804717421531677,0.05913212522864342,0.17491385340690613
2018,320.8758660259999,1.202237606048584,0.7683314681053162,0.05898958444595337,0.1733265072107315
2019,321.0349158150001,1.0832918882369995,0.6527676582336426,0.05886058136820793,0.17197425663471222
2020,321.19482926800003,1.1816191673278809,0.7532392144203186,0.05874974653124809,0.17111699283123016
2021,321.3544890060001,1.214840292930603,0.7868667244911194,0.05867234990000725,0.17095471918582916
2022,321.51532666900005,1.2049250602722168,0.7766331434249878,0.05861470103263855,0.1710822880268097
2023,321.6750464800001,1.2436920404434204,0.8153582811355591,0.05856736749410629,0.1710992306470871
2024,321.8344416829999,1.1238352060317993,0.6953995227813721,0.05851706117391586,0.17114020884037018
2025,321.99354674099993,1.1445056200027466,0.714663028717041,0.058488138020038605,0.17170307040214539
2026,322.1521238700001,1.3194671869277954,0.8871665000915527,0.05847644805908203,0.172686368227005
2027,322.31178788299997,1.2765334844589233,0.84172523021698,0.05847955122590065,0.17368938028812408
2028,322.4709448750001,1.2232465744018555,0.7864689826965332,0.058485645800828934,0.17447711527347565
2029,322.630794969,1.1787033081054688,0.7401981949806213,0.05848592892289162,0.17516812682151794
2030,322.79125955200004,1.2006402015686035,0.7602458000183105,0.05849676579236984,0.17592374980449677
2031,322.950579253,1.2800425291061401,0.8380828499794006,0.05850774794816971,0.17654985189437866
2032,323.109723441,1.1711218357086182,0.7283307313919067,0.0585111603140831,0.17688240110874176
2033,323.2677094290001,1.2413041591644287,0.798635721206665,0.05850428342819214,0.1768333911895752
2034,323.4276392370001,1.2470507621765137,0.8055940866470337,0.058481089770793915,0.1763487607240677
2035,323.5870882790001,1.1906108856201172,0.7511179447174072,0.05844330042600632,0.17556339502334595
2036,323.74644537300003,1.2369858026504517,0.8000422120094299,0.058392930775880814,0.1745438575744629
2037,323.90653708799994,1.2224516868591309,0.7886593341827393,0.058332107961177826,0.17328359186649323
2038,324.06731722999996,1.2091662883758545,0.7791053056716919,0.05826152116060257,0.17179131507873535
2039,324.22703046799995,1.1543619632720947,0.7253748178482056,0.05822025239467621,0.17136196792125702
2040,324.3862690469999,1.2787152528762817,0.8480294942855835,0.058225490152835846,0.1720414012670517
2041,324.54477000500003,1.2217938899993896,0.7888364791870117,0.05825672671198845,0.1729499101638794
2042,324.7037244689999,1.230419397354126,0.7955363988876343,0.05829513818025589,0.17372001707553864
2043,324.8638734120001,1.165931224822998,0.7297611832618713,0.05832881107926369,0.17423467338085175
2044,325.024691491,1.2320374250411987,0.7952846884727478,0.05835067108273506,0.17446768283843994
2045,325.18369014200005,1.139954686164856,0.7033118009567261,0.058364108204841614,0.1744236797094345
2046,325.3435224450001,1.2102326154708862,0.7738831043243408,0.058361783623695374,0.17430636286735535
2047,325.50283538299993,1.1114767789840698,0.6748700141906738,0.05836057662963867,0.17440925538539886
2048,325.66281453299996,1.2916905879974365,0.8540428876876831,0.05837332084774971,0.17482559382915497
2049,325.822007311,1.284986972808838,0.8461109399795532,0.05840107798576355,0.17531681060791016
2050,325.9807245579999,1.2280552387237549,0.788465678691864,0.05842752382159233,0.17560212314128876
2051,326.14057236199994,1.276768445968628,0.8373079299926758,0.058445196598768234,0.1755504310131073
2052,326.301537104,1.2530289888381958,0.8147163987159729,0.05844299867749214,0.17509126663208008
2053,326.4602021899999,1.2670339345932007,0.8306906223297119,0.05841992050409317,0.17430365085601807
2054,326.620165682,1.1999180316925049,0.7656391859054565,0.05838559940457344,0.17347799241542816
2055,326.7810638479999,1.2391078472137451,0.806119978427887,0.05835983529686928,0.1729617416858673
2056,326.9405284200001,1.2403228282928467,0.8070027828216553,0.05835118889808655,0.17309463024139404
2057,327.09974358400007,1.1567116975784302,0.7220203876495361,0.05835329741239548,0.173643097281456
2058,327.2591040409999,1.2490262985229492,0.8128522634506226,0.05836084857583046,0.17423617839813232
2059,327.41785352399995,1.2093055248260498,0.7714782953262329,0.0583779513835907,0.17489735782146454
2060,327.5777693849999,1.177780270576477,0.7376463413238525,0.05840384215116501,0.17581993341445923
2061,327.7371538450001,1.2116106748580933,0.7689544558525085,0.058433644473552704,0.17682874202728271
2062,327.8969697430001,1.1584975719451904,0.7134922742843628,0.05846058204770088,0.1777682602405548
2063,328.05666779699993,1.1544790267944336,0.7070958614349365,0.058497630059719086,0.17871929705142975
2064,328.216296684,1.2955665588378906,0.8456651568412781,0.05853450298309326,0.17972643673419952
2065,328.3762935220001,1.2230867147445679,0.770460307598114,0.05857423320412636,0.18081626296043396
2066,328.53488574999994,1.1922500133514404,0.7369922399520874,0.05861604958772659,0.18186862766742706
2067,328.6940018419999,1.2329587936401367,0.7754741311073303,0.058652400970458984,0.18275928497314453
2068,328.8538111219999,1.2288801670074463,0.7698065042495728,0.05868702381849289,0.18339474499225616
2069,329.012485353,1.2253825664520264,0.7653156518936157,0.05871967971324921,0.1837918609380722
2070,329.1718980019999,1.1776601076126099,0.7173370718955994,0.05873630568385124,0.18389426171779633
2071,329.332627506,1.2173885107040405,0.7575381994247437,0.05873730406165123,0.1837051808834076
2072,329.49339111200004,1.2135196924209595,0.753749668598175,0.05875253304839134,0.18367299437522888
2073,329.65311965600006,1.1938039064407349,0.7336632013320923,0.05877295881509781,0.1838211864233017
2074,329.8125111840001,1.2216717004776,0.7611833810806274,0.058784183114767075,0.1839602142572403
2075,329.971571746,1.2945479154586792,0.8341930508613586,0.058794762939214706,0.18390677869319916
2076,330.1308140079999,1.2238928079605103,0.7645992636680603,0.058797214180231094,0.18348222970962524
2077,330.2907774270001,1.279595136642456,0.822431206703186,0.05878055468201637,0.18263046443462372
2078,330.4521248320001,1.3092302083969116,0.8551954030990601,0.05875018611550331,0.18137890100479126
2079,330.6115511249999,1.2718950510025024,0.8218957781791687,0.058701563626527786,0.17976492643356323
2080,330.77176179700007,1.2271497249603271,0.7820734977722168,0.058629196137189865,0.17779599130153656
2081,330.9322521170001,1.1082398891448975,0.6688439249992371,0.05853370949625969,0.17552423477172852
2082,331.09130408199997,1.263938546180725,0.8306434154510498,0.058425310999155045,0.1730843484401703
2083,331.25012112,1.121310830116272,0.6941541433334351,0.05830924212932587,0.17062942683696747
2084,331.4095735899999,1.1791492700576782,0.7581163048744202,0.05818571522831917,0.1681804358959198
2085,331.56924416000004,1.1574350595474243,0.742642879486084,0.05805429071187973,0.16568465530872345
2086,331.72948254100004,1.2181265354156494,0.8095706701278687,0.057914674282073975,0.16319067776203156
2087,331.88996177399997,1.1936051845550537,0.7891212701797485,0.05779704451560974,0.16156235337257385
2088,332.048952666,1.1626715660095215,0.7600412368774414,0.05771674960851669,0.16082128882408142
2089,332.2099344889999,1.1489864587783813,0.7472625374794006,0.05766555294394493,0.16045890748500824
2090,332.371603898,1.1537621021270752,0.7524213194847107,0.057628847658634186,0.16030578315258026
2091,332.5323353780001,1.1630582809448242,0.7582842707633972,0.057659849524497986,0.1616789847612381
2092,332.6935118790001,1.1337156295776367,0.7219244837760925,0.05776127800345421,0.1644853800535202
2093,332.8548474339999,1.214916706085205,0.7949434518814087,0.05788516253232956,0.16775774955749512
2094,333.0149310999999,1.2538617849349976,0.8257350921630859,0.058031048625707626,0.1710185557603836
2095,333.17435786199997,1.2712087631225586,0.8358160853385925,0.058188773691654205,0.17392435669898987
2096,333.3338696730001,1.2266638278961182,0.7851040363311768,0.058345355093479156,0.17639051377773285
2097,333.49236006800004,1.22100830078125,0.7740578651428223,0.05848635733127594,0.1785462200641632
2098,333.652066473,1.174080729484558,0.7226806879043579,0.05860757455229759,0.18032558262348175
2099,333.812649739,1.2287826538085938,0.7738520503044128,0.058705542236566544,0.18173739314079285
2100,333.971903559,1.2832802534103394,0.8233152627944946,0.05883055552840233,0.1837506741285324
2101,334.1494589539999,1.2055530548095703,0.7392823696136475,0.05897284299135208,0.18627238273620605
2102,334.308712551,1.2906326055526733,0.8184916377067566,0.05912471190094948,0.18861991167068481
2103,334.467491212,1.271775722503662,0.7949663400650024,0.05926559492945671,0.19048668444156647
2104,334.6269571449999,1.3681632280349731,0.88785719871521,0.05938350036740303,0.1918848752975464
2105,334.7873751579999,1.3113622665405273,0.828781247138977,0.05947953462600708,0.19279450178146362
2106,334.94722491100003,1.2566189765930176,0.7730997800827026,0.05955168604850769,0.1931694895029068
2107,335.107389185,1.3254663944244385,0.8423382639884949,0.0595957413315773,0.19301284849643707
2108,335.2662884739999,1.2903382778167725,0.8088516592979431,0.05961110442876816,0.1923561841249466
2109,335.4255994440001,1.2750897407531738,0.7960929870605469,0.05960099399089813,0.19136029481887817
2110,335.585187368,1.190328598022461,0.7145097851753235,0.05956767126917839,0.19008924067020416
2111,335.74355501499997,1.1932930946350098,0.7207092046737671,0.05952242761850357,0.18879546225070953
2112,335.902060128,1.2063325643539429,0.7363952398300171,0.05946626141667366,0.18773704767227173
2113,336.0622453110001,1.2010767459869385,0.7325934171676636,0.05943429097533226,0.1871556043624878
2114,336.221606792,1.1874973773956299,0.7193571329116821,0.059410396963357925,0.18701845407485962
2115,336.3817526030001,1.2579164505004883,0.7896065711975098,0.059400524944067,0.1870863437652588
2116,336.542004991,1.183263897895813,0.7147191762924194,0.05938990041613579,0.1871803253889084
2117,336.7025663840001,1.3460009098052979,0.8771846294403076,0.059379976242780685,0.18728896975517273
2118,336.86314401900006,1.1554796695709229,0.6866487264633179,0.059366386383771896,0.18729490041732788
2119,337.02320384100005,1.2796686887741089,0.810490608215332,0.05935601145029068,0.18743382394313812
2120,337.18249774000003,1.2283145189285278,0.758571982383728,0.05934939160943031,0.1876596063375473
2121,337.341901912,1.183872938156128,0.7139289975166321,0.05933471396565437,0.1877402514219284
2122,337.500589653,1.3379168510437012,0.8675423264503479,0.05931200087070465,0.18791256844997406
2123,337.6611095239999,1.2647074460983276,0.7938726544380188,0.059296898543834686,0.18809673190116882
2124,337.8206960209999,1.2976620197296143,0.8269441723823547,0.059274185448884964,0.1880500614643097
2125,337.98041212500004,1.2517542839050293,0.7819880247116089,0.05924699082970619,0.1876695156097412
2126,338.14083790000007,1.1895643472671509,0.7217157483100891,0.059203632175922394,0.18690262734889984
2127,338.3011688360001,1.2769014835357666,0.8100629448890686,0.05916804447770119,0.1864987313747406
2128,338.4617336360001,1.2701935768127441,0.8031419515609741,0.05915052071213722,0.18658402562141418
2129,338.621614539,1.2160618305206299,0.7458986639976501,0.059175651520490646,0.18782855570316315
2130,338.7814560779999,1.3170779943466187,0.8412100076675415,0.05926132574677467,0.19011016190052032
2131,338.9395060339999,1.2437481880187988,0.7618677616119385,0.059380434453487396,0.19251464307308197
2132,339.0995463549999,1.2544726133346558,0.767362654209137,0.05950646102428436,0.19460593163967133
2133,339.25976272900004,1.2920255661010742,0.8007117509841919,0.05962666496634483,0.19628699123859406
2134,339.41857925500005,1.3187282085418701,0.8241024613380432,0.059742141515016556,0.19761131703853607
2135,339.578993663,1.295215129852295,0.7983187437057495,0.05984136462211609,0.19851918518543243
2136,339.73977279200005,1.2611453533172607,0.7633060216903687,0.0599188506603241,0.19889602065086365
2137,339.90078411799993,1.3096586465835571,0.8120039701461792,0.05997215956449509,0.19882196187973022
2138,340.060974097,1.2991323471069336,0.8026792407035828,0.060000404715538025,0.1983412355184555
2139,340.220484263,1.2073428630828857,0.7131771445274353,0.060002777725458145,0.19742627441883087
2140,340.3801289249999,1.3088371753692627,0.817524254322052,0.059991613030433655,0.196285218000412
2141,340.538820506,1.2910010814666748,0.8029388785362244,0.05995763838291168,0.1949850469827652
2142,340.69914533200006,1.279772162437439,0.7956224679946899,0.059899501502513885,0.19342030584812164
2143,340.86014412099996,1.2258646488189697,0.7463821172714233,0.05982022359967232,0.1915537267923355
2144,341.0183134519999,1.1697757244110107,0.6956994533538818,0.0597207248210907,0.18939165771007538
2145,341.17802753600006,1.1541744470596313,0.6856288313865662,0.059615857899188995,0.1871797889471054
2146,341.338065306,1.2886441946029663,0.8248080611228943,0.05950523540377617,0.1852964460849762
2147,341.498033899,1.264387845993042,0.8044740557670593,0.05940753594040871,0.18372789025306702
2148,341.6578001019999,1.1870778799057007,0.7304130792617798,0.05931628495454788,0.18242864310741425
2149,341.81742547700003,1.2021338939666748,0.748232364654541,0.05923980101943016,0.18132366240024567
2150,341.9763058719999,1.2536752223968506,0.801846981048584,0.05917240306735039,0.18049463629722595
2151,342.136723427,1.2151135206222534,0.7647354602813721,0.059120021760463715,0.17991472780704498
2152,342.296302805,1.2403068542480469,0.7913677096366882,0.05906640365719795,0.17933940887451172
2153,342.455511707,1.197566032409668,0.7504438757896423,0.059006061404943466,0.1786128431558609
2154,342.61589557900004,1.1674221754074097,0.7225014567375183,0.058936331421136856,0.17773252725601196
2155,342.7763669750001,1.2503401041030884,0.8079036474227905,0.05885986611247063,0.1767391562461853
2156,342.9367737399999,1.2406233549118042,0.8010416030883789,0.05878084897994995,0.17559756338596344
2157,343.0980987649999,1.2208131551742554,0.7842732667922974,0.05870307236909866,0.17438113689422607
2158,343.25809134200006,1.1534905433654785,0.7201400399208069,0.058623407036066055,0.17310574650764465
2159,343.4178414260001,1.2137717008590698,0.783900260925293,0.05853218957781792,0.17171445488929749
2160,343.5772469049999,1.188550353050232,0.7625910639762878,0.05843600258231163,0.17014996707439423
2161,343.736560594,1.1452960968017578,0.7231925129890442,0.05833479017019272,0.16860811412334442
2162,343.8972632839999,1.202958106994629,0.7845003604888916,0.05823703482747078,0.1671501100063324
2163,344.0575979009999,1.2790864706039429,0.8635408282279968,0.058145225048065186,0.16598567366600037
2164,344.2169267349999,1.1375583410263062,0.7244578003883362,0.058066971600055695,0.16500794887542725
2165,344.3767564159999,1.2249813079833984,0.8144086003303528,0.05799340829253197,0.1639970988035202
2166,344.5371593450001,1.2140891551971436,0.8063950538635254,0.05791508033871651,0.16284595429897308
2167,344.69656735,1.1944067478179932,0.7902584671974182,0.05782988294959068,0.16142800450325012
2168,344.857298152,1.1692415475845337,0.7693345546722412,0.05773591250181198,0.1597318798303604
2169,345.0170570890001,1.157038927078247,0.7608452439308167,0.05763547495007515,0.15824690461158752
2170,345.1767729920001,1.074312448501587,0.6808146238327026,0.057540297508239746,0.15716895461082458
2171,345.33581228900005,1.2096836566925049,0.8179677128791809,0.05746256560087204,0.15645651519298553
2172,345.495952308,1.1856653690338135,0.7953610420227051,0.057402487844228745,0.15589210391044617
2173,345.65516068299996,1.1504817008972168,0.7615779638290405,0.05733940005302429,0.15533214807510376
2174,345.8158220849999,1.126800537109375,0.7396842241287231,0.05727290362119675,0.15461744368076324
2175,345.9757739180001,1.0881215333938599,0.7033600211143494,0.05720146745443344,0.15367579460144043
2176,346.136586921,1.1327577829360962,0.7495807409286499,0.057138413190841675,0.1530422568321228
2177,346.29752189499993,1.0981630086898804,0.7157717347145081,0.05708751082420349,0.1527281552553177
2178,346.45748904000004,1.14337158203125,0.7616417407989502,0.05703658610582352,0.15246377885341644
2179,346.61758146399995,1.2080154418945312,0.8269485235214233,0.05698629841208458,0.15219879150390625
2180,346.7778262190001,1.1449592113494873,0.7645633816719055,0.05693415179848671,0.15193060040473938
2181,346.9376394259999,1.064254641532898,0.6846458911895752,0.056880079209804535,0.1516159623861313
2182,347.0967720089999,1.163855791091919,0.7832702398300171,0.05685919150710106,0.1520068198442459
2183,347.256878497,1.1969380378723145,0.8138810992240906,0.05686149001121521,0.152995303273201
2184,347.415751634,1.1242505311965942,0.7352747321128845,0.05694543570280075,0.1553625464439392
2185,347.575541175,1.227025032043457,0.8269624710083008,0.05711281672120094,0.1597965806722641
2186,347.7356347169999,1.1021528244018555,0.688478410243988,0.05734637379646301,0.16524039208889008
2187,347.89685162500007,1.1574349403381348,0.7293447256088257,0.05763556435704231,0.17100553214550018
2188,348.05696041499993,1.1686395406723022,0.7261465787887573,0.05795510113239288,0.17676536738872528
2189,348.21644226499996,1.177886724472046,0.7217413187026978,0.05827123671770096,0.1822250932455063
2190,348.37648119900007,1.2639315128326416,0.7951974868774414,0.058574073016643524,0.18725934624671936
2191,348.5355748359999,1.2284331321716309,0.7460452318191528,0.058901362121105194,0.19271953403949738
2192,348.69478898299997,1.3516852855682373,0.853836178779602,0.05928861349821091,0.19890247285366058
2193,348.8545627699999,1.3388922214508057,0.8256595134735107,0.0596892423927784,0.20505434274673462
2194,349.01360918700004,1.3403593301773071,0.8136330842971802,0.060084909200668335,0.21045014262199402
2195,349.174291489,1.291621208190918,0.7539390921592712,0.060445331037044525,0.21483103930950165
2196,349.333884837,1.2652052640914917,0.7189111113548279,0.060770876705646515,0.2182745635509491
2197,349.4927824519999,1.3459681272506714,0.7929000854492188,0.06106225401163101,0.22098295390605927
2198,349.652887543,1.3507497310638428,0.7922593951225281,0.06131734699010849,0.2231508493423462
2199,349.8127162070001,1.3673644065856934,0.8048502802848816,0.06152894347906113,0.2247595489025116
2200,349.97132071399994,1.378045916557312,0.8126644492149353,0.0617082379758358,0.22590576112270355
2201,350.14830491600003,1.3544425964355469,0.7871219515800476,0.06185905635356903,0.22668081521987915
2202,350.30793367600006,1.3857723474502563,0.8176788091659546,0.061967648565769196,0.22698955237865448
2203,350.4683685399999,1.2910525798797607,0.7234699130058289,0.06203890219330788,0.22678489983081818
2204,350.6288446320001,1.3222129344940186,0.7555326819419861,0.062081292271614075,0.22642378509044647
2205,350.78916012699995,1.3530967235565186,0.7872148752212524,0.0621008537709713,0.22610433399677277
2206,350.94795222899995,1.3381890058517456,0.7733574509620667,0.0621073916554451,0.22568419575691223
2207,351.1069887289999,1.362586498260498,0.7994174361228943,0.06209590658545494,0.22501921653747559
2208,351.265556383,1.3609731197357178,0.7983073592185974,0.06209574639797211,0.22481794655323029
2209,351.42516289799994,1.3121719360351562,0.7486858367919922,0.062112174928188324,0.22514601051807404
2210,351.58421509900006,1.3294856548309326,0.7652113437652588,0.062137093394994736,0.2254611700773239
2211,351.74427293099995,1.3714590072631836,0.8069539666175842,0.06215765327215195,0.22555336356163025
2212,351.9046408160001,1.3196568489074707,0.7554814219474792,0.06216613948345184,0.22542151808738708
2213,352.06490726799996,1.4024477005004883,0.8385125994682312,0.062164872884750366,0.225325345993042
2214,352.22482727199997,1.3281279802322388,0.7648223638534546,0.06215474382042885,0.22507363557815552
2215,352.38416509599995,1.422739863395691,0.8604086637496948,0.06213564798235893,0.22468392550945282
2216,352.54289326800006,1.2853541374206543,0.7245290875434875,0.06210378184914589,0.2240816205739975
2217,352.7020897240001,1.30146062374115,0.742660641670227,0.062056973576545715,0.22327177226543427
2218,352.862067098,1.3148505687713623,0.7581609487533569,0.06200392171740532,0.2224278450012207
2219,353.02122218500006,1.2787833213806152,0.7234522104263306,0.06196196377277374,0.2218845784664154
2220,353.1814983329999,1.3948118686676025,0.8399097919464111,0.06192607060074806,0.22171317040920258
2221,353.3415947269999,1.397481918334961,0.8428401947021484,0.06189904361963272,0.22160908579826355
2222,353.50226609799995,1.2782785892486572,0.7244610786437988,0.061873458325862885,0.22127953171730042
2223,353.662179584,1.3008100986480713,0.7463563680648804,0.06186210736632347,0.22153405845165253
2224,353.8216294340001,1.3388092517852783,0.7819636464118958,0.061892054975032806,0.22249068319797516
2225,353.98041162900006,1.3024516105651855,0.7430303692817688,0.0619477853178978,0.22352074086666107
2226,354.139549051,1.3042995929718018,0.7425692081451416,0.06200934574007988,0.22444412112236023
2227,354.2995214639999,1.3249380588531494,0.7610179781913757,0.06206761300563812,0.2253197729587555
2228,354.45841856100003,1.3060173988342285,0.7397758960723877,0.06213294342160225,0.22624808549880981
2229,354.618307413,1.4300951957702637,0.8618814945220947,0.062193069607019424,0.2270367443561554
2230,354.77774372700003,1.3076837062835693,0.7383922338485718,0.06223517656326294,0.2274676263332367
2231,354.9384171790001,1.3733922243118286,0.8030737638473511,0.06228554621338844,0.22787824273109436
2232,355.09850022500007,1.3823195695877075,0.8109931945800781,0.062320370227098465,0.22828125953674316
2233,355.2588484639999,1.3622524738311768,0.7907198667526245,0.06233607977628708,0.22836367785930634
2234,355.418057471,1.4082852602005005,0.837079644203186,0.062337737530469894,0.22823289036750793
2235,355.57766168,1.4268920421600342,0.8565479516983032,0.062331754714250565,0.2278883010149002
2236,355.737850397,1.3777244091033936,0.809192419052124,0.06230950355529785,0.22716353833675385
2237,355.89843452699995,1.4043848514556885,0.8383468389511108,0.06227784976363182,0.22616611421108246
2238,356.05719203499996,1.3184947967529297,0.7556138038635254,0.06222423166036606,0.22490352392196655
2239,356.21803307900007,1.240490436553955,0.6815807819366455,0.06214016303420067,0.2233152985572815
2240,356.37848940900005,1.321990966796875,0.7663142085075378,0.06205659732222557,0.22202250361442566
2241,356.538311742,1.3254764080047607,0.769806981086731,0.06203393265604973,0.22201964259147644
2242,356.69749284700003,1.2481727600097656,0.6902207136154175,0.06206286698579788,0.2229326069355011
2243,356.8565465150001,1.3142976760864258,0.7532836198806763,0.06211673095822334,0.2241571545600891
2244,357.015297108,1.316408634185791,0.7518959641456604,0.062187839299440384,0.22555629909038544
2245,357.1757206860001,1.369297981262207,0.8013852834701538,0.06227174401283264,0.22691600024700165
2246,357.33503809499996,1.3910324573516846,0.8204984664916992,0.0623515248298645,0.22796417772769928
2247,357.4959740610001,1.298425316810608,0.7264963984489441,0.06241048127412796,0.228521928191185
2248,357.65736691099994,1.3623672723770142,0.78972989320755,0.062457118183374405,0.22880512475967407
2249,357.81873230100007,1.3452346324920654,0.772402286529541,0.06248636916279793,0.22888299822807312
2250,357.9800943890001,1.3420089483261108,0.7688513994216919,0.06251178681850433,0.22901296615600586
2251,358.14085025099996,1.4029569625854492,0.8293773531913757,0.06252838671207428,0.22918172180652618
2252,358.3003415730001,1.3087712526321411,0.7353270053863525,0.06252864003181458,0.22912757098674774
2253,358.4593121209999,1.3300834894180298,0.7575734853744507,0.06251431256532669,0.2287539541721344
2254,358.61900363200004,1.3468748331069946,0.7762546539306641,0.06247926875948906,0.22799816727638245
2255,358.779060144,1.330881118774414,0.7603346109390259,0.062474608421325684,0.2279687225818634
2256,358.9394905590001,1.3533551692962646,0.7805384993553162,0.06251649558544159,0.22887657582759857
2257,359.0980297,1.2428734302520752,0.6673376560211182,0.06257537752389908,0.22996403276920319
2258,359.25810575899993,1.3165109157562256,0.7376782894134521,0.06265532225370407,0.23128242790699005
2259,359.4183757459999,1.3477702140808105,0.7652478814125061,0.06274881213903427,0.23275789618492126
2260,359.57828005399995,1.4054648876190186,0.8198339939117432,0.06284243613481522,0.23400098085403442
2261,359.73770971500005,1.3295414447784424,0.7419344186782837,0.06292029470205307,0.2347911149263382
2262,359.896249902,1.3315303325653076,0.7430474162101746,0.06298043578863144,0.23514123260974884
2263,360.056182337,1.3761283159255981,0.7876734733581543,0.06301868706941605,0.23512986302375793
2264,360.2172213360001,1.3148279190063477,0.7273573875427246,0.06303087621927261,0.23473605513572693
2265,360.3768093499999,1.4121618270874023,0.8266680240631104,0.06302031129598618,0.23394541442394257
2266,360.53739212900007,1.289811134338379,0.707292914390564,0.06298426538705826,0.23275531828403473
2267,360.697256607,1.3482716083526611,0.7696992754936218,0.06292372941970825,0.23117725551128387
2268,360.8573548549999,1.338250994682312,0.7637732028961182,0.06284518539905548,0.22953972220420837
2269,361.0171664989999,1.3302698135375977,0.7596771121025085,0.06275206804275513,0.22798609733581543
2270,361.17635046399994,1.3710691928863525,0.8045445680618286,0.06265095621347427,0.2263592779636383
2271,361.336517413,1.3528684377670288,0.7909072637557983,0.06253509968519211,0.22453433275222778
2272,361.49686719299996,1.3140661716461182,0.7569253444671631,0.06241760775446892,0.22260668873786926
2273,361.65673853600003,1.3228130340576172,0.7704306840896606,0.06229567527770996,0.22070378065109253
2274,361.816036865,1.2864296436309814,0.7390271425247192,0.06216827780008316,0.21871235966682434
2275,361.975242673,1.3068550825119019,0.7648186087608337,0.06203324720263481,0.21656647324562073
2276,362.1344261779999,1.306840419769287,0.7706421613693237,0.06187909469008446,0.21423174440860748
2277,362.29305002800004,1.3006527423858643,0.7706950902938843,0.061716970056295395,0.21173620223999023
2278,362.452908784,1.2622990608215332,0.7389413118362427,0.061543501913547516,0.20909690856933594
2279,362.613115428,1.2615067958831787,0.7450319528579712,0.06135810166597366,0.20634451508522034
2280,362.77240641700007,1.2716219425201416,0.7619763612747192,0.06116854026913643,0.20361359417438507
2281,362.932052239,1.3401837348937988,0.8369389772415161,0.06098268926143646,0.20105399191379547
2282,363.091608649,1.2126150131225586,0.7155046463012695,0.0607973150908947,0.19860097765922546
2283,363.2508098479999,1.2872884273529053,0.7960175275802612,0.060606949031353,0.19626596570014954
2284,363.409847452,1.3112629652023315,0.8253985047340393,0.06042452156543732,0.19410407543182373
2285,363.569964919,1.2789783477783203,0.7983971834182739,0.06024140492081642,0.19199152290821075
2286,363.730481556,1.2585761547088623,0.7835081815719604,0.06005553901195526,0.18978694081306458
2287,363.88891856399994,1.2190791368484497,0.749915361404419,0.059866152703762054,0.18742604553699493
2288,364.04900317299996,1.215321660041809,0.7523552775382996,0.0596768818795681,0.18494786322116852
2289,364.20956502599995,1.2889957427978516,0.8322691917419434,0.059496715664863586,0.18245260417461395
2290,364.3696193310001,1.166430950164795,0.7158995866775513,0.05931837484240532,0.1799752563238144
2291,364.529395527,1.234513521194458,0.7901760935783386,0.059141989797353745,0.17749838531017303
2292,364.6887498990001,1.1374510526657104,0.6993994116783142,0.058964382857084274,0.17498479783535004
2293,364.8476685510001,1.226667046546936,0.7917689681053162,0.05882661044597626,0.17372393608093262
2294,365.00822298900005,1.1863093376159668,0.7512317299842834,0.05874749645590782,0.17379605770111084
2295,365.1665530490001,1.2687853574752808,0.8323706388473511,0.05870267003774643,0.17433108389377594
2296,365.326210051,1.203957438468933,0.7662776112556458,0.058674704283475876,0.17483721673488617
2297,365.4864946660001,1.1314934492111206,0.6920690536499023,0.058656685054302216,0.17553512752056122
2298,365.6454640830001,1.227778673171997,0.7861472368240356,0.058660976588726044,0.17641790211200714
2299,365.80527573200004,1.2450350522994995,0.800847053527832,0.05867569148540497,0.17744049429893494
2300,365.9640523459999,1.2149558067321777,0.7681695818901062,0.058696236461400986,0.17847971618175507
2301,366.141459974,1.2247958183288574,0.7714963555335999,0.05877211317420006,0.18108469247817993
2302,366.30202778499995,1.3208537101745605,0.8571959137916565,0.05893626809120178,0.18522736430168152
2303,366.4615858650001,1.3095943927764893,0.8351039290428162,0.05915539711713791,0.18955953419208527
2304,366.62159615200005,1.2770252227783203,0.7926845550537109,0.05938373878598213,0.19349874556064606
2305,366.78242132599996,1.2374308109283447,0.7449069619178772,0.05959795042872429,0.19677111506462097
2306,366.941898575,1.2326353788375854,0.7332446575164795,0.059798337519168854,0.19951710104942322
2307,367.10125843799995,1.295468807220459,0.7903069853782654,0.05997819826006889,0.20182478427886963
2308,367.260533883,1.3428579568862915,0.8331779837608337,0.06013152748346329,0.2036314755678177
2309,367.42111360399997,1.2729978561401367,0.7601460218429565,0.06026478111743927,0.20489968359470367
2310,367.580184371,1.2573655843734741,0.7426402568817139,0.06036888062953949,0.20564866065979004
2311,367.74159316399994,1.2987134456634521,0.7833526134490967,0.06044181063771248,0.2059025764465332
2312,367.90120433000004,1.2479910850524902,0.7332995533943176,0.06047869101166725,0.20563466846942902
2313,368.06165283200005,1.288325548171997,0.7754490971565247,0.060490239411592484,0.2049085944890976
2314,368.22165691199996,1.2736204862594604,0.7636353373527527,0.06046674773097038,0.20375218987464905
2315,368.38138052400006,1.206394076347351,0.7002957463264465,0.06041652709245682,0.20219767093658447
2316,368.5414641809999,1.3027715682983398,0.8007581233978271,0.06034824997186661,0.2005639523267746
2317,368.7010439280001,1.3093832731246948,0.8114445209503174,0.060268670320510864,0.1989344358444214
2318,368.861527636,1.2159698009490967,0.7218523621559143,0.06018069386482239,0.19740624725818634
2319,369.0205117239999,1.3205761909484863,0.8297054171562195,0.06008864939212799,0.19610795378684998
2320,369.1809615809999,1.2698204517364502,0.7821126580238342,0.059997886419296265,0.1948431432247162
2321,369.3417115850001,1.2551615238189697,0.7703760862350464,0.059910088777542114,0.19367453455924988
2322,369.5028717680001,1.312363862991333,0.8304401636123657,0.059820614755153656,0.19253022968769073
2323,369.66305223999996,1.2572615146636963,0.7784383296966553,0.059734445065259933,0.19129033386707306
2324,369.82310827599997,1.2065105438232422,0.7310558557510376,0.059648770838975906,0.18994328379631042
2325,369.9835041130001,1.2646492719650269,0.7927883863449097,0.059554167091846466,0.1885061115026474
2326,370.142545305,1.1778253316879272,0.7097768783569336,0.059452321380376816,0.18698157370090485
2327,370.30305662700005,1.2628065347671509,0.79887855052948,0.05934333801269531,0.18533381819725037
2328,370.46506880799996,1.3496813774108887,0.8902907371520996,0.05922383442521095,0.18351933360099792
2329,370.6254755660001,1.261314868927002,0.806992769241333,0.05909547209739685,0.18149247765541077
2330,370.78610464299993,1.202460527420044,0.7537593841552734,0.05895696580410004,0.17924465239048004
2331,370.9452417230001,1.210956335067749,0.7677440643310547,0.05881394445896149,0.1770496666431427
2332,371.10524289700004,1.3012028932571411,0.8628823757171631,0.058671191334724426,0.17509351670742035
2333,371.26566618100003,1.2254523038864136,0.7916843891143799,0.05853406339883804,0.1732730269432068
2334,371.42551065400005,1.2079616785049438,0.7788374423980713,0.05839763954281807,0.17141611874103546
2335,371.58498850600006,1.1530472040176392,0.7283775210380554,0.05826585367321968,0.16963480412960052
2336,371.74359630800006,1.1960289478302002,0.7747938632965088,0.058153219521045685,0.16826143860816956
2337,371.9035223730001,1.209721326828003,0.7911602854728699,0.05804794281721115,0.16719219088554382
2338,372.0636067930001,1.1429225206375122,0.7271168231964111,0.05794712156057358,0.1660904735326767
2339,372.2230540910001,1.2168678045272827,0.8034131526947021,0.0578521303832531,0.1651504635810852
2340,372.384560116,1.2153681516647339,0.8039448261260986,0.05776277557015419,0.16433827579021454
2341,372.54355945300006,1.1801830530166626,0.770969033241272,0.05767718330025673,0.16345489025115967
2342,372.703830668,1.1462538242340088,0.7385863661766052,0.05759664252400398,0.16283662617206573
2343,372.86324485700004,1.2123744487762451,0.8054295182228088,0.05753307044506073,0.16254787147045135
2344,373.0231695440001,1.1619893312454224,0.7544225454330444,0.057501450181007385,0.16279670596122742
2345,373.182258078,1.2011620998382568,0.7919766902923584,0.05749356001615524,0.16344420611858368
2346,373.34219141100004,1.1907297372817993,0.7796400189399719,0.05749332159757614,0.1642059087753296
2347,373.501928003,1.2186377048492432,0.8015305995941162,0.057558558881282806,0.16661261022090912
2348,373.66174732599995,1.038955807685852,0.6123517751693726,0.057711753994226456,0.17041076719760895
2349,373.82233533600004,1.2599215507507324,0.8226205110549927,0.05791417136788368,0.17468877136707306
2350,373.98223082800007,1.2919632196426392,0.8430615663528442,0.05816328898072243,0.17932800948619843
2351,374.14150651400007,1.1387584209442139,0.6785864233970642,0.0584263876080513,0.18383507430553436
2352,374.30219499,1.2753686904907227,0.8048461675643921,0.058686476200819016,0.18797427415847778
2353,374.46152177600004,1.1910492181777954,0.7115686535835266,0.05893207713961601,0.19155651330947876
2354,374.6208777410001,1.3705681562423706,0.8832768201828003,0.05916828662157059,0.1946798712015152
2355,374.7810043610001,1.3076672554016113,0.8138436079025269,0.05938016623258591,0.19729195535182953
2356,374.9405303269999,1.2876660823822021,0.7891172170639038,0.059563908725976944,0.19918130338191986
2357,375.100735588,1.2610282897949219,0.7596467137336731,0.05971105769276619,0.20031379163265228
2358,375.2616063859999,1.2629287242889404,0.7601962089538574,0.05981559678912163,0.20085376501083374
2359,375.421442321,1.2734715938568115,0.7705733776092529,0.05988789722323418,0.20091970264911652
2360,375.5802987830001,1.3068315982818604,0.8035190105438232,0.059944286942481995,0.20108526945114136
2361,375.73910645700005,1.31438410282135,0.8103537559509277,0.05999293178319931,0.2013721615076065
2362,375.89924162,1.2993940114974976,0.7951117753982544,0.060023657977581024,0.20147280395030975
2363,376.05936482699997,1.3002166748046875,0.7961107492446899,0.06003360077738762,0.2014022320508957
2364,376.21861589699995,1.3036682605743408,0.8002781867980957,0.06003222614526749,0.20111586153507233
2365,376.3777104520001,1.3296927213668823,0.8278149366378784,0.06001510098576546,0.20051105320453644
2366,376.53758155599996,1.3063862323760986,0.8069810271263123,0.059978704899549484,0.19952216744422913
2367,376.6968065279999,1.337681531906128,0.8412830233573914,0.05993179604411125,0.19831965863704681
2368,376.8561895209999,1.259000539779663,0.7660464644432068,0.05986626818776131,0.19694213569164276
2369,377.01608555099995,1.2118518352508545,0.7230991125106812,0.05977894365787506,0.19526195526123047
2370,377.17627413,1.3213832378387451,0.8354661464691162,0.05970485508441925,0.19412800669670105
2371,377.33547510799997,1.2233842611312866,0.7389684319496155,0.05965517833828926,0.1935277283191681
2372,377.49520416300004,1.2066737413406372,0.7233321070671082,0.0596129409968853,0.19309820234775543
2373,377.655456908,1.2361787557601929,0.7535778284072876,0.05958444997668266,0.19280202686786652
2374,377.8166593740001,1.2807700634002686,0.798709511756897,0.05956088751554489,0.19258596003055573
2375,377.9777559170001,1.2990566492080688,0.8141614198684692,0.05959027633070946,0.19371972978115082
2376,378.13708230400005,1.167921543121338,0.6771606206893921,0.05967441201210022,0.19606566429138184
2377,378.296609291,1.2412254810333252,0.7437396049499512,0.05979510396718979,0.1987551748752594
2378,378.45570254999996,1.2978713512420654,0.7936632037162781,0.05992836877703667,0.20144353806972504
2379,378.615919725,1.3074889183044434,0.7973474860191345,0.06006336957216263,0.20381633937358856
2380,378.7756880630001,1.297532081604004,0.7827538251876831,0.06018488109111786,0.2056705355644226
2381,378.9349930970001,1.2220335006713867,0.7039180994033813,0.06029334291815758,0.20700500905513763
2382,379.09566503200006,1.2659432888031006,0.7455860376358032,0.06037332862615585,0.20790137350559235
2383,379.2556546709999,1.3089148998260498,0.7874601483345032,0.06043140962719917,0.20834018290042877
2384,379.41630789499993,1.3120440244674683,0.7906394004821777,0.06046629324555397,0.20831997692584991
2385,379.5765813879999,1.2986385822296143,0.778414249420166,0.060470324009656906,0.20784789323806763
2386,379.7360866099999,1.2600957155227661,0.742154598236084,0.0604468509554863,0.20693466067314148
2387,379.89556282499996,1.2726069688796997,0.7572199106216431,0.060413628816604614,0.20591315627098083
2388,380.0542898709999,1.2505455017089844,0.7377316951751709,0.06037122383713722,0.20488399267196655
2389,380.21439511799997,1.2750275135040283,0.7638997435569763,0.06032808870077133,0.2042098343372345
2390,380.37451223100004,1.2668581008911133,0.7563338279724121,0.060295283794403076,0.20396853983402252
2391,380.53430926299995,1.1704068183898926,0.6602573990821838,0.060266368091106415,0.2038186937570572
2392,380.69445512799996,1.3232618570327759,0.8135581016540527,0.06023584306240082,0.20364056527614594
2393,380.85435657200003,1.383487582206726,0.874659538269043,0.06019589677453041,0.2032904475927353
2394,381.0153887319999,1.2590434551239014,0.7518688440322876,0.0601462796330452,0.2026292234659195
2395,381.17567055999996,1.3045406341552734,0.7995753288269043,0.06008458510041237,0.20174574851989746
2396,381.3357859629999,1.2956750392913818,0.7934623956680298,0.06001447141170502,0.20064496994018555
2397,381.4952037490001,1.265565276145935,0.7668840289115906,0.05993209779262543,0.19923275709152222
2398,381.654660995,1.2586913108825684,0.7643835544586182,0.059831518679857254,0.19748379290103912
2399,381.8145096039999,1.3271334171295166,0.8368149995803833,0.05971667170524597,0.195888489484787
2400,381.9745921519999,1.2540885210037231,0.7672394514083862,0.05960759520530701,0.19450120627880096
2401,382.17346089,1.2883682250976562,0.8050614595413208,0.0595007948577404,0.1930846869945526
2402,382.33327724000003,1.2736865282058716,0.7941544055938721,0.05939117446541786,0.191575288772583
2403,382.4937113,1.1791895627975464,0.7037574648857117,0.05927515774965286,0.18993574380874634
2404,382.65484288799996,1.2274603843688965,0.7560510635375977,0.05915806442499161,0.18832708895206451
2405,382.8154123999999,1.2513657808303833,0.7837824821472168,0.05903935804963112,0.1867971569299698
2406,382.975620088,1.217397689819336,0.7539087533950806,0.05891747772693634,0.18515990674495697
2407,383.1359208089999,1.223210334777832,0.7642310857772827,0.058786485344171524,0.18335653841495514
2408,383.29560583399996,1.274890661239624,0.8203713893890381,0.058667007833719254,0.1815730184316635
2409,383.4549305710001,1.2355971336364746,0.7854161262512207,0.058545857667922974,0.17983822524547577
2410,383.6142037840001,1.1666836738586426,0.7210096120834351,0.058421917259693146,0.1780359297990799
2411,383.7743658579999,1.2056267261505127,0.7633676528930664,0.05831598490476608,0.1766703575849533
2412,383.933927486,1.191707968711853,0.7509408593177795,0.05824197083711624,0.17607389390468597
2413,384.09381591499994,1.1312739849090576,0.6909446120262146,0.05817694962024689,0.17589907348155975
2414,384.25389637399996,1.1997694969177246,0.7576996684074402,0.05815677344799042,0.1765952855348587
2415,384.414611584,1.1949158906936646,0.7489607930183411,0.05819609388709068,0.1781492531299591
2416,384.57549898800005,1.254528522491455,0.8038733005523682,0.05825662612915039,0.18002907931804657
2417,384.73571215100003,1.1859219074249268,0.7306262254714966,0.05832511559128761,0.18188495934009552
2418,384.8954321780001,1.2467732429504395,0.7861454486846924,0.05841488763689995,0.18401749432086945
2419,385.0547669189999,1.237804889678955,0.7711780071258545,0.05852506682276726,0.1864166408777237
2420,385.21357543400006,1.2202659845352173,0.7481158375740051,0.05864092335104942,0.1886255145072937
2421,385.37364203899995,1.2519488334655762,0.7751040458679199,0.0587482824921608,0.19050292670726776
2422,385.5344307859999,1.2812151908874512,0.8005694150924683,0.05884478986263275,0.19202294945716858
2423,385.693700812,1.241290807723999,0.7578796148300171,0.05893142521381378,0.19312874972820282
2424,385.854483536,1.3184095621109009,0.8334044218063354,0.05899783596396446,0.1937660574913025
2425,386.0143503339999,1.2856323719024658,0.800342857837677,0.05904502421617508,0.1938796043395996
2426,386.1742872640001,1.2925816774368286,0.8066558241844177,0.05909183248877525,0.1941339671611786
2427,386.334254753,1.30242919921875,0.8149980902671814,0.059144068509340286,0.19473588466644287
2428,386.49376816200004,1.2336437702178955,0.7448952794075012,0.05919644609093666,0.1952625960111618
2429,386.65360453899996,1.2220911979675293,0.7326492667198181,0.05923401936888695,0.19553981721401215
2430,386.8121657580001,1.3045870065689087,0.8151831030845642,0.059258196502923965,0.19552451372146606
2431,386.9718684809999,1.2693129777908325,0.7808665037155151,0.059262942522764206,0.1951415240764618
2432,387.13072315400007,1.3091375827789307,0.8215194940567017,0.05927376076579094,0.19481012225151062
2433,387.290715837,1.2473828792572021,0.7598909735679626,0.05930100008845329,0.1947595477104187
2434,387.4507009360001,1.1579984426498413,0.6705005168914795,0.05932379886507988,0.19476188719272614
2435,387.6110032360001,1.2510836124420166,0.7637802958488464,0.059334490448236465,0.1946839690208435
2436,387.77144345199997,1.3322420120239258,0.8438017964363098,0.05936337262392044,0.195138618350029
2437,387.930590932,1.2559423446655273,0.7652153968811035,0.05940635874867439,0.19605311751365662
2438,388.0892937729999,1.332291603088379,0.8395865559577942,0.05944709852337837,0.196844220161438
2439,388.24873676799996,1.3208463191986084,0.8271775245666504,0.059480663388967514,0.19722962379455566
2440,388.40844016099993,1.294559121131897,0.8012644052505493,0.059492528438568115,0.19707992672920227
2441,388.567592964,1.269521713256836,0.7779091596603394,0.05948696285486221,0.19640710949897766
2442,388.727098618,1.2099413871765137,0.7207095623016357,0.05947070196270943,0.19545483589172363
2443,388.88762820399995,1.2412116527557373,0.7549529671669006,0.05943438038229942,0.19426576793193817
2444,389.0470216069999,1.2606077194213867,0.7776163220405579,0.05937685817480087,0.1929590255022049
2445,389.2063595379999,1.2342677116394043,0.7546941041946411,0.05931028723716736,0.19159217178821564
2446,389.36506614200005,1.3367514610290527,0.8609962463378906,0.0592353492975235,0.19006513059139252
2447,389.52343318300007,1.2513881921768188,0.7799873352050781,0.05914846435189247,0.1883237659931183
2448,389.683617215,1.3294148445129395,0.8624071478843689,0.05905335023999214,0.18656685948371887
2449,389.84399696799994,1.248382806777954,0.7858425378799438,0.05895387753844261,0.1847802698612213
2450,390.003296407,1.2583541870117188,0.800667405128479,0.05884554982185364,0.18283934891223907
2451,390.1630283989999,1.208639144897461,0.7562187910079956,0.0587281696498394,0.18073321878910065
2452,390.32312121100006,1.197400450706482,0.7502045035362244,0.05860890820622444,0.17864392697811127
2453,390.48247966099996,1.261852741241455,0.8179901838302612,0.05851699784398079,0.17731092870235443
2454,390.642261715,1.2442927360534668,0.8020575046539307,0.05845809355378151,0.17666023969650269
2455,390.802268367,1.1778112649917603,0.7369413375854492,0.05841255187988281,0.17611432075500488
2456,390.96185720799997,1.1650959253311157,0.7252175211906433,0.058381982147693634,0.17571784555912018
2457,391.1222658999999,1.2378363609313965,0.796600878238678,0.05837257578969002,0.17626070976257324
2458,391.2825136959999,1.175946831703186,0.7312763333320618,0.05839838460087776,0.1776345819234848
2459,391.44180199899995,1.1705485582351685,0.721240222454071,0.05846255645155907,0.17948949337005615
2460,391.60164232499994,1.2185084819793701,0.7634742259979248,0.05855836346745491,0.18177948892116547
2461,391.76177978499993,1.2106770277023315,0.7494285106658936,0.05866721272468567,0.18426471948623657
2462,391.922554975,1.1869856119155884,0.7175978422164917,0.05882306024432182,0.18751981854438782
2463,392.0829253180001,1.2303388118743896,0.7515640258789062,0.05902229622006416,0.19127385318279266
2464,392.2423144769999,1.3169786930084229,0.8293085098266602,0.05922732129693031,0.19483117759227753
2465,392.4016015179999,1.2322369813919067,0.7369152307510376,0.05941735953092575,0.1978910267353058
2466,392.5602879280001,1.2402408123016357,0.7357768416404724,0.059642620384693146,0.20154701173305511
2467,392.72033257500004,1.2474441528320312,0.7301985621452332,0.059952884912490845,0.20665842294692993
2468,392.881001543,1.2529284954071045,0.7210301160812378,0.06033170595765114,0.21251803636550903
2469,393.04016044699995,1.2591488361358643,0.7123583555221558,0.060747671872377396,0.21847319602966309
2470,393.19976193900004,1.415769338607788,0.8547234535217285,0.06118254363536835,0.22417360544204712
2471,393.35947464699996,1.4073596000671387,0.8336919546127319,0.06160173565149307,0.2292206734418869
2472,393.51977232799993,1.2784088850021362,0.6943874359130859,0.061977241188287735,0.2333606779575348
2473,393.6798214249999,1.2713992595672607,0.6785727739334106,0.06230322644114494,0.2368813455104828
2474,393.83921866599997,1.4950828552246094,0.8947374820709229,0.06259698420763016,0.2398877590894699
2475,393.9981315250001,1.4785059690475464,0.8723623752593994,0.06284873932600021,0.24220603704452515
2476,394.15827679999995,1.377598524093628,0.7676049470901489,0.06305182725191116,0.24374525249004364
2477,394.31815879499993,1.3385791778564453,0.7265521883964539,0.06321080029010773,0.2445579618215561
2478,394.477251897,1.398768663406372,0.786341667175293,0.06332216411828995,0.24471747875213623
2479,394.6370309119999,1.3736995458602905,0.7622858285903931,0.0633966401219368,0.24431191384792328
2480,394.79795668500003,1.4366755485534668,0.8271037340164185,0.06343474984169006,0.24357499182224274
2481,394.95855184999994,1.3959894180297852,0.7890769243240356,0.0634419396519661,0.24251125752925873
2482,395.11852069500003,1.3024468421936035,0.6991969347000122,0.06341966241598129,0.24104629456996918
2483,395.2781266589999,1.4054241180419922,0.8059144020080566,0.06337280571460724,0.2395503669977188
2484,395.4380533760001,1.3450372219085693,0.7492510080337524,0.06331426650285721,0.23806124925613403
2485,395.59719653900004,1.3092634677886963,0.7176657319068909,0.06324011832475662,0.23638613522052765
2486,395.7570873819999,1.3936207294464111,0.805931031703949,0.06315970420837402,0.23482322692871094
2487,395.91871907899997,1.3494476079940796,0.7653398513793945,0.06308020651340485,0.23339077830314636
2488,396.0776947579999,1.2990593910217285,0.7186785340309143,0.06298616528511047,0.2319003939628601
2489,396.23753707699996,1.3435790538787842,0.7673595547676086,0.06287480890750885,0.23023627698421478
2490,396.397747158,1.2591722011566162,0.6877650618553162,0.06275174766778946,0.22831185162067413
2491,396.5578136979999,1.3392945528030396,0.7720582485198975,0.06264662742614746,0.22664393484592438
2492,396.7173187899999,1.3335368633270264,0.769357442855835,0.06255248934030533,0.22542151808738708
2493,396.87687552299997,1.2763057947158813,0.7144886255264282,0.062467027455568314,0.22447700798511505
2494,397.03612937800006,1.2948970794677734,0.7348687052726746,0.06238889694213867,0.22376182675361633
2495,397.1951802340001,1.334371566772461,0.775830090045929,0.06230856478214264,0.2231673300266266
2496,397.3547829129999,1.2761446237564087,0.7193020582199097,0.062228064984083176,0.22248810529708862
2497,397.51596836400006,1.2873969078063965,0.7328414916992188,0.06214078515768051,0.2215736359357834
2498,397.67509867699994,1.2693791389465332,0.7172549366950989,0.06206074729561806,0.220601424574852
2499,397.835694194,1.3415535688400269,0.7919275760650635,0.06197330728173256,0.21960251033306122
2500,397.996247896,1.309853434562683,0.7624105215072632,0.0618918240070343,0.21872960031032562
2501,398.1720722179999,1.3159067630767822,0.7700623273849487,0.06182694435119629,0.21809044480323792
2502,398.33183812899995,1.2471098899841309,0.7027319073677063,0.06176915392279625,0.2175041139125824
2503,398.4905413539999,1.2523977756500244,0.7090564966201782,0.06170757859945297,0.2170897126197815
2504,398.651156949,1.3655184507369995,0.8180330991744995,0.06175651773810387,0.2187471091747284
2505,398.811197634,1.3072130680084229,0.7507801651954651,0.06190633028745651,0.22232554852962494
2506,398.9712637209999,1.3668649196624756,0.7990928888320923,0.06212557852268219,0.22686034440994263
2507,399.131505596,1.2992879152297974,0.7194737195968628,0.062402401119470596,0.23167607188224792
2508,399.291521364,1.3189513683319092,0.7278544902801514,0.06270776689052582,0.23618793487548828
2509,399.45231167500003,1.3031482696533203,0.7017374038696289,0.06300889700651169,0.24031230807304382
2510,399.612781553,1.3580384254455566,0.7472686767578125,0.06329094618558884,0.24405477941036224
2511,399.7724127979999,1.3173761367797852,0.6987332105636597,0.06353755295276642,0.2472030073404312
2512,399.9314040129999,1.446887731552124,0.8206532597541809,0.06377534568309784,0.25023871660232544
2513,400.09024342200007,1.4118664264678955,0.7781802415847778,0.0640154629945755,0.253218412399292
2514,400.25090943099997,1.3631336688995361,0.7231631278991699,0.06423768401145935,0.2557312548160553
2515,400.41054405500006,1.3048018217086792,0.6597902774810791,0.06443095952272415,0.2577468752861023
2516,400.5702307529999,1.5173871517181396,0.8680938482284546,0.06460027396678925,0.25945889949798584
2517,400.72960793100003,1.4322102069854736,0.7794890403747559,0.06474906206130981,0.26082944869995117
2518,400.890161508,1.4260857105255127,0.7708673477172852,0.06487028300762177,0.26182785630226135
2519,401.049591116,1.4656071662902832,0.8088856935501099,0.06496262550354004,0.2624287009239197
2520,401.2101311360001,1.4301865100860596,0.773186206817627,0.06502280384302139,0.2625400125980377
2521,401.3695355200001,1.4095299243927002,0.7535492181777954,0.06504687666893005,0.26213210821151733
2522,401.528248231,1.4531553983688354,0.7992427349090576,0.06504227221012115,0.26130491495132446
2523,401.68890553099993,1.4801628589630127,0.828558087348938,0.06502214074134827,0.2603818476200104
2524,401.84931822600004,1.4590102434158325,0.8098948001861572,0.06499116122722626,0.25938621163368225
2525,402.00883706699994,1.4043316841125488,0.7583197355270386,0.064944326877594,0.2581450045108795
2526,402.16944639099995,1.4193544387817383,0.7772331237792969,0.06487294286489487,0.25658902525901794
2527,402.32949946199994,1.4015791416168213,0.7641483545303345,0.06477948278188705,0.25471317768096924
2528,402.48988072400005,1.4058845043182373,0.773998498916626,0.06465733796358109,0.25249576568603516
2529,402.64877371599994,1.3648297786712646,0.7392847537994385,0.064512699842453,0.24995994567871094
2530,402.80803500800005,1.4351277351379395,0.8154817819595337,0.06436371803283691,0.24760092794895172
2531,402.9665505439999,1.3680461645126343,0.7535840272903442,0.06422369927167892,0.2455279529094696
2532,403.1272606670001,1.3090152740478516,0.6990905404090881,0.0640818253159523,0.24371354281902313
2533,403.2865464130001,1.4088850021362305,0.8022701740264893,0.06395895779132843,0.24239005148410797
2534,403.44625983699996,1.2867431640625,0.6823918223381042,0.06386121362447739,0.2414850890636444
2535,403.605734484,1.4247127771377563,0.8218005895614624,0.063789002597332,0.24090972542762756
2536,403.7656027459999,1.3661611080169678,0.7642706632614136,0.06372781097888947,0.24050123989582062
2537,403.925653506,1.4037485122680664,0.8024940490722656,0.06367308646440506,0.24024707078933716
2538,404.0849418920001,1.3720835447311401,0.7714259624481201,0.063624307513237,0.24000853300094604
2539,404.243430076,1.409551978111267,0.8100811243057251,0.06356633454561234,0.23953406512737274
2540,404.40269915700003,1.3287372589111328,0.7311776876449585,0.06349679827690125,0.23876984417438507
2541,404.56238735,1.327242136001587,0.7322641015052795,0.06342463195323944,0.2377375215291977
2542,404.72171048000007,1.3743956089019775,0.7821382880210876,0.06334638595581055,0.2366495281457901
2543,404.88127122899994,1.3319405317306519,0.7424913644790649,0.0632639154791832,0.23552662134170532
2544,405.040906563,1.2995177507400513,0.7133984565734863,0.06317581236362457,0.2341950237751007
2545,405.199231425,1.2271535396575928,0.6446753740310669,0.06307526677846909,0.23273900151252747
2546,405.3587642890001,1.3573646545410156,0.7768044471740723,0.06300508975982666,0.23197206854820251
2547,405.5171794879999,1.3464171886444092,0.7658982276916504,0.06297001987695694,0.2319556623697281
2548,405.677528931,1.2932391166687012,0.7102787494659424,0.06300860643386841,0.23293212056159973
2549,405.8382294449999,1.342238187789917,0.7544283866882324,0.06311573833227158,0.23487146198749542
2550,405.9979453899999,1.4518818855285645,0.8583256602287292,0.06327825784683228,0.23716935515403748
2551,406.158669905,1.3575011491775513,0.7585809230804443,0.06345010548830032,0.23931430280208588
2552,406.3194884640001,1.3315935134887695,0.7284645438194275,0.06360349804162979,0.24099719524383545
2553,406.4796410309999,1.410334825515747,0.8041037321090698,0.0637267455458641,0.24223753809928894
2554,406.639105952,1.41160249710083,0.8032914400100708,0.0638279914855957,0.243069127202034
2555,406.79873461599993,1.3801710605621338,0.7711097598075867,0.06389640271663666,0.24336892366409302
2556,406.95827014500003,1.356532096862793,0.7480558753013611,0.0639248862862587,0.2431347817182541
2557,407.11686261600005,1.3979332447052002,0.7912213802337646,0.06392591446638107,0.24242903292179108
2558,407.277739621,1.4023382663726807,0.7984901666641235,0.0638965293765068,0.24128367006778717
2559,407.43683000299995,1.3017221689224243,0.7012771964073181,0.06384816765785217,0.23992259800434113
2560,407.5970356700001,1.3281575441360474,0.7309716939926147,0.06379270553588867,0.23861916363239288
2561,407.75802457099996,1.334108591079712,0.7398842573165894,0.06373731046915054,0.23743481934070587
2562,407.91877773399995,1.3375051021575928,0.7462307214736938,0.06367357075214386,0.23625507950782776
2563,408.07853895999995,1.2521934509277344,0.6642042398452759,0.06359407305717468,0.23494133353233337
2564,408.23965882999994,1.419517993927002,0.8346495032310486,0.06351321935653687,0.23369331657886505
2565,408.399036486,1.4153798818588257,0.8335822224617004,0.06342735886573792,0.23246535658836365
2566,408.5578934030001,1.3064475059509277,0.7282216548919678,0.06333045661449432,0.23103700578212738
2567,408.7180310509999,1.3829346895217896,0.8085904121398926,0.06322462856769562,0.22948481142520905
2568,408.87832625299995,1.3778399229049683,0.8075471520423889,0.06310111284255981,0.22786469757556915
2569,409.03644139999994,1.3660452365875244,0.800062358379364,0.06297129392623901,0.22614122927188873
2570,409.19617068900004,1.2428133487701416,0.6813527345657349,0.06283165514469147,0.22433289885520935
2571,409.3558902589999,1.3230633735656738,0.7660664319992065,0.06268635392189026,0.22254803776741028
2572,409.5154160180001,1.2557389736175537,0.7022079229354858,0.06255578994750977,0.22116222977638245
2573,409.6749869659999,1.263543725013733,0.7110083103179932,0.06245267763733864,0.22076435387134552
2574,409.83356349300004,1.3437671661376953,0.7901748418807983,0.062406450510025024,0.22118733823299408
2575,409.99360709099994,1.3320646286010742,0.7767349481582642,0.06239200010895729,0.22188228368759155
2576,410.1532419450001,1.225869059562683,0.6660882234573364,0.0624355748295784,0.2236625999212265
2577,410.3121719720001,1.329106330871582,0.7625027298927307,0.06254993379116058,0.22639122605323792
2578,410.4715826370001,1.3925471305847168,0.8183199763298035,0.06270422041416168,0.22944007813930511
2579,410.6307263929999,1.361921787261963,0.7799506187438965,0.06288007646799088,0.2325369417667389
2580,410.78998958599993,1.3625609874725342,0.7722692489624023,0.06308786571025848,0.23586438596248627
2581,410.9485835920001,1.3891375064849854,0.7903742790222168,0.0633099228143692,0.23925207555294037
2582,411.1073801900001,1.4037704467773438,0.7975081205368042,0.06352747231721878,0.24225080013275146
2583,411.2680454109999,1.3761441707611084,0.763952374458313,0.0637173280119896,0.2446218729019165
2584,411.4269310789999,1.3457942008972168,0.7292690277099609,0.063878133893013,0.24635456502437592
2585,411.58699884300006,1.4036757946014404,0.7843079566955566,0.06399930268526077,0.24749116599559784
2586,411.74719294,1.3312731981277466,0.7090857028961182,0.06411208212375641,0.24861854314804077
2587,411.9078435350001,1.3844213485717773,0.759000837802887,0.06421792507171631,0.2499113380908966
2588,412.0676330360001,1.4011690616607666,0.7729097604751587,0.06431476771831512,0.25104647874832153
2589,412.2263155249999,1.387751817703247,0.757491946220398,0.06439425051212311,0.2518463432788849
2590,412.3854445620001,1.4538456201553345,0.8226000666618347,0.0644519105553627,0.2522404193878174
2591,412.5453635969999,1.2832025289535522,0.6514396667480469,0.06449872255325317,0.2524471580982208
2592,412.7045517099999,1.3979778289794922,0.7655047178268433,0.06454380601644516,0.252731055021286
2593,412.864003539,1.3185181617736816,0.6855427026748657,0.0645817294716835,0.2529318928718567
2594,413.0237796099999,1.3979661464691162,0.7646328210830688,0.06461808830499649,0.25307488441467285
2595,413.184468561,1.3773659467697144,0.743725061416626,0.06464987248182297,0.2531977593898773
2596,413.34461074500007,1.336207389831543,0.7028103470802307,0.06466225534677505,0.2531001567840576
2597,413.5037164229999,1.4637057781219482,0.831186056137085,0.06465332955121994,0.2527492940425873
2598,413.66327775499997,1.4324270486831665,0.8015128374099731,0.06462717056274414,0.252107173204422
2599,413.8224726310001,1.4053621292114258,0.7767921686172485,0.06458450853824615,0.2511696219444275
2600,413.98316891599995,1.3909101486206055,0.7654756307601929,0.06451806426048279,0.2499157339334488
2601,414.159058696,1.3950488567352295,0.7735965251922607,0.06442520022392273,0.2483232319355011
2602,414.318959822,1.3962936401367188,0.7796487808227539,0.06431089341640472,0.24640069901943207
2603,414.4791933109999,1.401090145111084,0.7898537516593933,0.06417115777730942,0.24423786997795105
2604,414.639991916,1.391358733177185,0.7859860062599182,0.0640094056725502,0.24189305305480957
2605,414.8002871719999,1.3073923587799072,0.7084640264511108,0.06383191794157028,0.23931603133678436
2606,414.959710212,1.3167500495910645,0.7249045372009277,0.06363353133201599,0.23648366332054138
2607,415.1185517099999,1.3229589462280273,0.7387376427650452,0.0634182021021843,0.23343482613563538
2608,415.27899969299995,1.411772608757019,0.8353697061538696,0.06319223344326019,0.2303083837032318
2609,415.4390528109999,1.2746628522872925,0.705930769443512,0.06296967715024948,0.2272409349679947
2610,415.5987850549999,1.3455722332000732,0.7843538522720337,0.06274145841598511,0.2242363840341568
2611,415.759539175,1.3167104721069336,0.7629404067993164,0.06251323223114014,0.22125796973705292
2612,415.9194082339999,1.350837230682373,0.8044619560241699,0.06228775158524513,0.2183009535074234
2613,416.0795518399999,1.369723916053772,0.8292222023010254,0.06207950785756111,0.21595238149166107
2614,416.2392889670001,1.2755367755889893,0.7393229007720947,0.06191180646419525,0.21423792839050293
2615,416.39827333100004,1.2314424514770508,0.699102520942688,0.06176293268799782,0.21268892288208008
2616,416.55617076300007,1.2696291208267212,0.7403122782707214,0.061636097729206085,0.21148020029067993
2617,416.716945968,1.31003737449646,0.7827205657958984,0.06152799353003502,0.21068063378334045
2618,416.87693277200003,1.283195972442627,0.7575028538703918,0.06143029406666756,0.21003153920173645
2619,417.0360010999999,1.2632129192352295,0.7390177249908447,0.06133871525526047,0.20943275094032288
2620,417.19637642500004,1.3345801830291748,0.8119403123855591,0.06124965101480484,0.208810955286026
2621,417.355973542,1.30885910987854,0.7882832288742065,0.06115436926484108,0.2079857587814331
2622,417.5158772159999,1.2718505859375,0.7540361285209656,0.06104949861764908,0.2068815976381302
2623,417.6760028069999,1.350952386856079,0.8365890979766846,0.06093180552124977,0.20550158619880676
2624,417.835559753,1.3552749156951904,0.845009446144104,0.060801099985837936,0.2038629949092865
2625,417.99441248999995,1.3268728256225586,0.8213638663291931,0.06065859645605087,0.201960951089859
2626,418.15449545900003,1.3827959299087524,0.8827383518218994,0.060503408312797546,0.19978100061416626
2627,418.31443659700005,1.314421534538269,0.8205119967460632,0.06033368036150932,0.19732248783111572
2628,418.4760547950001,1.2817527055740356,0.794521689414978,0.06015282869338989,0.194651797413826
2629,418.636330551,1.140777587890625,0.6606626510620117,0.059960730373859406,0.1918061375617981
2630,418.796954604,1.1783463954925537,0.702506422996521,0.059805333614349365,0.19009673595428467
2631,418.957281134,1.2325448989868164,0.7576159238815308,0.05972009152173996,0.18973273038864136
2632,419.1182844230001,1.334200143814087,0.8588184118270874,0.059680331498384476,0.18991394340991974
2633,419.278745966,1.2671172618865967,0.7911211252212524,0.059659939259290695,0.1901598423719406
2634,419.43868037699997,1.2794950008392334,0.8031079769134521,0.05964488163590431,0.19031623005867004
2635,419.598209249,1.2410519123077393,0.7648311853408813,0.05962415412068367,0.19024980068206787
2636,419.757861273,1.2065545320510864,0.7313632965087891,0.05959111452102661,0.18983812630176544
2637,419.9167738110001,1.1643619537353516,0.6907904148101807,0.05955387279391289,0.18919041752815247
2638,420.0769083450001,1.2254526615142822,0.7523761987686157,0.059527311474084854,0.18899250030517578
2639,420.2360024200001,1.2185099124908447,0.7441296577453613,0.05953086540102959,0.18951398134231567
2640,420.39632352399997,1.2389593124389648,0.7622590065002441,0.05955677852034569,0.19044192135334015
2641,420.556379301,1.2138409614562988,0.7347763180732727,0.05959586054086685,0.19138744473457336
2642,420.7171391180001,1.262319803237915,0.7800083160400391,0.05965733900666237,0.19268597662448883
2643,420.87924921399997,1.2035210132598877,0.7170326709747314,0.05975831672549248,0.194356307387352
2644,421.03898867500004,1.3082998991012573,0.8175526857376099,0.059869199991226196,0.19605940580368042
2645,421.1981883740001,1.3046584129333496,0.8102105259895325,0.05997372046113014,0.197539284825325
2646,421.35658871199996,1.3086791038513184,0.8115758299827576,0.06006183102726936,0.19860106706619263
2647,421.51655886900005,1.233281135559082,0.7346091270446777,0.060133643448352814,0.19922828674316406
2648,421.6769678950001,1.34983229637146,0.8501592874526978,0.060190193355083466,0.19962847232818604
2649,421.83609428400007,1.2567301988601685,0.7566484212875366,0.06022682785987854,0.1997918039560318
2650,421.995819266,1.2545541524887085,0.7549803256988525,0.06023919954895973,0.1995885819196701
2651,422.15604422600006,1.2477681636810303,0.7494676113128662,0.0602283701300621,0.19907927513122559
2652,422.316367906,1.2556607723236084,0.758337140083313,0.060213662683963776,0.1986885815858841
2653,422.47634828699995,1.2821533679962158,0.7852065563201904,0.06020322069525719,0.1985379159450531
2654,422.6352976269999,1.2495133876800537,0.7526189088821411,0.06020259112119675,0.19851699471473694
2655,422.7942425990001,1.1570937633514404,0.6601612567901611,0.060201749205589294,0.19853219389915466
2656,422.9552507259999,1.3028134107589722,0.8047575354576111,0.06022517383098602,0.19898144900798798
2657,423.1148829990001,1.2950959205627441,0.7950390577316284,0.06026945635676384,0.19978168606758118
2658,423.273730366,1.3219611644744873,0.8202401995658875,0.06030818074941635,0.20044715702533722
2659,423.4342280699999,1.2591538429260254,0.7561654448509216,0.06034351885318756,0.20095402002334595
2660,423.59467482499997,1.236434817314148,0.7318086624145508,0.06038814038038254,0.20160892605781555
2661,423.7550069560001,1.3207526206970215,0.8143966794013977,0.06043846905231476,0.20230063796043396
2662,423.9151067849999,1.2971274852752686,0.7896654605865479,0.06048022210597992,0.20274285972118378
2663,424.0737951289999,1.3796157836914062,0.8719264268875122,0.06050065904855728,0.20283374190330505
2664,424.2329031769999,1.1816074848175049,0.674767017364502,0.06050190329551697,0.20249420404434204
2665,424.3929451969999,1.2996604442596436,0.7947711944580078,0.06047695130109787,0.20171378552913666
2666,424.5534179980001,1.2660021781921387,0.7634026408195496,0.060431670397520065,0.20079809427261353
2667,424.71170956000003,1.2565782070159912,0.756295382976532,0.06038530170917511,0.19987158477306366
2668,424.87207041199997,1.284597396850586,0.7826966047286987,0.06040048971772194,0.2005186825990677
2669,425.032423837,1.2415237426757812,0.7345421314239502,0.060500528663396835,0.20255066454410553
2670,425.192725213,1.2141704559326172,0.7013583779335022,0.060637082904577255,0.20488229393959045
2671,425.352532042,1.2443904876708984,0.7241021394729614,0.06081189215183258,0.20787207782268524
2672,425.51096892099997,1.4301621913909912,0.9010134935379028,0.06102338060736656,0.2114153951406479
2673,425.6701782040001,1.2180088758468628,0.6803785562515259,0.06124694645404816,0.21480713784694672
2674,425.830775733,1.3336527347564697,0.7879836559295654,0.06147167831659317,0.21802173554897308
2675,425.9907892120001,1.2984566688537598,0.7453468441963196,0.06168631464242935,0.2209971845149994
2676,426.1503926250001,1.3303167819976807,0.7710480093955994,0.06187693774700165,0.22345997393131256
2677,426.31059052600006,1.3768904209136963,0.8122722506523132,0.06204631179571152,0.22559909522533417
2678,426.471873546,1.3129804134368896,0.7438462972640991,0.06219857558608055,0.2274048626422882
2679,426.63212693699995,1.3772614002227783,0.8028428554534912,0.062337324023246765,0.2295181006193161
2680,426.79213525700004,1.367621898651123,0.7869822978973389,0.06250406801700592,0.23200583457946777
2681,426.9512938449999,1.425689458847046,0.8391512036323547,0.06266820430755615,0.23436464369297028
2682,427.11017250099997,1.4130349159240723,0.8216917514801025,0.06281568109989166,0.236285999417305
2683,427.270734113,1.3794665336608887,0.7848472595214844,0.06293833255767822,0.23759599030017853
2684,427.4303929409999,1.361454963684082,0.765106201171875,0.06302624195814133,0.23828743398189545
2685,427.5896586570001,1.3783657550811768,0.7814593315124512,0.06308560818433762,0.23851020634174347
2686,427.749599054,1.3395254611968994,0.7428162097930908,0.06312063336372375,0.2384312003850937
2687,427.910541092,1.3734581470489502,0.7771686911582947,0.06313516199588776,0.23826327919960022
2688,428.07060484300007,1.3955676555633545,0.8000533580780029,0.06313863396644592,0.23795312643051147
2689,428.22987184600004,1.352038860321045,0.7580386400222778,0.06312301754951477,0.2373475730419159
2690,428.38916987799996,1.3573908805847168,0.763932466506958,0.06313105672597885,0.23713082075119019
2691,428.548607026,1.3899823427200317,0.7955843210220337,0.06316990405321121,0.23750653862953186
2692,428.70853754000007,1.3787254095077515,0.7831565141677856,0.06322085112333298,0.23797467350959778
2693,428.86738598299996,1.3498680591583252,0.7537243962287903,0.06326225399971008,0.23820437490940094
2694,429.02764898299995,1.3104257583618164,0.7145947217941284,0.06328025460243225,0.2380792498588562
2695,429.1881684020001,1.2922731637954712,0.6975532174110413,0.06327506899833679,0.23763488233089447
2696,429.34777512900007,1.3930680751800537,0.7973291277885437,0.06332419067621231,0.23804225027561188
2697,429.507157593,1.4066696166992188,0.8077163696289062,0.06341271102428436,0.23932760953903198
2698,429.66619249999997,1.3355772495269775,0.7331982851028442,0.06350477784872055,0.24069756269454956
2699,429.82696832,1.3925604820251465,0.7871146202087402,0.06359735131263733,0.2419239580631256
2700,429.98743488499997,1.3717103004455566,0.7639675736427307,0.06367325037717819,0.2428424209356308
2701,430.1659343719999,1.4625874757766724,0.8536781072616577,0.0637282282114029,0.24330882728099823
2702,430.32596284399995,1.397329330444336,0.7885681986808777,0.06375273317098618,0.24324941635131836
2703,430.4867503859999,1.4203206300735474,0.8129159808158875,0.06374463438987732,0.24270687997341156
2704,430.64664197800005,1.338918685913086,0.7339633703231812,0.0637081116437912,0.24172727763652802
2705,430.8067198330001,1.3167495727539062,0.7151902914047241,0.0636453703045845,0.24036915600299835
2706,430.965135219,1.3734900951385498,0.7759334444999695,0.06356317549943924,0.23876842856407166
2707,431.12369714499994,1.3544626235961914,0.7612934708595276,0.0634697675704956,0.2370138168334961
2708,431.28406903100006,1.29902982711792,0.7106927037239075,0.06335542351007462,0.23508146405220032
2709,431.44501887800004,1.3621160984039307,0.7785151600837708,0.06323528289794922,0.23318743705749512
2710,431.6043357289999,1.3425270318984985,0.7634899616241455,0.06311115622520447,0.23136238753795624
2711,431.76393252800005,1.3349390029907227,0.7605206370353699,0.06298316270112991,0.22951538860797882
2712,431.9244558040001,1.3173717260360718,0.7475885152816772,0.0628543272614479,0.2276618629693985
2713,432.084168942,1.3835551738739014,0.8183218240737915,0.06272068619728088,0.2258424162864685
2714,432.2440190409999,1.3269987106323242,0.7663291692733765,0.06258562952280045,0.22401747107505798
2715,432.403576886,1.3070956468582153,0.7512089610099792,0.06244087219238281,0.22210490703582764
2716,432.5623978699999,1.3169026374816895,0.766160249710083,0.06229332834482193,0.22004780173301697
2717,432.72337190199994,1.293701171875,0.7485520243644714,0.06213986501097679,0.21781113743782043
2718,432.8825291520001,1.3118739128112793,0.7720245122909546,0.06198064237833023,0.21569180488586426
2719,433.042765456,1.2787655591964722,0.7439229488372803,0.06182347983121872,0.21368975937366486
2720,433.203522765,1.3581223487854004,0.8279571533203125,0.061671048402786255,0.2118193805217743
2721,433.365157865,1.302074909210205,0.7763352990150452,0.061520978808403015,0.21004971861839294
2722,433.52457026700006,1.3338613510131836,0.8126828670501709,0.06137355417013168,0.20822586119174957
2723,433.6853232310001,1.3224263191223145,0.8061643838882446,0.061220984905958176,0.2062598615884781
2724,433.8445117330001,1.2394564151763916,0.7283351421356201,0.06106662377715111,0.2042042762041092
2725,434.00285320699993,1.3461217880249023,0.840105414390564,0.060909952968358994,0.2021629363298416
2726,434.1633032220001,1.2333229780197144,0.7325770854949951,0.06075166165828705,0.20005536079406738
2727,434.32156703199996,1.2881083488464355,0.792553186416626,0.06059246510267258,0.19797970354557037
2728,434.4823094269999,1.2322934865951538,0.7418080568313599,0.060432545840740204,0.1959524303674698
2729,434.64291862900006,1.248392939567566,0.7630122303962708,0.060272570699453354,0.19391117990016937
2730,434.802877622,1.241750955581665,0.7615015506744385,0.06011960282921791,0.19185927510261536
2731,434.96306250300006,1.2582671642303467,0.7824321389198303,0.0599825456738472,0.19009408354759216
2732,435.1212958740001,1.2719190120697021,0.7998812794685364,0.05985358729958534,0.18857567012310028
2733,435.281042963,1.220601201057434,0.7524370551109314,0.05972261354327202,0.1870267689228058
2734,435.44147977599994,1.3013800382614136,0.8374730348587036,0.05959085375070572,0.18532444536685944
2735,435.6024468679999,1.230241298675537,0.7707036733627319,0.05946121737360954,0.18357722461223602
2736,435.761752518,1.2637131214141846,0.8086514472961426,0.05932944640517235,0.18178735673427582
2737,435.920804128,1.2025102376937866,0.7522657513618469,0.059195175766944885,0.17986102402210236
2738,436.08101402599993,1.2404704093933105,0.7949306964874268,0.0590568482875824,0.17797966301441193
2739,436.2403285900001,1.2698639631271362,0.8287546634674072,0.05892806872725487,0.176208034157753
2740,436.39943135600004,1.253359079360962,0.8166295289993286,0.05880669504404068,0.17445659637451172
2741,436.55877580699996,1.166527271270752,0.734366774559021,0.058682072907686234,0.17262950539588928
2742,436.718966711,1.2217051982879639,0.7914023995399475,0.05859693884849548,0.17188672721385956
2743,436.879466448,1.1497902870178223,0.7186476588249207,0.05857013538479805,0.1722227782011032
2744,437.0384130890001,1.159879207611084,0.7268693447113037,0.05856599658727646,0.17296968400478363
2745,437.1987565410001,1.2484266757965088,0.8131309747695923,0.0585792101919651,0.17388394474983215
2746,437.359149838,1.2577522993087769,0.8202471733093262,0.05859958380460739,0.1747676581144333
2747,437.52000115199996,1.2093935012817383,0.7700467109680176,0.058617908507585526,0.17550425231456757
2748,437.67974096499995,1.3046300411224365,0.8640733957290649,0.058629412204027176,0.17598813772201538
2749,437.838878875,1.2131479978561401,0.7723769545555115,0.05862712487578392,0.17607389390468597
2750,437.99780974099997,1.2192389965057373,0.7793960571289062,0.05860617756843567,0.17570273578166962
2751,438.1574645469999,1.215682029724121,0.776604950428009,0.058579616248607635,0.17539650201797485
2752,438.31702793400007,1.228994607925415,0.7900432348251343,0.05855962634086609,0.17534630000591278
2753,438.47749626899997,1.2039852142333984,0.7629369497299194,0.058574024587869644,0.1761849820613861
2754,438.63765841,1.2004848718643188,0.7557142972946167,0.05861763656139374,0.17767375707626343
2755,438.79713687700007,1.2232855558395386,0.7736942768096924,0.05868259444832802,0.17960180342197418
2756,438.95674364900003,1.2571848630905151,0.8023475408554077,0.05876636505126953,0.18169985711574554
2757,439.11624502899997,1.1660679578781128,0.7065290212631226,0.058853719383478165,0.18358014523983002
2758,439.27526780899996,1.189847469329834,0.7256498336791992,0.058950476348400116,0.1854432374238968
2759,439.4350357269999,1.2572097778320312,0.78855299949646,0.05904436111450195,0.1872265338897705
2760,439.595316731,1.2561273574829102,0.7838220596313477,0.05913259834051132,0.1886855810880661
2761,439.754800003,1.2305318117141724,0.7556884288787842,0.05920359119772911,0.18970054388046265
2762,439.9154055790001,1.171528935432434,0.6953297257423401,0.05926079675555229,0.19024264812469482
2763,440.0760641840001,1.3501728773117065,0.8723903894424438,0.05931759998202324,0.19087572395801544
2764,440.23641268099993,1.2840609550476074,0.8041414618492126,0.0593671016395092,0.1917303502559662
2765,440.39687412599994,1.286616563796997,0.8049604892730713,0.059410225600004196,0.19242477416992188
2766,440.55655246599997,1.255731225013733,0.7732054591178894,0.05943801999092102,0.19277255237102509
2767,440.716615164,1.2857937812805176,0.8028059005737305,0.05944637209177017,0.19295740127563477
2768,440.8753233670001,1.2401334047317505,0.7570478916168213,0.05945071578025818,0.19299639761447906
2769,441.0353794690001,1.326918363571167,0.8442926406860352,0.0594465471804142,0.1928125023841858
2770,441.19461955200006,1.2649905681610107,0.7836263179779053,0.059423040598630905,0.19230800867080688
2771,441.3557133779999,1.1655216217041016,0.6863324642181396,0.05937965214252472,0.19143813848495483
2772,441.51559867699996,1.2637827396392822,0.7870046496391296,0.05932703986763954,0.19047394394874573
2773,441.6765635119999,1.2634985446929932,0.7891385555267334,0.05926862731575966,0.1895069181919098
2774,441.83604696300006,1.1545541286468506,0.6829735636711121,0.05919792503118515,0.1883954554796219
2775,441.995634234,1.1232621669769287,0.6548999547958374,0.059114400297403336,0.18710841238498688
2776,442.1555588970001,1.2329552173614502,0.7670718431472778,0.05903208255767822,0.1861172318458557
2777,442.3147725150001,1.2231255769729614,0.7585276961326599,0.05896638333797455,0.1856032758951187
2778,442.4748389800001,1.2418830394744873,0.7772208452224731,0.05891763046383858,0.18562917411327362
2779,442.63336610299996,1.2851321697235107,0.8196853995323181,0.05888643115758896,0.1859431266784668
2780,442.793408374,1.1687202453613281,0.7027000188827515,0.05885794386267662,0.18617267906665802
2781,442.9534021850001,1.25590980052948,0.7889711856842041,0.058831822127103806,0.1865401268005371
2782,443.11359400699996,1.2760155200958252,0.8080358505249023,0.05881378799676895,0.18695661425590515
2783,443.27244901999995,1.2187186479568481,0.7501890063285828,0.05879443883895874,0.1871766895055771
2784,443.43204415699995,1.2440959215164185,0.7756514549255371,0.05876636132597923,0.1871427446603775
2785,443.5914084740001,1.1641377210617065,0.6963461637496948,0.05873369798064232,0.1868816763162613
2786,443.75187177500004,1.258901834487915,0.79210364818573,0.05868573486804962,0.18648451566696167
2787,443.91234647499994,1.1733590364456177,0.707892894744873,0.05862847715616226,0.18595193326473236
2788,444.0724576440001,1.1693204641342163,0.7052996158599854,0.058561764657497406,0.18537409603595734
2789,444.2329420970001,1.2106306552886963,0.7482552528381348,0.0585002601146698,0.18471617996692657
2790,444.393149009,1.263620138168335,0.8033026456832886,0.05843012034893036,0.18389327824115753
2791,444.553387866,1.269806146621704,0.8118539452552795,0.05836356803774834,0.18294742703437805
2792,444.714987643,1.3290984630584717,0.8734506964683533,0.05830288678407669,0.18202589452266693
2793,444.876052815,1.2410385608673096,0.7879079580307007,0.05823535472154617,0.18101927638053894
2794,445.03693474199997,1.2582563161849976,0.8082007169723511,0.05815649777650833,0.17978961765766144
2795,445.197107158,1.2906229496002197,0.8418208360671997,0.05808771029114723,0.17928850650787354
2796,445.35666787,1.246536374092102,0.796869158744812,0.05805407464504242,0.17963466048240662
2797,445.51676262600006,1.251201868057251,0.8001436591148376,0.05804868042469025,0.1801910698413849
2798,445.67645488799997,1.2437422275543213,0.7917487621307373,0.0580572783946991,0.18056519329547882
2799,445.83627678100004,1.1732920408248901,0.7212260961532593,0.05805838853120804,0.18059413135051727
2800,445.9968536980001,1.183703064918518,0.7324434518814087,0.05805223435163498,0.18027161061763763
2801,446.176066936,1.2375988960266113,0.7872927784919739,0.0580378882586956,0.17989030480384827
2802,446.33680575999995,1.2761986255645752,0.8270251750946045,0.05801420286297798,0.17943735420703888
2803,446.49712843200007,1.1926519870758057,0.7451388835906982,0.057974282652139664,0.17877334356307983
2804,446.656511886,1.1950714588165283,0.7474886775016785,0.05795222893357277,0.17880132794380188
2805,446.81600575699997,1.2200047969818115,0.7705677151679993,0.05796332284808159,0.17954297363758087
2806,446.9758898199999,1.3191194534301758,0.8671681880950928,0.05799680948257446,0.1805485337972641
2807,447.13472377200003,1.1989332437515259,0.7445905804634094,0.0580415278673172,0.18150489032268524
2808,447.295292187,1.179521083831787,0.722737729549408,0.05808029696345329,0.182481050491333
2809,447.455529879,1.282527208328247,0.8235085010528564,0.05812247842550278,0.18337500095367432
2810,447.61511267000003,1.2562131881713867,0.7957154512405396,0.05816009268164635,0.18396645784378052
2811,447.7754629330001,1.19792640209198,0.7368646860122681,0.058177776634693146,0.18419195711612701
2812,447.93561017700006,1.1980410814285278,0.7374402284622192,0.05817834287881851,0.18400762975215912
2813,448.096238966,1.1443462371826172,0.6850998997688293,0.05815897881984711,0.1834658980369568
2814,448.256366791,1.253326654434204,0.7950935363769531,0.05814264714717865,0.1830606460571289
2815,448.4162423449999,1.2497773170471191,0.7920235395431519,0.058132681995630264,0.18286897242069244
2816,448.575700987,1.281733751296997,0.8245809674263,0.05812137946486473,0.18262863159179688
2817,448.73355862999995,1.2110644578933716,0.7541213631629944,0.058119188994169235,0.1825447529554367
2818,448.8945688319999,1.1815474033355713,0.7242661714553833,0.05812418833374977,0.18268001079559326
2819,449.05522537600007,1.209551215171814,0.7516422271728516,0.05813121050596237,0.1829310804605484
2820,449.2141660640001,1.2206876277923584,0.7621151804924011,0.05813347175717354,0.18319644033908844
2821,449.3738804620001,1.1333272457122803,0.6743857860565186,0.05813053995370865,0.1833440512418747
2822,449.533174283,1.1692686080932617,0.7092568278312683,0.058146294206380844,0.18377216160297394
2823,449.69285070600006,1.2011945247650146,0.7392773628234863,0.0581744909286499,0.18453414738178253
2824,449.8513795509999,1.1534210443496704,0.6893741488456726,0.058206286281347275,0.18538594245910645
2825,450.0106299370001,1.2462416887283325,0.7798795104026794,0.0582430399954319,0.18631188571453094
2826,450.171178984,1.3188881874084473,0.8504886031150818,0.058280330151319504,0.18712668120861053
2827,450.33140149300004,1.2341691255569458,0.7644585967063904,0.058307308703660965,0.18765097856521606
2828,450.490527518,1.2774012088775635,0.8071309328079224,0.05832597613334656,0.18787479400634766
2829,450.64980507100006,1.3018068075180054,0.831619143486023,0.0583379901945591,0.1878417283296585
2830,450.8083654349999,1.211363673210144,0.7420597076416016,0.05833090841770172,0.18748825788497925
2831,450.9675293859999,1.2997524738311768,0.8319011926651001,0.05830632150173187,0.1869073063135147
2832,451.1262816059999,1.1675746440887451,0.701488733291626,0.05826716497540474,0.186201274394989
2833,451.2869480349999,1.2223957777023315,0.7530972957611084,0.05830000713467598,0.1874862015247345
2834,451.44690346100003,1.2507057189941406,0.7734508514404297,0.05844441056251526,0.19066818058490753
2835,451.606177042,1.3335011005401611,0.8473474979400635,0.058646056801080704,0.19422684609889984
2836,451.765566872,1.2478454113006592,0.7535401582717896,0.058866970241069794,0.19748660922050476
2837,451.9250903400001,1.1599544286727905,0.6588361263275146,0.05907870829105377,0.20021098852157593
2838,452.08497405800006,1.3048840761184692,0.7978816032409668,0.059273988008499146,0.20256388187408447
2839,452.244263595,1.2489969730377197,0.7371234893798828,0.05945120006799698,0.2045116275548935
2840,452.4039420329999,1.3052964210510254,0.7879096269607544,0.05964161083102226,0.20671617984771729
2841,452.56359242099995,1.3177396059036255,0.7941319942474365,0.0598449632525444,0.20920367538928986
2842,452.72474182999997,1.2678382396697998,0.7386894226074219,0.06003706902265549,0.21141938865184784
2843,452.8831969639999,1.3284400701522827,0.7946005463600159,0.06021231785416603,0.21329496800899506
2844,453.0433137639999,1.2809092998504639,0.7431943416595459,0.06037113070487976,0.2148444950580597
2845,453.2042412039999,1.3477851152420044,0.8072806000709534,0.06050075218081474,0.2159598022699356
2846,453.36476660899996,1.3007301092147827,0.7586420774459839,0.06059537082910538,0.21659284830093384
2847,453.5240220049999,1.2989609241485596,0.7565839290618896,0.06065959855914116,0.21670818328857422
2848,453.68346158299994,1.208432674407959,0.6669435501098633,0.060696687549352646,0.21635285019874573
2849,453.8423937220001,1.423741340637207,0.8827273845672607,0.06073357164859772,0.21616266667842865
2850,454.002895664,1.2676323652267456,0.7266056537628174,0.06077053025364876,0.21616758406162262
2851,454.16298389199994,1.2729885578155518,0.7322707176208496,0.06079215183854103,0.21604397892951965
2852,454.322003999,1.2967360019683838,0.7531108260154724,0.060865797102451324,0.21720662713050842
2853,454.48165164,1.2286131381988525,0.6789830923080444,0.06099696084856987,0.21960800886154175
2854,454.64181379600006,1.370012640953064,0.8130940794944763,0.061179786920547485,0.22252270579338074
2855,454.80147924100004,1.3665599822998047,0.8023707866668701,0.06137339398264885,0.22543014585971832
2856,454.96081719899996,1.3239729404449463,0.7536094784736633,0.0615689679980278,0.22789910435676575
2857,455.11962597700006,1.3132723569869995,0.7381955981254578,0.0617469884455204,0.22978372871875763
2858,455.2789097010001,1.3471102714538574,0.7685916423797607,0.0618954636156559,0.23115986585617065
2859,455.4394447379999,1.3696844577789307,0.78861403465271,0.06201854720711708,0.23218008875846863
2860,455.599657183,1.3737350702285767,0.7911282181739807,0.062106769531965256,0.23279429972171783
2861,455.759006589,1.357800006866455,0.7745549082756042,0.062166932970285416,0.2330493927001953
2862,455.91963772099996,1.3028733730316162,0.7199159264564514,0.062201112508773804,0.23293419182300568
2863,456.07968951300006,1.1974180936813354,0.6157541871070862,0.0622064508497715,0.23241671919822693
2864,456.24047946300004,1.308861494064331,0.7286176681518555,0.06220168620347977,0.23184870183467865
2865,456.4007878650001,1.360826015472412,0.7818734645843506,0.06218009069561958,0.23133231699466705
2866,456.5606666519999,1.4000120162963867,0.8226221799850464,0.06214739382266998,0.2307073175907135
2867,456.72015859300006,1.4155640602111816,0.839398980140686,0.06209795922040939,0.23021765053272247
2868,456.8800688580001,1.4066193103790283,0.8315069675445557,0.0620562769472599,0.22979672253131866
2869,457.04019954500006,1.359468698501587,0.7859033346176147,0.06200876832008362,0.22917814552783966
2870,457.200682327,1.2394590377807617,0.6682349443435669,0.06194480508565903,0.22824187576770782
2871,457.361820128,1.315983772277832,0.7462162971496582,0.061890725046396255,0.2276594340801239
2872,457.5214109100001,1.3845407962799072,0.8151640892028809,0.06185080111026764,0.22750329971313477
2873,457.681328751,1.2604812383651733,0.6916065812110901,0.06181691214442253,0.22730259597301483
2874,457.8421200920001,1.3703558444976807,0.8009812235832214,0.06180145964026451,0.22750262916088104
2875,458.00298864600006,1.3095625638961792,0.7389844655990601,0.061807986348867416,0.2279839962720871
2876,458.16445263899993,1.3829052448272705,0.8111240863800049,0.06182494014501572,0.22846513986587524
2877,458.32451673599996,1.383849859237671,0.8113552927970886,0.061840176582336426,0.22875048220157623
2878,458.4839527109999,1.427560806274414,0.8553431034088135,0.06184091418981552,0.22863972187042236
2879,458.642608299,1.4031150341033936,0.8323474526405334,0.06181662157177925,0.228059783577919
2880,458.8011654149999,1.3076388835906982,0.7395626902580261,0.061763230711221695,0.2269834578037262
2881,458.9608965240001,1.417818546295166,0.8534727096557617,0.06168004870414734,0.22549164295196533
2882,459.1199326919999,1.274875283241272,0.7152026891708374,0.0615718737244606,0.22362275421619415
2883,459.27887819599994,1.3163819313049316,0.7591976523399353,0.06150713190436363,0.22262771427631378
2884,459.4390052289999,1.2893154621124268,0.7320472002029419,0.061498306691646576,0.22266130149364471
2885,459.599691944,1.339167833328247,0.7787744998931885,0.0615532323718071,0.2239111363887787
2886,459.75940163000007,1.3577494621276855,0.7921733260154724,0.061653051525354385,0.22598379850387573
2887,459.91895786299995,1.3301482200622559,0.7572043538093567,0.0618182010948658,0.22893026471138
2888,460.077518831,1.3404550552368164,0.7588181495666504,0.062019459903240204,0.23240667581558228
2889,460.2368497240001,1.4104576110839844,0.8204519152641296,0.06223056837916374,0.2357533574104309
2890,460.397383506,1.3547579050064087,0.7574542164802551,0.062433622777462006,0.23867172002792358
2891,460.5563668010001,1.3633631467819214,0.7602458000183105,0.06261524558067322,0.24099647998809814
2892,460.7163517309999,1.3902618885040283,0.7831155061721802,0.06277012825012207,0.2426074892282486
2893,460.8761452320001,1.384924292564392,0.7755405902862549,0.06288965046405792,0.2435019314289093
2894,461.0359473100001,1.4087605476379395,0.798701822757721,0.06297057121992111,0.24377158284187317
2895,461.1952020079999,1.3638954162597656,0.7545142769813538,0.06301039457321167,0.24350039660930634
2896,461.35369374100003,1.429001808166504,0.821495532989502,0.06301656365394592,0.24275046586990356
2897,461.513762466,1.3383769989013672,0.7338865399360657,0.06298664212226868,0.24154424667358398
2898,461.67365850299996,1.31429922580719,0.7134214639663696,0.0629323199391365,0.24009937047958374
2899,461.83217720999994,1.3333165645599365,0.7357511520385742,0.06285978853702545,0.23877476155757904
2900,461.9917629370001,1.4433085918426514,0.8479176759719849,0.06280621141195297,0.23790517449378967
2901,462.168180968,1.4313194751739502,0.837376058101654,0.06276022642850876,0.23732632398605347
2902,462.3272020359999,1.341378927230835,0.7490425109863281,0.06271420419216156,0.2366836965084076
2903,462.4861440389999,1.377030372619629,0.7864923477172852,0.06266960501670837,0.2359645515680313
2904,462.6462554630001,1.339328646659851,0.7506400346755981,0.06262092292308807,0.23522496223449707
2905,462.80659298500007,1.4086086750030518,0.8220216035842896,0.06255688518285751,0.23438459634780884
2906,462.96549427699995,1.3294179439544678,0.745561957359314,0.06247858703136444,0.23329247534275055
2907,463.1265122829999,1.4671422243118286,0.8865237832069397,0.062389735132455826,0.23199783265590668
2908,463.286970646,1.3164738416671753,0.7395327091217041,0.062288571149110794,0.23052731156349182
2909,463.44751484000005,1.3862645626068115,0.8135119676589966,0.062174826860427856,0.22885237634181976
2910,463.606474028,1.4085943698883057,0.8404977321624756,0.062050897628068924,0.2269904464483261
2911,463.765798024,1.376009225845337,0.8131759762763977,0.06191275268793106,0.22488564252853394
2912,463.9244594400001,1.3862208127975464,0.829139769077301,0.061756204813718796,0.22258538007736206
2913,464.08450469699994,1.2610599994659424,0.7101098299026489,0.06158911809325218,0.2201337367296219
2914,464.2443168440001,1.2374775409698486,0.6924325227737427,0.061420246958732605,0.21777230501174927
2915,464.403153804,1.3171114921569824,0.7772760391235352,0.06125783920288086,0.21568912267684937
2916,464.562696611,1.3209878206253052,0.7861091494560242,0.06109616532921791,0.2137070894241333
2917,464.72308417700003,1.3350956439971924,0.8046905994415283,0.060939986258745193,0.21191827952861786
2918,464.8831681749999,1.292187213897705,0.7657651305198669,0.060794517397880554,0.21032565832138062
2919,465.0423424459999,1.2614037990570068,0.7389340400695801,0.06065433844923973,0.2087453007698059
2920,465.2017490029999,1.291914939880371,0.7736603617668152,0.06051397696137428,0.20705977082252502
2921,465.3608922259999,1.291372537612915,0.777596652507782,0.06037977337837219,0.20526885986328125
2922,465.521525624,1.3047001361846924,0.7956271171569824,0.0602433867752552,0.2033882737159729
2923,465.68176155699996,1.2671458721160889,0.7628527283668518,0.06010297313332558,0.2014768272638321
2924,465.840547398,1.2033692598342896,0.7038037776947021,0.05996318161487579,0.19958633184432983
2925,466.0007038970001,1.2240015268325806,0.72925865650177,0.05982092022895813,0.19765788316726685
2926,466.1615625779999,1.2388156652450562,0.7487342357635498,0.05968813598155975,0.19579380750656128
2927,466.3216175230001,1.2018989324569702,0.7148116827011108,0.05957546830177307,0.19459658861160278
2928,466.48180569,1.248530387878418,0.7624183893203735,0.05949672311544418,0.19420680403709412
2929,466.641124204,1.2520124912261963,0.7647058367729187,0.059465307742357254,0.19468477368354797
2930,466.799824996,1.3021881580352783,0.8113531470298767,0.05947939679026604,0.19609606266021729
2931,466.95956729500006,1.237331509590149,0.7420346140861511,0.05953254923224449,0.1978806108236313
2932,467.11931717999994,1.241930603981018,0.7422601580619812,0.05959556996822357,0.1996297985315323
2933,467.279318515,1.2466002702713013,0.7423584461212158,0.05968264862895012,0.20145800709724426
2934,467.43934305000005,1.3037889003753662,0.7947797775268555,0.059782423079013824,0.2033645212650299
2935,467.59957102600004,1.2184500694274902,0.704689621925354,0.05989107862114906,0.2052646279335022
2936,467.759491678,1.2294682264328003,0.7108880281448364,0.06000876426696777,0.20719203352928162
2937,467.9200548120001,1.2845263481140137,0.7614908218383789,0.06012565270066261,0.2089737504720688
2938,468.0804006540001,1.3156036138534546,0.7889078855514526,0.06023680418729782,0.2104373574256897
2939,468.2399469779999,1.3804874420166016,0.8510720729827881,0.06033186987042427,0.21152479946613312
2940,468.39928427200005,1.3408414125442505,0.8098311424255371,0.06039777025580406,0.21216250956058502
2941,468.5592232329999,1.2273483276367188,0.6960455775260925,0.06043916940689087,0.21227937936782837
2942,468.71958936499993,1.2399863004684448,0.7066346406936646,0.06049619987607002,0.2130986601114273
2943,468.8801414210001,1.3782248497009277,0.8404706120491028,0.06059319153428078,0.21485929191112518
2944,469.0397294170001,1.3435478210449219,0.8009305000305176,0.06071704253554344,0.21680402755737305
2945,469.200346191,1.2477116584777832,0.700748085975647,0.06083489581942558,0.21854212880134583
2946,469.360920489,1.3186438083648682,0.768195629119873,0.060943663120269775,0.21993546187877655
2947,469.52187637300005,1.3097264766693115,0.7568401098251343,0.06103919818997383,0.22091040015220642
2948,469.6825014299999,1.2688195705413818,0.7146780490875244,0.061119530349969864,0.22141215205192566
2949,469.8421289280001,1.329889178276062,0.7753499746322632,0.06117618456482887,0.2215709686279297
2950,470.0041994490001,1.323373556137085,0.7691743969917297,0.0612068697810173,0.2214348316192627
2951,470.16325711599995,1.2756037712097168,0.7226619720458984,0.061211660504341125,0.22093188762664795
2952,470.3220537410001,1.2921819686889648,0.7414379119873047,0.06119615212082863,0.22005286812782288
2953,470.4827910370001,1.3534870147705078,0.8058485984802246,0.061158187687397,0.21881073713302612
2954,470.6421356520001,1.3444732427597046,0.8007811307907104,0.061093322932720184,0.21723246574401855
2955,470.8018629280001,1.3251183032989502,0.7851241230964661,0.061025578528642654,0.21575355529785156
2956,470.9614403239999,1.3454551696777344,0.8086864948272705,0.060959331691265106,0.21446362137794495
2957,471.1221416960001,1.3477952480316162,0.8140751719474792,0.06089218705892563,0.2132444828748703
2958,471.282425341,1.3011813163757324,0.7700490951538086,0.06082719936966896,0.21220959722995758
2959,471.4423156659999,1.3037068843841553,0.774830162525177,0.06077010929584503,0.2113076150417328
2960,471.601445676,1.23861825466156,0.7121312022209167,0.06070917099714279,0.21035200357437134
2961,471.76021067499994,1.230299949645996,0.7060019969940186,0.060652587562799454,0.2094765603542328
2962,471.92039940300003,1.2962141036987305,0.7700421810150146,0.06064966693520546,0.2102261781692505
2963,472.0808468240001,1.2902473211288452,0.7586008906364441,0.06073067709803581,0.2124156504869461
2964,472.240121748,1.3126239776611328,0.7747323513031006,0.060847654938697815,0.2149132490158081
2965,472.39949569399994,1.3212156295776367,0.7775499820709229,0.06096916273236275,0.21722236275672913
2966,472.5599204839999,1.327632188796997,0.7792844772338867,0.06108298525214195,0.21909475326538086
2967,472.71996222099995,1.288862943649292,0.7369499206542969,0.061181407421827316,0.220520481467247
2968,472.8811329439999,1.3306914567947388,0.7761427164077759,0.06126252934336662,0.22157444059848785
2969,473.0403989990001,1.343268632888794,0.7870195508003235,0.06132296100258827,0.22225432097911835
2970,473.19899164900005,1.3792593479156494,0.8223119378089905,0.06136152893304825,0.22253350913524628
2971,473.3579545020001,1.340738296508789,0.7841857671737671,0.06137216463685036,0.2223755270242691
2972,473.51792596999996,1.3365108966827393,0.781480073928833,0.061356279999017715,0.2217668890953064
2973,473.67666586999997,1.4010429382324219,0.846668004989624,0.06134837865829468,0.2215045690536499
2974,473.8363798280001,1.303011417388916,0.7479891777038574,0.061370983719825745,0.22176343202590942
2975,473.9963187100001,1.2950319051742554,0.7393044233322144,0.06140070781111717,0.2220453917980194
2976,474.15617682699997,1.3507704734802246,0.7939949035644531,0.0614459328353405,0.2224644124507904
2977,474.316349416,1.311933159828186,0.7538766264915466,0.06149434298276901,0.22297663986682892
2978,474.4756825559999,1.3043146133422852,0.7449225187301636,0.061539698392152786,0.22351065278053284
2979,474.6345148859999,1.3162016868591309,0.753821611404419,0.0616062767803669,0.22470562160015106
2980,474.7939393529999,1.336305856704712,0.769262969493866,0.06171010434627533,0.22657035291194916
2981,474.9539359439999,1.3955681324005127,0.8233155012130737,0.06183472275733948,0.22865374386310577
2982,475.1130068020001,1.3272545337677002,0.7501912117004395,0.061960212886333466,0.2305774688720703
2983,475.272395976,1.3798925876617432,0.7987793684005737,0.06208444759249687,0.23219692707061768
2984,475.43217622200007,1.3500196933746338,0.7658851146697998,0.06218648701906204,0.23340511322021484
2985,475.5928019040001,1.3838679790496826,0.7979915142059326,0.06226274371147156,0.2341015487909317
2986,475.752669461,1.3313488960266113,0.7451046109199524,0.06230970844626427,0.23424844443798065
2987,475.9120565930001,1.388319730758667,0.8006883859634399,0.06236164644360542,0.23480306565761566
2988,476.07189288200004,1.361910343170166,0.7714596390724182,0.06243915483355522,0.23593054711818695
2989,476.231839165,1.4363977909088135,0.8430377840995789,0.0625259131193161,0.23709392547607422
2990,476.391637652,1.416944980621338,0.8213573694229126,0.06260556727647781,0.23798465728759766
2991,476.550743916,1.4230941534042358,0.8261277675628662,0.06266213953495026,0.23853591084480286
2992,476.71017930000005,1.4588872194290161,0.8605720400810242,0.06272409856319427,0.2390751838684082
2993,476.86968217800006,1.296271562576294,0.6966068148612976,0.06277984380722046,0.23961475491523743
2994,477.0289072029999,1.4147047996520996,0.8138645887374878,0.0628385990858078,0.240084707736969
2995,477.18799243599994,1.3719362020492554,0.7703412771224976,0.06288223713636398,0.24038642644882202
2996,477.34647461099996,1.3970321416854858,0.7922924757003784,0.06294694542884827,0.24164406955242157
2997,477.5062246030001,1.4568476676940918,0.8458430171012878,0.06309689581394196,0.24414947628974915
2998,477.664914456,1.3345211744308472,0.7163201570510864,0.06329859793186188,0.2470272034406662
2999,477.8241548909999,1.3565833568572998,0.7313212156295776,0.06350976228713989,0.2498508095741272
3000,477.984028214,1.4027211666107178,0.7712079882621765,0.06371021270751953,0.25235041975975037
3001,478.157931328,1.4141125679016113,0.7776985764503479,0.06389698386192322,0.2543099820613861
3002,478.3182430830001,1.4442999362945557,0.804539144039154,0.06405006349086761,0.25564810633659363
3003,478.4782635160001,1.3641407489776611,0.7226100564002991,0.06416870653629303,0.2563556134700775
3004,478.63892845099997,1.5031758546829224,0.8611706495285034,0.06425115466117859,0.2565450668334961
3005,478.79826231999994,1.2803826332092285,0.639112114906311,0.06429347395896912,0.2562510371208191
3006,478.9586996449999,1.414911150932312,0.7742796540260315,0.06430765241384506,0.25599536299705505
3007,479.1191924159999,1.3838529586791992,0.7423412799835205,0.0643446296453476,0.25634726881980896
3008,479.2792973510001,1.3972275257110596,0.7536505460739136,0.06441367417573929,0.2571731209754944
3009,479.4384215870001,1.4582467079162598,0.8126395344734192,0.06448492407798767,0.2579849064350128
3010,479.59767711899997,1.2889442443847656,0.6417750120162964,0.0645463690161705,0.25860947370529175
3011,479.7561139630001,1.4014780521392822,0.7518024444580078,0.06459977477788925,0.2596118748188019
3012,479.91642525300006,1.4081166982650757,0.755042552947998,0.06469205766916275,0.2609708905220032
3013,480.07688660199995,1.3881773948669434,0.7319071888923645,0.06479942798614502,0.2622489035129547
3014,480.23582830199996,1.463229775428772,0.8043678998947144,0.06489283591508865,0.26328518986701965
3015,480.39664871699995,1.482627034187317,0.8220934867858887,0.06497854739427567,0.2639535069465637
3016,480.55755304499996,1.4542474746704102,0.793033242225647,0.06504657864570618,0.2642255425453186
3017,480.717405193,1.4110922813415527,0.7503765821456909,0.06507978588342667,0.2640259861946106
3018,480.876176698,1.3434679508209229,0.6825982332229614,0.06512047350406647,0.26408737897872925
3019,481.03599377500007,1.4933412075042725,0.8311858177185059,0.06517553329467773,0.2646014094352722
3020,481.1949948590001,1.4614640474319458,0.7981219291687012,0.06522904336452484,0.2650759220123291
3021,481.3557503200001,1.3414634466171265,0.6776732206344604,0.06526900827884674,0.26525503396987915
3022,481.515944184,1.4276940822601318,0.764205813407898,0.06528618186712265,0.26513415575027466
3023,481.675960403,1.4602407217025757,0.7964732050895691,0.06530891358852386,0.2652457654476166
3024,481.8361695130001,1.4405245780944824,0.775934100151062,0.06535191833972931,0.26557478308677673
3025,481.9960515680001,1.394778847694397,0.7291969060897827,0.065399669110775,0.26597118377685547
3026,482.15606454600004,1.4178459644317627,0.7511425614356995,0.06543984264135361,0.2664196193218231
3027,482.31795428099997,1.398947834968567,0.7316007614135742,0.0654711127281189,0.26667696237564087
3028,482.477525743,1.45729660987854,0.7900139093399048,0.06549511104822159,0.26665109395980835
3029,482.63700826799993,1.5031847953796387,0.8368865251541138,0.06550231575965881,0.2662573456764221
3030,482.7959261100001,1.3711923360824585,0.7068805694580078,0.06548305600881577,0.2654627859592438
3031,482.9555684809999,1.4507369995117188,0.7891175746917725,0.06543078273534775,0.26438605785369873
3032,483.1156096819999,1.4635937213897705,0.8053385019302368,0.06536074727773666,0.2630406618118286
3033,483.274752704,1.3575822114944458,0.703498363494873,0.0652696043252945,0.26137247681617737
3034,483.433787413,1.4497714042663574,0.7998768091201782,0.06516573578119278,0.25969716906547546
3035,483.593858953,1.4649983644485474,0.8190166354179382,0.06505919992923737,0.2581324577331543
3036,483.75266316,1.5138180255889893,0.8720162510871887,0.06493975222110748,0.25646093487739563
3037,483.9127270729999,1.4162882566452026,0.7791904211044312,0.06480363756418228,0.25457993149757385
3038,484.072517319,1.3459012508392334,0.7138990163803101,0.06466210633516312,0.2525421977043152
3039,484.23124208,1.3593847751617432,0.7321872711181641,0.06453071534633636,0.25062090158462524
3040,484.39083404099995,1.447648525238037,0.8246990442276001,0.06440882384777069,0.2489221692085266
3041,484.54967758400005,1.365967869758606,0.7471218109130859,0.06428135186433792,0.2472812831401825
3042,484.70967333400006,1.3829333782196045,0.7684568762779236,0.06414120644330978,0.2455340474843979
3043,484.8694800730001,1.4295601844787598,0.8199082612991333,0.06398959457874298,0.24360479414463043
3044,485.029667312,1.3880723714828491,0.7838531136512756,0.06382820755243301,0.24143238365650177
3045,485.189792321,1.322878360748291,0.7247612476348877,0.06364821642637253,0.23899222910404205
3046,485.3485776819999,1.3778059482574463,0.7846758961677551,0.06348536163568497,0.2369980663061142
3047,485.5077363879999,1.2971419095993042,0.7073593139648438,0.06335444748401642,0.2356596291065216
3048,485.66736359899994,1.382204294204712,0.7951580286026001,0.06324069947004318,0.23456551134586334
3049,485.8275319789999,1.3740134239196777,0.7894984483718872,0.0631292387843132,0.23355349898338318
3050,485.98675914600005,1.337270736694336,0.7547110915184021,0.06302453577518463,0.23277178406715393
3051,486.146964591,1.3038313388824463,0.7227535843849182,0.06293309479951859,0.23217937350273132
3052,486.3075875349999,1.41217041015625,0.8314894437789917,0.06287204474210739,0.23202091455459595
3053,486.4675911359999,1.3254283666610718,0.7443138360977173,0.06283961236476898,0.2321944385766983
3054,486.62622193999994,1.2861077785491943,0.7040171027183533,0.06282482296228409,0.23258496820926666
3055,486.78539313499994,1.3064045906066895,0.722759485244751,0.06282317638397217,0.23320674896240234
3056,486.94414276200007,1.4480938911437988,0.8627023696899414,0.06284456700086594,0.23390524089336395
3057,487.1040297169999,1.3125803470611572,0.7255319952964783,0.06285872310400009,0.23456788063049316
3058,487.2640489219999,1.356414794921875,0.7681320309638977,0.06286796927452087,0.2350616604089737
3059,487.4236347340001,1.4148368835449219,0.8260074853897095,0.06286489963531494,0.23528029024600983
3060,487.582772848,1.3165457248687744,0.7280639410018921,0.06284179538488388,0.2351413518190384
3061,487.7430044250001,1.3143290281295776,0.7271954417228699,0.06279723346233368,0.23460222780704498
3062,487.902678242,1.32510507106781,0.740053117275238,0.06274616718292236,0.23376978933811188
3063,488.0619916060001,1.3634756803512573,0.7792554497718811,0.06270834803581238,0.23343724012374878
3064,488.2205988060001,1.3906338214874268,0.8059639930725098,0.06269743293523788,0.2336171567440033
3065,488.3800635440001,1.3584380149841309,0.7733300924301147,0.06269323825836182,0.23379237949848175
3066,488.5397416960001,1.343832015991211,0.7584743499755859,0.06268250942230225,0.23389233648777008
3067,488.699805371,1.3114981651306152,0.7262669205665588,0.06266681104898453,0.23384179174900055
3068,488.85996060700006,1.3856391906738281,0.8003785610198975,0.06266002357006073,0.23385360836982727
3069,489.020298519,1.3935816287994385,0.8082126379013062,0.0626554861664772,0.23389697074890137
3070,489.1803657889999,1.3769302368164062,0.7919189929962158,0.06264477968215942,0.23375393450260162
3071,489.3397677459999,1.3977701663970947,0.8138986825942993,0.06262152642011642,0.23329809308052063
3072,489.5004247180001,1.2988479137420654,0.7170767784118652,0.06257207691669464,0.23245812952518463
3073,489.65973167100003,1.3774075508117676,0.7983509302139282,0.0625162422657013,0.23137259483337402
3074,489.81928243899995,1.3468031883239746,0.7705662250518799,0.0624486543238163,0.2302449643611908
3075,489.97912864400007,1.2853081226348877,0.711843729019165,0.06237337738275528,0.22913625836372375
3076,490.139430756,1.3862097263336182,0.8155786991119385,0.0622992180287838,0.22800323367118835
3077,490.2988642019999,1.301584243774414,0.7338555455207825,0.06222210451960564,0.22684259712696075
3078,490.4587557839999,1.3284717798233032,0.7639095783233643,0.06213408336043358,0.22557635605335236
3079,490.6192361320001,1.3806554079055786,0.8174092769622803,0.06207332760095596,0.2250501662492752
3080,490.77799369799993,1.3468787670135498,0.7831177711486816,0.06205739080905914,0.22525618970394135
3081,490.9368948519999,1.367855429649353,0.8032899498939514,0.06205914914608002,0.2255779504776001
3082,491.09569719800004,1.3648381233215332,0.7998863458633423,0.062061116099357605,0.2257324755191803
3083,491.256475671,1.3454337120056152,0.7809567451477051,0.06204880028963089,0.22554261982440948
3084,491.4158574679999,1.3144316673278809,0.7512849569320679,0.06202099844813347,0.22501061856746674
3085,491.5757149489999,1.261472463607788,0.7000252604484558,0.06197984516620636,0.22433097660541534
3086,491.7356093499999,1.2896270751953125,0.7292690277099609,0.06194654852151871,0.22389540076255798
3087,491.8963934090001,1.3788318634033203,0.8172236680984497,0.061957694590091705,0.22439542412757874
3088,492.0566050619999,1.2862945795059204,0.7216691374778748,0.0620155967772007,0.2256021350622177
3089,492.2154851270001,1.43416428565979,0.866394579410553,0.0620800256729126,0.22685959935188293
3090,492.37586262599996,1.3084197044372559,0.7382187843322754,0.062132060527801514,0.22783182561397552
3091,492.5345941669999,1.3631997108459473,0.7915070056915283,0.06216773763298988,0.2284284085035324
3092,492.69463948300006,1.2602260112762451,0.6880635619163513,0.0621841661632061,0.22861623764038086
3093,492.85399792300007,1.29441237449646,0.7217944860458374,0.06220681220293045,0.22879834473133087
3094,493.013903403,1.2042748928070068,0.6303439140319824,0.06223976984620094,0.22932343184947968
3095,493.173901023,1.3064439296722412,0.7304697036743164,0.06227577477693558,0.2301405966281891
3096,493.3334150699999,1.329332947731018,0.751300573348999,0.06231647729873657,0.23096367716789246
3097,493.49236785899996,1.3553283214569092,0.7756530046463013,0.06234835088253021,0.23162071406841278
3098,493.651612063,1.3141008615493774,0.7334869503974915,0.062368668615818024,0.231996089220047
3099,493.81101408999996,1.4302152395248413,0.8492805361747742,0.062379833310842514,0.23212435841560364
3100,493.971478454,1.3197717666625977,0.7392747402191162,0.062376778572797775,0.2319493293762207
3101,494.15332105899995,1.3239727020263672,0.7448816299438477,0.06235507130622864,0.23138700425624847
3102,494.31268372700004,1.4040019512176514,0.8270120620727539,0.06231752038002014,0.2305467128753662
3103,494.4750822909999,1.3333061933517456,0.7590955495834351,0.06226181983947754,0.22943520545959473
3104,494.6339554760001,1.3862215280532837,0.815312385559082,0.06219250336289406,0.22811488807201385
3105,494.7978425929999,1.3229477405548096,0.7557834386825562,0.062102269381284714,0.22661733627319336
3106,494.9580916389999,1.2233420610427856,0.6602097153663635,0.06199713423848152,0.22500497102737427
3107,495.11809853500006,1.3109856843948364,0.7515547275543213,0.061884693801403046,0.22352483868598938
3108,495.27721504,1.3921819925308228,0.8362741470336914,0.0617758184671402,0.22211605310440063
3109,495.436035565,1.3032548427581787,0.7510970830917358,0.06166507303714752,0.2206164300441742
3110,495.59615167000004,1.3164043426513672,0.7683261632919312,0.06154543533921242,0.21898508071899414
3111,495.7552207990001,1.2803552150726318,0.7362134456634521,0.06141715869307518,0.21741105616092682
3112,495.9148476859999,1.3195325136184692,0.779105544090271,0.06129657104611397,0.21592560410499573
3113,496.07415065,1.2693769931793213,0.7325236201286316,0.06117723509669304,0.21449661254882812
3114,496.2339969830001,1.2410483360290527,0.7075044512748718,0.061066001653671265,0.2131732851266861
3115,496.3928840059999,1.3583282232284546,0.8275083303451538,0.06095707416534424,0.21208412945270538
3116,496.55124055499994,1.2683204412460327,0.7399570941925049,0.06085437536239624,0.21110190451145172
3117,496.7111330199999,1.3415135145187378,0.8156165480613708,0.060755129903554916,0.21011576056480408
3118,496.86971657800007,1.3291774988174438,0.8059895634651184,0.060655172914266586,0.2090325504541397
3119,497.03000640900007,1.2175407409667969,0.697314977645874,0.06055361032485962,0.20784813165664673
3120,497.189041494,1.182725191116333,0.6643869280815125,0.060476191341876984,0.20709341764450073
3121,497.34791669000003,1.2525972127914429,0.7344827055931091,0.06044069677591324,0.20700404047966003
3122,497.506854093,1.2962406873703003,0.7769341468811035,0.060434721410274506,0.20748089253902435
3123,497.6674471990001,1.2936897277832031,0.7725768089294434,0.06044076755642891,0.20820342004299164
3124,497.8272476609999,1.278785228729248,0.756134033203125,0.06045093014836311,0.20881865918636322
3125,497.9869458060001,1.2506177425384521,0.7270402312278748,0.06045933812856674,0.20918920636177063
3126,498.14689400400005,1.2976922988891602,0.7738649845123291,0.06046115234494209,0.209289088845253
3127,498.305375671,1.3602397441864014,0.8369905948638916,0.060444239526987076,0.20905789732933044
3128,498.46398743399993,1.3062098026275635,0.7844939231872559,0.06040525063872337,0.2084447294473648
3129,498.623044841,1.3114746809005737,0.7906917929649353,0.06037382781505585,0.20807166397571564
3130,498.7833396279999,1.249180555343628,0.7283691167831421,0.060357846319675446,0.2080831676721573
3131,498.942355775,1.260962963104248,0.7388683557510376,0.06036170944571495,0.20859640836715698
3132,499.103031559,1.3273849487304688,0.8001169562339783,0.0604470930993557,0.21066540479660034
3133,499.26320243399994,1.3598628044128418,0.8244795799255371,0.06061676889657974,0.21391083300113678
3134,499.42303966099996,1.2870292663574219,0.7430468201637268,0.060833536088466644,0.21734967827796936
3135,499.58224368899994,1.238221287727356,0.6862547993659973,0.06106641888618469,0.2205423265695572
3136,499.7418339950001,1.285703420639038,0.726387619972229,0.06129578873515129,0.22348113358020782
3137,499.90128079399994,1.3008875846862793,0.7346833348274231,0.061518121510744095,0.22623561322689056
3138,500.0616623709999,1.3820123672485352,0.8096543550491333,0.061723001301288605,0.22869634628295898
3139,500.2202375600001,1.4134516716003418,0.8360820412635803,0.06189887225627899,0.23070023953914642
3140,500.3795110310001,1.2616360187530518,0.6806373596191406,0.062042396515607834,0.2321513295173645
3141,500.53870997599995,1.2565162181854248,0.6730645298957825,0.06215740740299225,0.2331320345401764
3142,500.6981476310001,1.4405622482299805,0.8556540608406067,0.06225020810961723,0.2337142378091812
3143,500.85736666900004,1.3576617240905762,0.7724049091339111,0.06231040135025978,0.23385348916053772
3144,501.0165761249999,1.3794975280761719,0.7927244901657104,0.06236177682876587,0.2344597429037094
3145,501.1768279869999,1.2391715049743652,0.6497295498847961,0.06243467703461647,0.23552702367305756
3146,501.3357444530001,1.3820078372955322,0.7896863222122192,0.062522754073143,0.23667849600315094
3147,501.4953302780001,1.3400676250457764,0.7452216744422913,0.06260830163955688,0.23768797516822815
3148,501.65405874300006,1.3948900699615479,0.798312783241272,0.06268234550952911,0.23838022351264954
3149,501.81358194999996,1.2915427684783936,0.6942496299743652,0.06273562461137772,0.23866629600524902
3150,501.973327307,1.3791346549987793,0.7820674180984497,0.06276081502437592,0.23857586085796356
3151,502.1320540979999,1.3526396751403809,0.7566558122634888,0.06276147812604904,0.23814252018928528
3152,502.29258756699994,1.3751548528671265,0.7810072898864746,0.06274406611919403,0.23740804195404053
3153,502.451180552,1.3895074129104614,0.7970314621925354,0.0627308115363121,0.23673947155475616
3154,502.61081184500006,1.3756024837493896,0.7844641804695129,0.0627078041434288,0.23620450496673584
3155,502.7697246009999,1.3715389966964722,0.7819691896438599,0.0626748651266098,0.23557722568511963
3156,502.92919584599997,1.3346025943756104,0.7471323609352112,0.06262677907943726,0.2347376048564911
3157,503.08818624599996,1.3977519273757935,0.8125115633010864,0.06256680935621262,0.23384587466716766
3158,503.247186986,1.3717626333236694,0.7887469530105591,0.06250009685754776,0.23295627534389496
3159,503.40666420800005,1.2363216876983643,0.6558928489685059,0.06242401525378227,0.23192182183265686
3160,503.56615102500007,1.3432555198669434,0.7656848430633545,0.06234399601817131,0.23077887296676636
3161,503.726350155,1.3883728981018066,0.8139539957046509,0.06225677579641342,0.22951851785182953
3162,503.8854910250001,1.2478728294372559,0.6772039532661438,0.0621546134352684,0.22801892459392548
3163,504.04432173199996,1.2476391792297363,0.6809444427490234,0.06203466281294823,0.22642971575260162
3164,504.2032005059999,1.3452930450439453,0.7827281355857849,0.061910562217235565,0.22477832436561584
3165,504.3628319400001,1.3314359188079834,0.7733185291290283,0.061779413372278214,0.22299982607364655
3166,504.521762429,1.3052841424942017,0.7520713806152344,0.061637312173843384,0.2210385650396347
3167,504.68152103599994,1.3303422927856445,0.7822776436805725,0.06148851290345192,0.21897993981838226
3168,504.84143494600005,1.2494909763336182,0.7068307399749756,0.06132549047470093,0.21681874990463257
3169,505.00027708000005,1.3292200565338135,0.791818380355835,0.06116192042827606,0.21471606194972992
3170,505.16039796000007,1.2543355226516724,0.7219794988632202,0.06100950390100479,0.21269835531711578
3171,505.320033866,1.2771801948547363,0.7495540380477905,0.06086805462837219,0.21080699563026428
3172,505.47861368299994,1.2822082042694092,0.758849024772644,0.0607365146279335,0.20910070836544037
3173,505.63897092900004,1.2771050930023193,0.7577207088470459,0.06060593202710152,0.20751135051250458
3174,505.79953098199996,1.286780834197998,0.7713295221328735,0.06048019230365753,0.20593859255313873
3175,505.959112228,1.2961565256118774,0.7839357852935791,0.060363102704286575,0.20464685559272766
3176,506.1184160849999,1.2152109146118164,0.705720067024231,0.060260139405727386,0.20355531573295593
3177,506.27985086499996,1.236283779144287,0.7294498682022095,0.060158926993608475,0.20249290764331818
3178,506.4394398769999,1.2275696992874146,0.7218543291091919,0.06008889526128769,0.20204579830169678
3179,506.59884188700005,1.2632246017456055,0.7571674585342407,0.0600489117205143,0.2021826207637787
3180,506.75849363200007,1.3261979818344116,0.819571852684021,0.060032494366168976,0.20241031050682068
3181,506.91752656999995,1.245300531387329,0.7385469675064087,0.060018450021743774,0.2024613916873932
3182,507.0782389909999,1.2310853004455566,0.7247088551521301,0.05999733880162239,0.20231062173843384
3183,507.23858506,1.3085951805114746,0.8028441667556763,0.059973571449518204,0.2020605355501175
3184,507.3977487179999,1.308976173400879,0.8043839335441589,0.0599408783018589,0.20159712433815002
3185,507.55814908700006,1.2195031642913818,0.716881275177002,0.059891607612371445,0.20080916583538055
3186,507.7181372399999,1.2612943649291992,0.7591322660446167,0.05986803025007248,0.20062534511089325
3187,507.878281079,1.2568331956863403,0.753229022026062,0.05989377200603485,0.20120207965373993
3188,508.038449905,1.3181402683258057,0.8125879764556885,0.059932589530944824,0.20198121666908264
3189,508.1974903849999,1.3079100847244263,0.8007891178131104,0.0599680095911026,0.20260851085186005
3190,508.3568299479999,1.2504479885101318,0.7422614097595215,0.060001615434885025,0.20303457975387573
3191,508.51688699299996,1.283562183380127,0.7749139070510864,0.060019608587026596,0.2032192349433899
3192,508.6755980910001,1.3028075695037842,0.79449462890625,0.06001623347401619,0.20308512449264526
3193,508.8358368810001,1.2765392065048218,0.769391655921936,0.059995219111442566,0.2026190310716629
3194,508.99659717099996,1.2969908714294434,0.7904295921325684,0.05996309965848923,0.20238469541072845
3195,509.15625244499995,1.3248207569122314,0.8181926012039185,0.05995156243443489,0.2024114429950714
3196,509.31589317300006,1.268772840499878,0.7622352838516235,0.05994443595409393,0.20237523317337036
3197,509.474742387,1.268428087234497,0.7625917196273804,0.05992975831031799,0.20209482312202454
3198,509.6338636649999,1.3888410329818726,0.8844980001449585,0.05989716202020645,0.2014976292848587
3199,509.79401518,1.2737953662872314,0.7718073129653931,0.05984902381896973,0.20055581629276276
3200,509.95370730699995,1.2473527193069458,0.748417854309082,0.05978608503937721,0.19933480024337769
3201,510.131157379,1.2614662647247314,0.76607346534729,0.059703927487134933,0.19791828095912933
3202,510.290978806,1.227063775062561,0.7354524731636047,0.05961085855960846,0.19640608131885529
3203,510.44965597399994,1.2423447370529175,0.7546852827072144,0.05951360985636711,0.19482572376728058
3204,510.60903794700005,1.3085650205612183,0.8250487446784973,0.05940549075603485,0.19316889345645905
3205,510.7690734920001,1.1841981410980225,0.7051257491111755,0.05928466469049454,0.19139184057712555
3206,510.9277346519999,1.233214259147644,0.7578524351119995,0.05917387828230858,0.18990802764892578
3207,511.0869009080001,1.2352566719055176,0.7610818147659302,0.05909007042646408,0.18943357467651367
3208,511.2458186099999,1.2129130363464355,0.7381795048713684,0.05905400961637497,0.18965716660022736
3209,511.40439733000005,1.2360633611679077,0.7604217529296875,0.059035517275333405,0.19002048671245575
3210,511.56284152499995,1.2236759662628174,0.747236967086792,0.059029120951890945,0.19033952057361603
3211,511.7228982360001,1.263517141342163,0.7863818407058716,0.05903202295303345,0.19061800837516785
3212,511.88099889600005,1.2414593696594238,0.7637574672698975,0.0590321384370327,0.19084464013576508
3213,512.0409715889999,1.1358394622802734,0.6577768325805664,0.059029318392276764,0.19098897278308868
3214,512.2009541230001,1.2572343349456787,0.7780451774597168,0.059035807847976685,0.19143950939178467
3215,512.3600072789999,1.1583304405212402,0.6774393916130066,0.05906170606613159,0.19212016463279724
3216,512.5195059209999,1.2242786884307861,0.741823673248291,0.059088923037052155,0.19274568557739258
3217,512.6790410059999,1.3062858581542969,0.8205553293228149,0.05914097651839256,0.1940556764602661
3218,512.837659398,1.2849229574203491,0.7937539219856262,0.05923755094408989,0.1962306648492813
3219,512.9975819590001,1.1943330764770508,0.6969420313835144,0.059366267174482346,0.19871893525123596
3220,513.1570168229999,1.243457555770874,0.7379118204116821,0.059555429965257645,0.2019800841808319
3221,513.3172600009999,1.251312017440796,0.7359753847122192,0.05978525057435036,0.2058955430984497
3222,513.477479279,1.2838640213012695,0.7588881850242615,0.06002775579690933,0.2097502052783966
3223,513.6380675680001,1.398149013519287,0.8645915985107422,0.06026412546634674,0.21318186819553375
3224,513.79827014,1.3682712316513062,0.8276400566101074,0.060480888932943344,0.21601054072380066
3225,513.957893831,1.3082239627838135,0.7621259093284607,0.06066731736063957,0.21819652616977692
3226,514.116874558,1.3971688747406006,0.8465957641601562,0.06083649396896362,0.21998587250709534
3227,514.275795833,1.3092652559280396,0.7551653981208801,0.060983795672655106,0.22139602899551392
3228,514.4356967320001,1.2651913166046143,0.7084884643554688,0.06110813841223717,0.22243672609329224
3229,514.5952889900001,1.2327630519866943,0.6740592122077942,0.06120745837688446,0.22323672473430634
3230,514.7550890470001,1.3696653842926025,0.8094062805175781,0.061287008225917816,0.22385850548744202
3231,514.9151864700001,1.3139803409576416,0.752815842628479,0.06134621798992157,0.2242203950881958
3232,515.075760204,1.3079919815063477,0.7463275194168091,0.061398059129714966,0.2244202196598053
3233,515.234583371,1.3587634563446045,0.7962508797645569,0.061453282833099365,0.22475920617580414
3234,515.3936731350001,1.201972246170044,0.6386345624923706,0.06150096282362938,0.22508908808231354
3235,515.5521976680001,1.3286514282226562,0.7641890048980713,0.06153864413499832,0.22553880512714386
3236,515.712056044,1.4430034160614014,0.8754998445510864,0.06161021441221237,0.22675500810146332
3237,515.8718010839999,1.4192254543304443,0.8473889827728271,0.061706218868494034,0.2284877598285675
3238,516.0308794399999,1.3336682319641113,0.7576925754547119,0.061809223145246506,0.23014302551746368
3239,516.1911057839999,1.2669422626495361,0.6878201961517334,0.06190503388643265,0.23140119016170502
3240,516.351410482,1.3582730293273926,0.7763880491256714,0.06199833005666733,0.23250596225261688
3241,516.510203041,1.3081704378128052,0.7238575220108032,0.062082499265670776,0.23347681760787964
3242,516.669115692,1.3602774143218994,0.7738855481147766,0.06216401979327202,0.23430809378623962
3243,516.8272440049999,1.3704254627227783,0.782454252243042,0.062239568680524826,0.23493951559066772
3244,516.9871412419999,1.4411067962646484,0.8524652123451233,0.062293242663145065,0.2352074533700943
3245,517.1465424060001,1.3020925521850586,0.7138910293579102,0.06231093034148216,0.235031396150589
3246,517.306618216,1.338057279586792,0.751323401927948,0.062304094433784485,0.23444436490535736
3247,517.4664134200001,1.3293511867523193,0.7440067529678345,0.06228748336434364,0.23388861119747162
3248,517.6267166010001,1.354952335357666,0.7701416611671448,0.06227178871631622,0.23367522656917572
3249,517.78641134,1.278019666671753,0.6932024955749512,0.06226294860243797,0.23367780447006226
3250,517.9449707949999,1.3700432777404785,0.7850859761238098,0.062257297337055206,0.2337338775396347
3251,518.103514006,1.168282151222229,0.5832993984222412,0.06224843114614487,0.23374409973621368
3252,518.2633432470001,1.4299898147583008,0.8436583280563354,0.06227227300405502,0.2342834621667862
3253,518.422675784,1.287927508354187,0.6990118622779846,0.0623260997235775,0.2353169471025467
3254,518.582343944,1.3086826801300049,0.716385006904602,0.06240582838654518,0.23666945099830627
3255,518.744360881,1.3420827388763428,0.7455868721008301,0.06249839439988136,0.23834839463233948
3256,518.904429284,1.4784892797470093,0.8778555393218994,0.06260191649198532,0.2400030791759491
3257,519.064590545,1.2862825393676758,0.6822590827941895,0.06270011514425278,0.24135862290859222
3258,519.224768963,1.3824214935302734,0.7751758098602295,0.06279727071523666,0.24264705181121826
3259,519.3837749319999,1.334789514541626,0.7243098020553589,0.06290918588638306,0.24394027888774872
3260,519.5429055139999,1.466816782951355,0.8538215160369873,0.06301141530275345,0.24494606256484985
3261,519.702344936,1.2956551313400269,0.6811662316322327,0.06309178471565247,0.2455431967973709
3262,519.8616046860001,1.3299486637115479,0.7148116827011108,0.06315594911575317,0.2458021342754364
3263,520.020818201,1.4033130407333374,0.7878807187080383,0.06320171058177948,0.24592013657093048
3264,520.180985977,1.368091344833374,0.7525733709335327,0.06323288381099701,0.2459542453289032
3265,520.3412958780001,1.3584976196289062,0.7434806823730469,0.06324954330921173,0.24575379490852356
3266,520.499917323,1.3028509616851807,0.6886885166168213,0.06325669586658478,0.2454119473695755
3267,520.659317627,1.3552124500274658,0.741905927658081,0.06325085461139679,0.24506959319114685
3268,520.8174435899999,1.4068143367767334,0.7927994728088379,0.06327511370182037,0.2453528344631195
3269,520.9767568369999,1.412474513053894,0.796100378036499,0.06334078311920166,0.24629628658294678
3270,521.1355444229999,1.4850993156433105,0.8656586408615112,0.06342753767967224,0.24752256274223328
3271,521.2953300519999,1.4980415105819702,0.8758368492126465,0.06351771950721741,0.24862778186798096
3272,521.455281185,1.3532817363739014,0.7292705178260803,0.06359311193227768,0.2493501454591751
3273,521.6155557000001,1.3959029912948608,0.7708046436309814,0.06365096569061279,0.24978472292423248
3274,521.7747729179999,1.3860981464385986,0.7605082988739014,0.0636921226978302,0.24998119473457336
3275,521.9339355369999,1.3658242225646973,0.7405783534049988,0.06371226161718369,0.2498435229063034
3276,522.0923664180001,1.368884563446045,0.7441893219947815,0.06372428685426712,0.24962320923805237
3277,522.252243903,1.2351675033569336,0.610944926738739,0.06372790783643723,0.24943414330482483
3278,522.410655669,1.4203603267669678,0.7960515022277832,0.06374406814575195,0.2494685798883438
3279,522.5702655240001,1.38869047164917,0.7640132904052734,0.06376010924577713,0.2496158480644226
3280,522.7298878610001,1.4733481407165527,0.8486083149909973,0.06376872211694717,0.24964085221290588
3281,522.889327406,1.3979123830795288,0.7737549543380737,0.06376595795154572,0.24940790235996246
3282,523.0487704369999,1.3034915924072266,0.6808370351791382,0.06373856961727142,0.2488068789243698
3283,523.2085207660001,1.3056597709655762,0.685449481010437,0.06368742883205414,0.24782933294773102
3284,523.367484945,1.3536288738250732,0.7365492582321167,0.06361449509859085,0.24657736718654633
3285,523.527990579,1.3807756900787354,0.7672065496444702,0.06352844089269638,0.24517352879047394
3286,523.687691166,1.401155710220337,0.7913221120834351,0.06343244761228561,0.2436796873807907
3287,523.8468038909999,1.353628158569336,0.7478142976760864,0.06332825124263763,0.242072194814682
3288,524.0074392780001,1.417226791381836,0.815900981426239,0.06321042776107788,0.2402774542570114
3289,524.167055262,1.3544118404388428,0.7582032084465027,0.06307146698236465,0.23823118209838867
3290,524.3270996340001,1.3763453960418701,0.7857956886291504,0.06290972232818604,0.2359682321548462
3291,524.4863275880001,1.3796900510787964,0.7945827841758728,0.06274298578500748,0.23379191756248474
3292,524.6457561010001,1.402687430381775,0.8226159811019897,0.06258691847324371,0.23177823424339294
3293,524.8043950079999,1.344985008239746,0.7698867321014404,0.06243221089243889,0.22978956997394562
3294,524.96391043,1.3574199676513672,0.7875296473503113,0.06227469444274902,0.22770702838897705
3295,525.122760436,1.315058946609497,0.7507582902908325,0.06210992485284805,0.22547180950641632
3296,525.28298949,1.4023761749267578,0.8440840244293213,0.06193514168262482,0.22306908667087555
3297,525.4422826179999,1.372166395187378,0.8202471733093262,0.0617525540292263,0.22052067518234253
3298,525.6008630150001,1.3358099460601807,0.7905852198600769,0.06156092882156372,0.2178436666727066
3299,525.760279341,1.3299847841262817,0.7914741039276123,0.06135977804660797,0.2151588350534439
3300,525.919241936,1.2462823390960693,0.714288592338562,0.0611623115837574,0.21255286037921906
3301,526.095120694,1.320744276046753,0.7947090864181519,0.06097252666950226,0.210170179605484
3302,526.254530718,1.2556917667388916,0.7351382970809937,0.060787297785282135,0.2079782783985138
3303,526.4141671220001,1.4284071922302246,0.9123666882514954,0.060628484934568405,0.20617365837097168
3304,526.5737581940001,1.334012508392334,0.8217729330062866,0.0604756660759449,0.20465393364429474
3305,526.733075326,1.2137463092803955,0.7052686214447021,0.06033157557249069,0.20314976572990417
3306,526.891845279,1.2703756093978882,0.7658236026763916,0.0601922944188118,0.2015800178050995
3307,527.050974374,1.250846266746521,0.7496618032455444,0.060063112527132034,0.20023353397846222
3308,527.211028155,1.2801905870437622,0.7808272242546082,0.059954483062028885,0.1995055079460144
3309,527.3703686299999,1.3336338996887207,0.8327599763870239,0.05993475019931793,0.2001098096370697
3310,527.5303728539999,1.3216561079025269,0.8167949914932251,0.05998275801539421,0.20170451700687408
3311,527.690024574,1.2803070545196533,0.770818293094635,0.060051534324884415,0.20355528593063354
3312,527.848238699,1.2866699695587158,0.7728672027587891,0.060125406831502914,0.2052806168794632
3313,528.0075290860001,1.2852405309677124,0.7680984139442444,0.06018815189599991,0.2066160887479782
3314,528.166611174,1.1754627227783203,0.6553425788879395,0.06025169789791107,0.2078070193529129
3315,528.3255500930001,1.3288769721984863,0.8040037155151367,0.06035086140036583,0.20970791578292847
3316,528.4854196130001,1.2381900548934937,0.7070382833480835,0.06049080565571785,0.2122187465429306
3317,528.644378333,1.3895158767700195,0.8519041538238525,0.06064438074827194,0.2148021161556244
3318,528.804227726,1.317917823791504,0.7744960784912109,0.06080951914191246,0.21712547540664673
3319,528.964458309,1.2660019397735596,0.717915415763855,0.060962457209825516,0.2189907282590866
3320,529.124293317,1.2941089868545532,0.7424272298812866,0.06110204756259918,0.22042830288410187
3321,529.284210511,1.3494067192077637,0.7953037023544312,0.06121229752898216,0.2213963270187378
3322,529.442571252,1.3577589988708496,0.8024338483810425,0.06129615008831024,0.2218848615884781
3323,529.601028534,1.3390413522720337,0.7832810878753662,0.061352986842393875,0.22205869853496552
3324,529.7616025200001,1.3978266716003418,0.8423460125923157,0.06138356402516365,0.22194676101207733
3325,529.9220782799999,1.3181121349334717,0.7637624740600586,0.06139419972896576,0.22149431705474854
3326,530.081633054,1.2319297790527344,0.6784709692001343,0.061403993517160416,0.2211378961801529
3327,530.241332335,1.3148688077926636,0.7614328861236572,0.06143372505903244,0.22112862765789032
3328,530.4011679050001,1.3233370780944824,0.76934814453125,0.06146816909313202,0.22134970128536224
3329,530.560503353,1.3581981658935547,0.8037006855010986,0.06149740144610405,0.2215530127286911
3330,530.720088336,1.333019733428955,0.7786370515823364,0.06150905042886734,0.22150705754756927
3331,530.8803646319999,1.297714114189148,0.7442854642868042,0.061500489711761475,0.22112546861171722
3332,531.039604034,1.3694393634796143,0.8178627490997314,0.061470478773117065,0.22038476169109344
3333,531.198275526,1.3927102088928223,0.8439562320709229,0.061419110745191574,0.21925592422485352
3334,531.3577849259999,1.347969889640808,0.8030211329460144,0.061340682208538055,0.21773414313793182
3335,531.5176318550001,1.351961612701416,0.8115363121032715,0.06123914197087288,0.2159251719713211
3336,531.6770892850001,1.2190415859222412,0.6838012933731079,0.06111479178071022,0.2138516902923584
3337,531.83837463,1.350630283355713,0.8204812407493591,0.06098547950387001,0.2118156999349594
3338,531.9990709970001,1.2871414422988892,0.7619675993919373,0.0608520545065403,0.20982612669467926
3339,532.1582283419999,1.2292554378509521,0.7091503143310547,0.06071219593286514,0.20779922604560852
3340,532.316812116,1.2589856386184692,0.7441937327384949,0.0605643093585968,0.20567449927330017
3341,532.475043199,1.236877679824829,0.7275084853172302,0.06040413677692413,0.20350603759288788
3342,532.634757141,1.236283302307129,0.7323994040489197,0.06024017930030823,0.2013125717639923
3343,532.7934675079999,1.2434024810791016,0.741894543170929,0.06011321768164635,0.20036272704601288
3344,532.9534454650001,1.292348027229309,0.7902060151100159,0.06005606800317764,0.20061658322811127
3345,533.113823457,1.273099660873413,0.7695591449737549,0.06004060432314873,0.2011760175228119
3346,533.273376668,1.3194937705993652,0.8148808479309082,0.06004292890429497,0.20160499215126038
3347,533.432727214,1.198615550994873,0.693356990814209,0.06004633754491806,0.20186324417591095
3348,533.591723014,1.2051749229431152,0.6998347043991089,0.06003950536251068,0.20189589262008667
3349,533.7504182880001,1.3206636905670166,0.8160099983215332,0.060017429292201996,0.2016213834285736
3350,533.909971858,1.3085136413574219,0.8052854537963867,0.05997607856988907,0.20105138421058655
3351,534.0688250750001,1.3122884035110474,0.811097264289856,0.05992472544312477,0.2002367526292801
3352,534.228548894,1.2659928798675537,0.7674453854560852,0.05986085906624794,0.1991795301437378
3353,534.388459143,1.249901294708252,0.7532896995544434,0.059807635843753815,0.1984054297208786
3354,534.5481029470001,1.2439934015274048,0.7482712268829346,0.05977125093340874,0.19804976880550385
3355,534.7073932889999,1.158992052078247,0.6637749075889587,0.059738799929618835,0.1978479027748108
3356,534.8672626179999,1.255295991897583,0.75983726978302,0.05972116440534592,0.19794458150863647
3357,535.025891891,1.2322598695755005,0.7361165881156921,0.05971360579133034,0.1982184648513794
3358,535.185765818,1.1927969455718994,0.6962129473686218,0.05970514565706253,0.1983947604894638
3359,535.3445206329999,1.2755475044250488,0.7787726521492004,0.05969490110874176,0.19847114384174347
3360,535.5041530279999,1.2509803771972656,0.7544766068458557,0.05967908725142479,0.1983628123998642
3361,535.66386909,1.3429324626922607,0.8473836779594421,0.05964689701795578,0.19798092544078827
3362,535.8228760799999,1.2327747344970703,0.7389330267906189,0.059601061046123505,0.1972983181476593
3363,535.982281277,1.2496545314788818,0.75832200050354,0.05954069271683693,0.1962948441505432
3364,536.141539544,1.2970142364501953,0.8089170455932617,0.05946485698223114,0.19500099122524261
3365,536.30013503,1.2848981618881226,0.8007493615150452,0.059370532631874084,0.19342201948165894
3366,536.4600347869999,1.201272964477539,0.7216540575027466,0.05925791338086128,0.19161050021648407
3367,536.618182415,1.2061750888824463,0.7307519912719727,0.05915072560310364,0.1899326592683792
3368,536.7776456820001,1.249800205230713,0.778111457824707,0.05904456600546837,0.18843932449817657
3369,536.9365293889999,1.232414960861206,0.7645282745361328,0.0589325837790966,0.1869189292192459
3370,537.09592465,1.2072786092758179,0.7433063387870789,0.05881126970052719,0.18535365164279938
3371,537.254594785,1.2207746505737305,0.7609288096427917,0.0586860291659832,0.18370361626148224
3372,537.413696103,1.1891429424285889,0.7334734797477722,0.05856005474925041,0.18203355371952057
3373,537.572901226,1.2315864562988281,0.779436469078064,0.05843847244977951,0.18062622845172882
3374,537.732575273,1.2506020069122314,0.8013569116592407,0.05832268297672272,0.17946472764015198
3375,537.8924622610001,1.2806828022003174,0.8341973423957825,0.05820672586560249,0.17836137115955353
3376,538.053142049,1.1329576969146729,0.6894223690032959,0.05808987841010094,0.17718176543712616
3377,538.213028091,1.233381986618042,0.7913739681243896,0.05799740180373192,0.17657124996185303
3378,538.372378424,1.2443785667419434,0.8024004697799683,0.05794069543480873,0.1765594631433487
3379,538.531236341,1.2905529737472534,0.8479787707328796,0.05790138989686966,0.17679809033870697
3380,538.6907162399999,1.1633929014205933,0.720190167427063,0.05786939337849617,0.17704962193965912
3381,538.850885039,1.275961995124817,0.8326647281646729,0.05783497542142868,0.17708756029605865
3382,539.009561858,1.185227394104004,0.7424739599227905,0.05778871849179268,0.1768702268600464
3383,539.1694999739999,1.185940146446228,0.7444360852241516,0.057731639593839645,0.17637068033218384
3384,539.329695048,1.1312358379364014,0.6916878819465637,0.05766494572162628,0.17558850347995758
3385,539.4903842110001,1.0913784503936768,0.6505568027496338,0.05763609707355499,0.1760980784893036
3386,539.650837153,1.2120144367218018,0.7632808685302734,0.05773870274424553,0.17926247417926788
3387,539.8105729120001,1.2075774669647217,0.7458491921424866,0.057978492230176926,0.1844593733549118
3388,539.970461318,1.3119540214538574,0.8357951045036316,0.05830208212137222,0.1902303546667099
3389,540.129181375,1.2674050331115723,0.7777082324028015,0.05864390730857849,0.19564417004585266
3390,540.2891418810001,1.3256524801254272,0.8241149187088013,0.05897711217403412,0.20037910342216492
3391,540.448295716,1.271464467048645,0.7597991228103638,0.05929171293973923,0.20442898571491241
3392,540.6080158999999,1.3074429035186768,0.7875268459320068,0.05958181992173195,0.2077280879020691
3393,540.7675693970001,1.288852572441101,0.7603740096092224,0.05986588075757027,0.21115195751190186
3394,540.9259902120001,1.2064766883850098,0.6691046953201294,0.060147929936647415,0.21470820903778076
3395,541.0851192399999,1.3693673610687256,0.8236551880836487,0.06041209399700165,0.2180432230234146
3396,541.243711947,1.2925970554351807,0.7395560145378113,0.06064535304903984,0.22097380459308624
3397,541.403670688,1.2986211776733398,0.7388235330581665,0.06087091937661171,0.22367557883262634
3398,541.5628552479999,1.2584608793258667,0.692689061164856,0.06107395887374878,0.22606441378593445
3399,541.7218962410001,1.299560308456421,0.7273942232131958,0.061297107487916946,0.22862125933170319
3400,541.882422301,1.30491042137146,0.7260161638259888,0.061511892825365067,0.23131163418293
3401,542.0575388799999,1.3040368556976318,0.7189416885375977,0.06171365827322006,0.23379120230674744
3402,542.2168708590001,1.2828340530395508,0.6926393508911133,0.06189179793000221,0.23583033680915833
3403,542.3767535000001,1.3984882831573486,0.8044683337211609,0.06203817203640938,0.23735980689525604
3404,542.5362650769999,1.3332786560058594,0.73655104637146,0.06215544790029526,0.23844239115715027
3405,542.696033782,1.3798518180847168,0.7813521027565002,0.0622437484562397,0.23915092647075653
3406,542.856159974,1.3533871173858643,0.7539768218994141,0.062304701656103134,0.23951493203639984
3407,543.015557074,1.3826189041137695,0.7827896475791931,0.062347497791051865,0.23968228697776794
3408,543.1750371280001,1.3798489570617676,0.7780409455299377,0.062401965260505676,0.24047359824180603
3409,543.334913072,1.3060708045959473,0.6997547745704651,0.06249476969242096,0.2422764152288437
3410,543.493337812,1.3961663246154785,0.7839674949645996,0.06262879073619843,0.24462899565696716
3411,543.653298283,1.352015733718872,0.7339162826538086,0.06277726590633392,0.24698865413665771
3412,543.8135156730001,1.43833589553833,0.814944863319397,0.06292326003313065,0.24910467863082886
3413,543.973004651,1.4411520957946777,0.8135378956794739,0.06305065751075745,0.2507935166358948
3414,544.133409851,1.3687149286270142,0.7378840446472168,0.06314980983734131,0.2520797550678253
3415,544.293728878,1.417797565460205,0.7842512130737305,0.06323067098855972,0.2531656324863434
3416,544.4535316350001,1.372021198272705,0.7363622188568115,0.06330156326293945,0.2540103793144226
3417,544.6127777979999,1.3538343906402588,0.716927170753479,0.06335241347551346,0.25450947880744934
3418,544.7721665539999,1.4102728366851807,0.7729383707046509,0.06337963044643402,0.2546802759170532
3419,544.9307349049999,1.391730785369873,0.7547183036804199,0.06338533014059067,0.2545514702796936
3420,545.090596071,1.3231135606765747,0.686920702457428,0.06338518112897873,0.25422361493110657
3421,545.2496582330001,1.436200737953186,0.8011560440063477,0.06336558610200882,0.25376442074775696
3422,545.408257574,1.393768072128296,0.7603025436401367,0.06332544982433319,0.2531329095363617
3423,545.568307337,1.3519105911254883,0.7202668190002441,0.06327943503856659,0.2524043917655945
3424,545.726735885,1.3769469261169434,0.7470512390136719,0.06322523206472397,0.2517054080963135
3425,545.885643194,1.4349627494812012,0.8063364028930664,0.06317400932312012,0.251197874546051
3426,546.044432023,1.400063395500183,0.7725411653518677,0.06313058733940125,0.2507563531398773
3427,546.204235259,1.3390092849731445,0.7130477428436279,0.0630788654088974,0.250132292509079
3428,546.36351454,1.4237890243530273,0.7997092008590698,0.06301465630531311,0.24937985837459564
3429,546.523143667,1.420417308807373,0.7984651923179626,0.06294024735689163,0.2485291063785553
3430,546.682991319,1.396530032157898,0.7771971225738525,0.06284830719232559,0.24748176336288452
3431,546.842762574,1.3219175338745117,0.7058517932891846,0.06274311989545822,0.24617528915405273
3432,547.0021847639999,1.3807096481323242,0.7686476111412048,0.06262081116437912,0.24457436800003052
3433,547.161191622,1.3647825717926025,0.7574999332427979,0.06247594580054283,0.2426631599664688
3434,547.3204882379999,1.4608412981033325,0.8584803342819214,0.0623297318816185,0.2406950742006302
3435,547.480185428,1.3949031829833984,0.7974644899368286,0.06217389926314354,0.23872680962085724
3436,547.639199807,1.3860480785369873,0.7937333583831787,0.062014490365982056,0.2366778701543808
3437,547.79873379,1.3012232780456543,0.7143468260765076,0.061850160360336304,0.2345031499862671
3438,547.959442406,1.3395264148712158,0.7584336996078491,0.0616786815226078,0.23219034075737
3439,548.1200914550001,1.3634132146835327,0.7884719371795654,0.061498720198869705,0.2297305017709732
3440,548.2802290630001,1.3551678657531738,0.7867587804794312,0.06130661815404892,0.22711840271949768
3441,548.439319619,1.3589084148406982,0.7972745895385742,0.06110313907265663,0.22440916299819946
3442,548.598667203,1.309649109840393,0.7550773620605469,0.06089217960834503,0.22158512473106384
3443,548.757102441,1.2163983583450317,0.6691548228263855,0.06067422404885292,0.21865473687648773
3444,548.9169357009999,1.3329269886016846,0.7930684089660645,0.060458794236183167,0.215701624751091
3445,549.0755252170001,1.2537202835083008,0.7211083173751831,0.06023726612329483,0.21280384063720703
3446,549.2349421590001,1.3510427474975586,0.8254805207252502,0.06002163141965866,0.20998482406139374
3447,549.3947200490001,1.260308027267456,0.741614818572998,0.05980401858687401,0.20723804831504822
3448,549.5544632340001,1.3463373184204102,0.8344281911849976,0.059584666043519974,0.20452527701854706
3449,549.7138174759999,1.2435046434402466,0.7384814023971558,0.05936424061655998,0.2017718255519867
3450,549.8726667320001,1.2635302543640137,0.7655210494995117,0.05914459004998207,0.1989670693874359
3451,550.0320478269999,1.331137776374817,0.8402585983276367,0.05892317742109299,0.19611597061157227
3452,550.191633213,1.2968846559524536,0.8132089376449585,0.058701034635305405,0.19323550164699554
3453,550.3511456289999,1.2375268936157227,0.760947048664093,0.05847933515906334,0.19039805233478546
3454,550.511300834,1.1610989570617676,0.6896134614944458,0.05827827379107475,0.18836107850074768
3455,550.671536663,1.165907382965088,0.6963421106338501,0.05813317000865936,0.18759354948997498
3456,550.8312743360001,1.2872898578643799,0.8153934478759766,0.058084335178136826,0.1885262429714203
3457,550.9897975990001,1.2848212718963623,0.8076269626617432,0.05810998007655144,0.1906452625989914
3458,551.148446258,1.2668309211730957,0.7834874391555786,0.05818475782871246,0.19310465455055237
3459,551.3084662529999,1.2429921627044678,0.7527159452438354,0.058296263217926025,0.1958773285150528
3460,551.467694865,1.2676054239273071,0.7696935534477234,0.05843012034893036,0.1989310383796692
3461,551.626847675,1.2867457866668701,0.7813529968261719,0.05857746675610542,0.20192280411720276
3462,551.7869483190001,1.3151543140411377,0.8032887578010559,0.05872033163905144,0.204511359333992
3463,551.9467075809999,1.3549814224243164,0.838056206703186,0.05884562060236931,0.2065347135066986
3464,552.106102695,1.3308746814727783,0.8104391098022461,0.058948393911123276,0.20793843269348145
3465,552.2657139510001,1.2715167999267578,0.7490648627281189,0.059019796550273895,0.20874470472335815
3466,552.4245805879999,1.3449705839157104,0.8218719959259033,0.059066325426101685,0.20900315046310425
3467,552.584387752,1.2795944213867188,0.75702965259552,0.05908519774675369,0.20878958702087402
3468,552.743022924,1.1402091979980469,0.6192807555198669,0.05907462164759636,0.20813506841659546
3469,552.9033689500001,1.2701128721237183,0.7499995231628418,0.059079427272081375,0.20780901610851288
3470,553.063433814,1.3186612129211426,0.7978991270065308,0.0591147318482399,0.2080683410167694
3471,553.2231759699999,1.2962981462478638,0.7745802402496338,0.059157755225896835,0.2084505259990692
3472,553.3825068479999,1.2423897981643677,0.7202233672142029,0.059190619736909866,0.2086298018693924
3473,553.541182671,1.3445695638656616,0.822507917881012,0.05921918898820877,0.20858778059482574
3474,553.7005383009999,1.321965217590332,0.8005200624465942,0.05922240763902664,0.20834119617938995
3475,553.860232672,1.28493070602417,0.7647453546524048,0.059210095554590225,0.20783731341362
3476,554.019308646,1.3317011594772339,0.8135666847229004,0.05917513743042946,0.20701707899570465
3477,554.177592439,1.2259430885314941,0.7106750011444092,0.059122566133737564,0.20587077736854553
3478,554.336875421,1.3407354354858398,0.8286409974098206,0.05904772877693176,0.20460158586502075
3479,554.4979105660001,1.227316975593567,0.7186185717582703,0.05896022170782089,0.20324352383613586
3480,554.657785863,1.2631120681762695,0.7563724517822266,0.05889429897069931,0.20246027410030365
3481,554.817541945,1.2630518674850464,0.7562471628189087,0.05886312201619148,0.20248642563819885
3482,554.9765617700001,1.187293291091919,0.6794037222862244,0.058855652809143066,0.20292042195796967
3483,555.136781107,1.389753818511963,0.8782548904418945,0.058893781155347824,0.20436400175094604
3484,555.295805806,1.2374826669692993,0.7208226919174194,0.05897902697324753,0.20642806589603424
3485,555.455837482,1.139373779296875,0.6175830364227295,0.059087205678224564,0.20847997069358826
3486,555.6161909470001,1.3535667657852173,0.8266711831092834,0.05920654535293579,0.2105214148759842
3487,555.776527701,1.2495827674865723,0.717944860458374,0.059336982667446136,0.2124178409576416
3488,555.9367114339999,1.3159332275390625,0.7782242298126221,0.059496164321899414,0.21484562754631042
3489,556.096103728,1.4257174730300903,0.8807092905044556,0.059690967202186584,0.21776451170444489
3490,556.2550886570001,1.296663522720337,0.7447280883789062,0.05989144369959831,0.22053462266921997
3491,556.4135237029999,1.2954761981964111,0.7376524209976196,0.06007717549800873,0.22288919985294342
3492,556.5750806100001,1.257849097251892,0.695262610912323,0.060244426131248474,0.22479362785816193
3493,556.7358132569999,1.3561583757400513,0.7897827625274658,0.060389380902051926,0.226308673620224
3494,556.89491465,1.421237826347351,0.8519705533981323,0.060513176023960114,0.22746486961841583
3495,557.054867742,1.39096999168396,0.8199025988578796,0.06060883030295372,0.2281845062971115
3496,557.2145837639999,1.2616333961486816,0.6900157928466797,0.06066985800862312,0.22840437293052673
3497,557.374509545,1.3855559825897217,0.8142250776290894,0.060701534152030945,0.22828954458236694
3498,557.5338852619999,1.3074367046356201,0.7365883588790894,0.06071728840470314,0.22809642553329468
3499,557.6925339200001,1.4417644739151,0.870527446269989,0.06074253469705582,0.2282518446445465
3500,557.852084649,1.3665884733200073,0.7944857478141785,0.060764510184526443,0.22859802842140198
3501,558.0283520710001,1.2944252490997314,0.7216008901596069,0.06077404320240021,0.2288866490125656
3502,558.1883548269999,1.3105781078338623,0.7373759746551514,0.060774173587560654,0.22903776168823242
3503,558.347367582,1.3914525508880615,0.8180971145629883,0.060781460255384445,0.2290990799665451
3504,558.5063335599999,1.389951229095459,0.8168978691101074,0.060783594846725464,0.2289782017469406
3505,558.6648078290001,1.3257691860198975,0.7538582682609558,0.06076834350824356,0.22852127254009247
3506,558.823998531,1.3843258619308472,0.8143407702445984,0.060734983533620834,0.22775109112262726
3507,558.9835943960001,1.3362388610839844,0.7689812183380127,0.060679566115140915,0.2266603261232376
3508,559.143566564,1.3200535774230957,0.7563897967338562,0.060602400451898575,0.2252231389284134
3509,559.3038707960001,1.2987298965454102,0.7392497658729553,0.06050565466284752,0.22355003654956818
3510,559.46298775,1.2108250856399536,0.6547332406044006,0.06041625514626503,0.2221950739622116
3511,559.62222848,1.357672095298767,0.8036758899688721,0.0603463351726532,0.22135710716247559
3512,559.7812595019999,1.266730546951294,0.7142763733863831,0.06028757244348526,0.22074054181575775
3513,559.939665964,1.3127920627593994,0.7619237899780273,0.060227569192647934,0.22010642290115356
3514,560.0985279360001,1.4018776416778564,0.8530339002609253,0.0601678229868412,0.21929681301116943
3515,560.258451733,1.3393430709838867,0.7931751608848572,0.06009713560342789,0.21822679042816162
3516,560.418657973,1.319409966468811,0.7765453457832336,0.06001075357198715,0.21690581738948822
3517,560.577361059,1.2621172666549683,0.7231522798538208,0.05991007015109062,0.2153463512659073
3518,560.736576098,1.3291996717453003,0.7944220304489136,0.05979495868086815,0.21367187798023224
3519,560.895575784,1.2778548002243042,0.7475829720497131,0.05966759845614433,0.21187004446983337
3520,561.054254279,1.3454723358154297,0.8195931911468506,0.0595332533121109,0.2101135104894638
3521,561.212946047,1.329777717590332,0.8080635666847229,0.059400055557489395,0.20844803750514984
3522,561.372409552,1.295121192932129,0.7777436375617981,0.05925871431827545,0.2067139893770218
3523,561.5327714040001,1.2973382472991943,0.7844304442405701,0.059117287397384644,0.20492665469646454
3524,561.691711437,1.298344612121582,0.7897102236747742,0.0589737631380558,0.20321789383888245
3525,561.851097244,1.1819359064102173,0.6745263934135437,0.058880764991045,0.202728271484375
3526,562.009121468,1.3345692157745361,0.825283408164978,0.0588654950261116,0.2034788280725479
3527,562.1690024630001,1.276982069015503,0.7647984623908997,0.05890173465013504,0.20463785529136658
3528,562.3274119829999,1.2906386852264404,0.7754815816879272,0.058956634253263474,0.2058270424604416
3529,562.486457028,1.2563300132751465,0.7386702299118042,0.05901116505265236,0.20682789385318756
3530,562.64675024,1.33292555809021,0.8117538690567017,0.05909164249897003,0.20823229849338531
3531,562.806501246,1.345137596130371,0.8194419741630554,0.05918752774596214,0.21004152297973633
3532,562.9658369729999,1.2556085586547852,0.725839376449585,0.059293150901794434,0.21167047321796417
3533,563.124309511,1.3484550714492798,0.8147767782211304,0.059416916221380234,0.21323363482952118
3534,563.2843313029999,1.344997525215149,0.8076649904251099,0.05953456088900566,0.21469487249851227
3535,563.443424378,1.3780248165130615,0.8375287055969238,0.0596347451210022,0.21595992147922516
3536,563.6019929319999,1.2650560140609741,0.7221547365188599,0.059717923402786255,0.2169216424226761
3537,563.761615026,1.2640514373779297,0.7193353772163391,0.05978507548570633,0.21764729917049408
3538,563.9208612430001,1.2763123512268066,0.7302940487861633,0.05984419956803322,0.21816793084144592
3539,564.0803936589999,1.2314493656158447,0.6822769641876221,0.0599188506603241,0.21942928433418274
3540,564.2384022550001,1.3628758192062378,0.8067985773086548,0.060073744505643845,0.22219058871269226
3541,564.397953864,1.3014428615570068,0.7364860773086548,0.06029553338885307,0.22574150562286377
3542,564.555954429,1.370781660079956,0.7958101034164429,0.06056950241327286,0.22974635660648346
3543,564.7159370390001,1.3579304218292236,0.7727055549621582,0.06086478382349014,0.2338465303182602
3544,564.8769864919999,1.3941800594329834,0.7996790409088135,0.0611497238278389,0.2375558465719223
3545,565.035303942,1.3169655799865723,0.7147899866104126,0.061408549547195435,0.24062460660934448
3546,565.1939232650001,1.42539381980896,0.8166747093200684,0.061648886650800705,0.24324102699756622
3547,565.3530452419999,1.3624662160873413,0.7482190132141113,0.06186594441533089,0.245451420545578
3548,565.512700349,1.4111342430114746,0.7926469445228577,0.06205526739358902,0.24714669585227966
3549,565.670880257,1.3827331066131592,0.7613690495491028,0.062209323048591614,0.24829675257205963
3550,565.831037322,1.318306803703308,0.6955738067626953,0.062317460775375366,0.24884392321109772
3551,565.991510859,1.407872200012207,0.7843572497367859,0.06240173429250717,0.2491563856601715
3552,566.151281624,1.4093884229660034,0.7854911088943481,0.06246935576200485,0.24930904805660248
3553,566.3101910429999,1.378220558166504,0.754737377166748,0.06251070648431778,0.24914322793483734
3554,566.4685833699999,1.4751499891281128,0.8514651656150818,0.06254231929779053,0.2492237538099289
3555,566.6283387520001,1.431671380996704,0.8070492744445801,0.06258212774991989,0.24959848821163177
3556,566.787715289,1.4340965747833252,0.8088056445121765,0.0626206248998642,0.24986591935157776
3557,566.948113929,1.451224684715271,0.8254927396774292,0.06265243142843246,0.2500421702861786
3558,567.107955262,1.493465781211853,0.8673257827758789,0.06266938149929047,0.2502053380012512
3559,567.2669326690001,1.4020057916641235,0.7758368849754333,0.06268060952425003,0.25021684169769287
3560,567.426387762,1.431220293045044,0.8057311773300171,0.06268224120140076,0.24994494020938873
3561,567.585464143,1.4886600971221924,0.8646355867385864,0.06266375631093979,0.2493591457605362
3562,567.744387479,1.520803689956665,0.8991153240203857,0.06261854618787766,0.24842488765716553
3563,567.9034270779999,1.3290766477584839,0.7107188701629639,0.06254056841135025,0.24709293246269226
3564,568.063377286,1.3984185457229614,0.784400463104248,0.062433406710624695,0.24535749852657318
3565,568.2235867549999,1.42910635471344,0.8201154470443726,0.06230824440717697,0.24334710836410522
3566,568.3823557750001,1.2968499660491943,0.6934559345245361,0.06216313689947128,0.2411089837551117
3567,568.542117972,1.3308840990066528,0.7336379289627075,0.06200062111020088,0.23865045607089996
3568,568.700551691,1.3252177238464355,0.7343204021453857,0.06182302534580231,0.23611165583133698
3569,568.861097863,1.3837990760803223,0.7994253039360046,0.06163382530212402,0.23350295424461365
3570,569.0215687599999,1.4218535423278809,0.844294011592865,0.06143365800380707,0.23077809810638428
3571,569.1802707630001,1.3468940258026123,0.7765040397644043,0.061223406344652176,0.227911114692688
3572,569.339412655,1.3090581893920898,0.7452640533447266,0.061005741357803345,0.22527363896369934
3573,569.4981235189999,1.3803377151489258,0.822144627571106,0.06080549582839012,0.2230340540409088
3574,569.6569831749999,1.286834716796875,0.7335892915725708,0.06062137708067894,0.22105567157268524
3575,569.8170431729999,1.3335477113723755,0.7847945690155029,0.0604441799223423,0.21925948560237885
3576,569.9767064629999,1.3595057725906372,0.8150440454483032,0.0602780319750309,0.2175435870885849
3577,570.13579049,1.2453186511993408,0.7053220272064209,0.060109857469797134,0.21575818955898285
3578,570.2962304490001,1.3227989673614502,0.7872167825698853,0.05994102731347084,0.21399308741092682
3579,570.456151752,1.3095884323120117,0.776220440864563,0.059817831963300705,0.2131078988313675
3580,570.615019681,1.2761883735656738,0.7429318428039551,0.05974191799759865,0.21306364238262177
3581,570.7739934959999,1.1924324035644531,0.6587858200073242,0.05968703702092171,0.21321985125541687
3582,570.9321422710001,1.205029845237732,0.6705182790756226,0.05965324491262436,0.21356600522994995
3583,571.0920787240001,1.2582192420959473,0.7225759625434875,0.0596320666372776,0.21401874721050262
3584,571.2504602370001,1.3671574592590332,0.8306556940078735,0.05961492285132408,0.2143622636795044
3585,571.4100345640001,1.2999216318130493,0.7625322341918945,0.059597525745630264,0.21471735835075378
3586,571.569770899,1.3326276540756226,0.794428825378418,0.0595858134329319,0.2150411754846573
3587,571.72851936,1.427198886871338,0.8885578513145447,0.0595768503844738,0.21521811187267303
3588,571.8872711329999,1.288709282875061,0.7502003312110901,0.05955555662512779,0.21516534686088562
3589,572.045269412,1.3058007955551147,0.7657673358917236,0.05955518037080765,0.21577514708042145
3590,572.2040494869999,1.3358635902404785,0.7927041053771973,0.05960995331406593,0.21702533960342407
3591,572.3638384269999,1.3454225063323975,0.7990916967391968,0.05967778339982033,0.21829363703727722
3592,572.5240259860001,1.2867207527160645,0.7379257082939148,0.05973600223660469,0.21927908062934875
3593,572.683813639,1.3330249786376953,0.7827052474021912,0.05977466702461243,0.21988877654075623
3594,572.842758208,1.2273902893066406,0.675647497177124,0.05981561169028282,0.22045785188674927
3595,573.0021999449999,1.3757621049880981,0.8223142027854919,0.059868741780519485,0.22113969922065735
3596,573.1605806040001,1.3717607259750366,0.8168288469314575,0.0599181205034256,0.22173306345939636
3597,573.3204337650001,1.2551705837249756,0.6992584466934204,0.05995169281959534,0.22212502360343933
3598,573.4795914790001,1.3584983348846436,0.8002267479896545,0.06000852957367897,0.22306858003139496
3599,573.639512026,1.3486287593841553,0.7867622375488281,0.060107290744781494,0.22450615465641022
3600,573.800357813,1.2768473625183105,0.7115322947502136,0.06021551415324211,0.22588515281677246
3601,573.97635007,1.3341988325119019,0.764216959476471,0.06033166125416756,0.22775141894817352
3602,574.134690261,1.4226070642471313,0.8468196392059326,0.06047740578651428,0.23007306456565857
3603,574.2945059970001,1.33896803855896,0.757870614528656,0.060637153685092926,0.23219643533229828
3604,574.4548151549999,1.342391014099121,0.7569001913070679,0.060784026980400085,0.23395317792892456
3605,574.6135097790001,1.513257384300232,0.92392897605896,0.060927294194698334,0.23548763990402222
3606,574.772455273,1.2797194719314575,0.6873377561569214,0.0610489584505558,0.23670850694179535
3607,574.9311718380001,1.3429973125457764,0.7475272417068481,0.06116867810487747,0.2379433959722519
3608,575.090169767,1.3225626945495605,0.7236636877059937,0.06129225343465805,0.239314466714859
3609,575.2487537569999,1.3251128196716309,0.7209563851356506,0.06144053861498833,0.2414168417453766
3610,575.407710972,1.4091912508010864,0.7981740236282349,0.06162164360284805,0.24416041374206543
3611,575.567379795,1.3451008796691895,0.7267385125160217,0.06182580813765526,0.24709762632846832
3612,575.7276175420001,1.4599542617797852,0.8345310091972351,0.062029898166656494,0.24992117285728455
3613,575.8865144929999,1.4674792289733887,0.8361067771911621,0.062223393470048904,0.25230011343955994
3614,576.045485837,1.348259687423706,0.7124019265174866,0.06238783150911331,0.2540935277938843
3615,576.2032907260001,1.439978837966919,0.8010225296020508,0.062515489757061,0.25533246994018555
3616,576.3628773710001,1.4214367866516113,0.7806107997894287,0.06261195987462997,0.25607991218566895
3617,576.521412386,1.4701604843139648,0.8281123042106628,0.0626816526055336,0.2565685212612152
3618,576.6804034610001,1.3788738250732422,0.7361894845962524,0.06273481994867325,0.256822794675827
3619,576.8399415580001,1.5150620937347412,0.8722256422042847,0.06277493387460709,0.25688350200653076
3620,576.999038439,1.3160591125488281,0.6736646294593811,0.06279970705509186,0.256706565618515
3621,577.1581775620001,1.4368380308151245,0.7938843965530396,0.06282904744148254,0.2569301426410675
3622,577.3171374310001,1.355947732925415,0.7112588882446289,0.06287898123264313,0.2576240301132202
3623,577.4754624200001,1.4930412769317627,0.8463079929351807,0.0629480630159378,0.2584415376186371
3624,577.6350988779999,1.4781687259674072,0.8297176957130432,0.06301731616258621,0.25912830233573914
3625,577.7950325979999,1.3457585573196411,0.6964821815490723,0.06306730210781097,0.2594582736492157
3626,577.9541196399999,1.4112303256988525,0.7617102861404419,0.063102126121521,0.2595556378364563
3627,578.11390877,1.394499659538269,0.7453261613845825,0.06311934441328049,0.2594169080257416
3628,578.272873705,1.3519787788391113,0.7037867307662964,0.06311416625976562,0.25902438163757324
3629,578.432206114,1.4451038837432861,0.7984272241592407,0.0630931705236435,0.25841832160949707
3630,578.5914472139999,1.4348177909851074,0.7902775406837463,0.06304998695850372,0.25756391882896423
3631,578.7512516600001,1.4618456363677979,0.8200242519378662,0.06299551576375961,0.2564765512943268
3632,578.911603054,1.401052713394165,0.7614150047302246,0.06296448409557343,0.25560319423675537
3633,579.070973044,1.408254623413086,0.7697598934173584,0.06294747442007065,0.2551461160182953
3634,579.2307208799999,1.4212193489074707,0.7835447788238525,0.06292587518692017,0.2548181116580963
3635,579.3902872540001,1.3415157794952393,0.7050226926803589,0.06289195269346237,0.25434568524360657
3636,579.549465855,1.3871641159057617,0.752571165561676,0.06284639984369278,0.2535857558250427
3637,579.7083305,1.4082982540130615,0.7764464616775513,0.06278488785028458,0.25248953700065613
3638,579.8688360489999,1.3337023258209229,0.7053006887435913,0.06270355731248856,0.2511098384857178
3639,580.026986314,1.352066993713379,0.7277824282646179,0.06260723620653152,0.24946339428424835
3640,580.187045082,1.4094657897949219,0.7889765501022339,0.06250189244747162,0.24794571101665497
3641,580.345841601,1.3609895706176758,0.7437258958816528,0.06240250915288925,0.24665586650371552
3642,580.504504315,1.3987884521484375,0.7847378849983215,0.0623028501868248,0.2453710287809372
3643,580.663264189,1.46060049533844,0.8501181602478027,0.06219936162233353,0.24394415318965912
3644,580.8227922919999,1.4444537162780762,0.8380868434906006,0.062089309096336365,0.242298424243927
3645,580.983010675,1.3158971071243286,0.7141984701156616,0.06196903809905052,0.24043156206607819
3646,581.142214505,1.378858208656311,0.7823584079742432,0.061832305043935776,0.23835259675979614
3647,581.3014231850001,1.3470757007598877,0.7563334107398987,0.06168067827820778,0.23605018854141235
3648,581.4615776229999,1.3389184474945068,0.7543859481811523,0.06150982156395912,0.23356692492961884
3649,581.620937946,1.2917416095733643,0.7138228416442871,0.06132495030760765,0.23092219233512878
3650,581.7793585349999,1.3300310373306274,0.7588287591934204,0.06113506853580475,0.2282363623380661
3651,581.937788197,1.335498332977295,0.770998477935791,0.060937512665987015,0.22555619478225708
3652,582.097588898,1.2433767318725586,0.685659646987915,0.060734186321496964,0.22284388542175293
3653,582.2565918229999,1.3410122394561768,0.7902714014053345,0.06052451953291893,0.22005422413349152
3654,582.4164066750001,1.3542394638061523,0.8106669187545776,0.06030549108982086,0.2171878069639206
3655,582.574622949,1.3465096950531006,0.8099905252456665,0.06008336693048477,0.2143673598766327
3656,582.733658728,1.243318796157837,0.7136440277099609,0.05987253412604332,0.2116304188966751
3657,582.8923026599999,1.3247963190078735,0.801334023475647,0.059667833149433136,0.20914623141288757
3658,583.051539555,1.286415934562683,0.7686034440994263,0.05947284400463104,0.2068871110677719
3659,583.2115677529999,1.2092156410217285,0.6970070600509644,0.05927669256925583,0.2046463042497635
3660,583.370049175,1.3192168474197388,0.8121806383132935,0.05909358710050583,0.2025781273841858
3661,583.5290287480001,1.243217945098877,0.7408702969551086,0.05892231687903404,0.20070332288742065
3662,583.6874106409999,1.325287103652954,0.8275513648986816,0.05876239389181137,0.19885925948619843
3663,583.847045634,1.3136181831359863,0.8206427693367004,0.05860358476638794,0.19695572555065155
3664,584.0062163680001,1.2225114107131958,0.7346278429031372,0.05844142660498619,0.1949196457862854
3665,584.165699587,1.2605507373809814,0.7780472040176392,0.058278921991586685,0.19276826083660126
3666,584.325583743,1.269218921661377,0.7922643423080444,0.05811460688710213,0.1905493438243866
3667,584.4847879160001,1.3337626457214355,0.8625320196151733,0.05794108659029007,0.18826046586036682
3668,584.644688216,1.2081308364868164,0.7427659034729004,0.05776388198137283,0.18591493368148804
3669,584.804197758,1.279683232307434,0.8203251957893372,0.057583294808864594,0.1835128664970398
3670,584.963656583,1.2561125755310059,0.8027033805847168,0.057408079504966736,0.18113406002521515
3671,585.12309421,1.2652138471603394,0.8176586031913757,0.057230908423662186,0.17879316210746765
3672,585.2822948659999,1.2197530269622803,0.77814781665802,0.05705251544713974,0.17641384899616241
3673,585.4409141929999,1.2348076105117798,0.7992826700210571,0.05687295272946358,0.17398247122764587
3674,585.6006730580001,1.182591199874878,0.7523747682571411,0.05670357868075371,0.17185978591442108
3675,585.7590063270001,1.1954278945922852,0.7697467803955078,0.05654943734407425,0.17004626989364624
3676,585.919601966,1.1226813793182373,0.7012046575546265,0.05640590190887451,0.16836507618427277
3677,586.0795832770001,1.2127760648727417,0.7951457500457764,0.05626770481467247,0.16682706773281097
3678,586.239229782,1.0871214866638184,0.6727466583251953,0.056137651205062866,0.1655254065990448
3679,586.398467327,1.1853549480438232,0.7728109359741211,0.05603965371847153,0.1647934466600418
3680,586.557073135,1.1809099912643433,0.7691521644592285,0.05596211180090904,0.16447927057743073
3681,586.7171213190001,1.2044209241867065,0.7931687831878662,0.055901266634464264,0.16427725553512573
3682,586.876067667,1.2161287069320679,0.805622935295105,0.0558464340865612,0.1639789491891861
3683,587.035591061,1.226863145828247,0.8175656795501709,0.055788036435842514,0.16349585354328156
3684,587.194986612,1.1943244934082031,0.786133885383606,0.055739108473062515,0.16305330395698547
3685,587.3539481449999,1.2370983362197876,0.8297459483146667,0.05569189786911011,0.16271819174289703
3686,587.512133711,1.1483885049819946,0.742084801197052,0.05563931539654732,0.16229890286922455
3687,587.670911668,1.1283490657806396,0.7235094308853149,0.05557982623577118,0.16171354055404663
3688,587.830191828,1.0980992317199707,0.6951465606689453,0.05551337078213692,0.16095897555351257
3689,587.9899898689999,1.2134571075439453,0.8126949071884155,0.05543527007102966,0.1600831300020218
3690,588.149748548,1.1542221307754517,0.7560083866119385,0.05535208061337471,0.15906408429145813
3691,588.309491245,1.2675431966781616,0.8719884753227234,0.05526576191186905,0.15800084173679352
3692,588.4686777549999,1.1786869764328003,0.7859400510787964,0.055178940296173096,0.15687806904315948
3693,588.627059687,1.2012410163879395,0.8108165264129639,0.05509486421942711,0.1559494435787201
3694,588.784990604,1.2016403675079346,0.8130877614021301,0.05501590669155121,0.15520095825195312
3695,588.9451696770001,1.1243064403533936,0.737779438495636,0.054936088621616364,0.15439103543758392
3696,589.1055640650001,1.1544642448425293,0.7703276872634888,0.0548546127974987,0.15343523025512695
3697,589.2644293330001,1.0572954416275024,0.6759828329086304,0.05476585403084755,0.1523059904575348
3698,589.4233989810001,1.1836001873016357,0.8034592866897583,0.05468614026904106,0.15183761715888977
3699,589.582351439,1.2113550901412964,0.8307753801345825,0.0546480193734169,0.15201328694820404
3700,589.740931894,1.0887200832366943,0.7075778245925903,0.054626353085041046,0.1522383987903595
3701,589.919088623,1.2104253768920898,0.8288717865943909,0.0546189583837986,0.15240295231342316
3702,590.0786560299999,1.1612038612365723,0.7796204090118408,0.054611559957265854,0.1524149626493454
3703,590.2387972089999,1.1092103719711304,0.7279249429702759,0.05459766089916229,0.1522957682609558
3704,590.397412405,1.1032627820968628,0.7214840650558472,0.05458752438426018,0.15249314904212952
3705,590.5570203359999,1.1015145778656006,0.7176113128662109,0.054601505398750305,0.15334288775920868
3706,590.714726563,1.1671571731567383,0.7783002853393555,0.05467139184474945,0.1553240865468979
3707,590.8734389289999,1.2299031019210815,0.8346338868141174,0.054775699973106384,0.15788859128952026
3708,591.032038924,1.1000769138336182,0.6986780166625977,0.054897379130125046,0.16033995151519775
3709,591.191155636,1.1893746852874756,0.7827515006065369,0.05501362681388855,0.16242918372154236
3710,591.3501517609999,1.217272400856018,0.8065097332000732,0.05512562766671181,0.1640845686197281
3711,591.510834074,1.163630485534668,0.7497519254684448,0.05522587522864342,0.16533049941062927
3712,591.67033878,1.1752649545669556,0.7593218088150024,0.05530066788196564,0.16615603864192963
3713,591.829793386,1.1527481079101562,0.7349621057510376,0.055371858179569244,0.1668928861618042
3714,591.9896668739999,1.1578797101974487,0.7383908033370972,0.055436067283153534,0.16757379472255707
3715,592.1493859399999,1.175432562828064,0.7548521161079407,0.05548752844333649,0.16801023483276367
3716,592.307057545,1.1814109086990356,0.7575100660324097,0.05557293817400932,0.16933804750442505
3717,592.4671892,1.167762279510498,0.7385526895523071,0.055699266493320465,0.1714610457420349
3718,592.6265589129999,1.196791410446167,0.7579396963119507,0.05587051436305046,0.1753171980381012
3719,592.7862171539999,1.3340423107147217,0.882315993309021,0.05612225830554962,0.18046602606773376
3720,592.9465883040001,1.229520559310913,0.765006959438324,0.05641184002161026,0.1855798065662384
3721,593.107568605,1.233518123626709,0.7554532289505005,0.056744351983070374,0.19099895656108856
3722,593.2669652809999,1.3638533353805542,0.8719415068626404,0.05710684135556221,0.19653628766536713
3723,593.426797572,1.2861802577972412,0.7816132307052612,0.057466644793748856,0.2015969306230545
3724,593.5862624170001,1.257110357284546,0.7411860227584839,0.05780913680791855,0.2061385214328766
3725,593.7453299099999,1.206228494644165,0.6802546977996826,0.05812662094831467,0.21015700697898865
3726,593.9056395470001,1.1999372243881226,0.6616224050521851,0.05849515274167061,0.21509194374084473
3727,594.064412953,1.281233549118042,0.7282607555389404,0.05891655758023262,0.22095340490341187
3728,594.223742327,1.3278956413269043,0.7602278590202332,0.05934324488043785,0.22682970762252808
3729,594.383730124,1.341613531112671,0.7587903738021851,0.059797611087560654,0.2328900694847107
3730,594.54376257,1.2841017246246338,0.6862184405326843,0.06027308106422424,0.2389122098684311
3731,594.70312533,1.346912145614624,0.734470009803772,0.06073906272649765,0.24473391473293304
3732,594.8618948249999,1.3529260158538818,0.7268502712249756,0.06119479984045029,0.2501855194568634
3733,595.0204346209999,1.427819013595581,0.7898275256156921,0.06161564588546753,0.2549501657485962
3734,595.1805109329999,1.4502880573272705,0.8024588823318481,0.06199325621128082,0.25888368487358093
3735,595.339401847,1.4018750190734863,0.7463961839675903,0.06231417879462242,0.2619422376155853
3736,595.499414943,1.3783607482910156,0.717166006565094,0.06258022040128708,0.26422759890556335
3737,595.65947601,1.437404751777649,0.7722899913787842,0.06279070675373077,0.2657947242259979
3738,595.818912672,1.4739515781402588,0.8066937923431396,0.06294815987348557,0.26665133237838745
3739,595.9783317309999,1.3851447105407715,0.7174513936042786,0.06305708736181259,0.2668250799179077
3740,596.137158441,1.3729455471038818,0.7058123350143433,0.06313582509756088,0.26660075783729553
3741,596.2956805749999,1.4766281843185425,0.8105986714363098,0.06318248063325882,0.2661590874195099
3742,596.4561066059999,1.4585456848144531,0.7943810224533081,0.06320259720087051,0.2654130160808563
3743,596.615085129,1.379892349243164,0.7184953689575195,0.06319218128919601,0.2643060088157654
3744,596.7737087060001,1.375671625137329,0.715377151966095,0.06320158392190933,0.26386499404907227
3745,596.931931079,1.5056755542755127,0.8442279696464539,0.06327984482049942,0.26432591676712036
3746,597.090383613,1.419357419013977,0.7561084032058716,0.06338278949260712,0.26504606008529663
3747,597.2494488210001,1.41694974899292,0.7523873448371887,0.06346786767244339,0.26557111740112305
3748,597.40932433,1.389044165611267,0.7238545417785645,0.06353800743818283,0.2658216953277588
3749,597.5685631299999,1.4229446649551392,0.7574304342269897,0.06360401958227158,0.2659512758255005
3750,597.728522885,1.45125412940979,0.7858849763870239,0.06365028768777847,0.2658930718898773
3751,597.888272473,1.3744511604309082,0.7101010084152222,0.06367262452840805,0.26548537611961365
3752,598.046890105,1.3661298751831055,0.7033307552337646,0.0636712983250618,0.264864981174469
3753,598.2052036409999,1.4474685192108154,0.7865222692489624,0.0636441707611084,0.26412394642829895
3754,598.363769964,1.4099010229110718,0.7511640787124634,0.06360054016113281,0.26324039697647095
3755,598.5235199150001,1.426357626914978,0.7697099447250366,0.06354974210262299,0.2624048590660095
3756,598.68119562,1.3642382621765137,0.7095876932144165,0.06349341571331024,0.26160624623298645
3757,598.8409079889999,1.4790127277374268,0.8262857794761658,0.06343089044094086,0.26083701848983765
3758,598.999536249,1.451063871383667,0.8003837466239929,0.06336908042430878,0.26001858711242676
3759,599.157950767,1.3517857789993286,0.7036778330802917,0.06329380720853806,0.25898998975753784
3760,599.3165251070001,1.4136700630187988,0.768759548664093,0.0632060319185257,0.25771141052246094
3761,599.475713403,1.388359546661377,0.7472327947616577,0.06310221552848816,0.25619831681251526
3762,599.634488798,1.4462710618972778,0.809417724609375,0.0629785805940628,0.2544894218444824
3763,599.792844464,1.4444377422332764,0.8124024271965027,0.06284090131521225,0.2525627315044403
3764,599.9520199489999,1.3872883319854736,0.7606077790260315,0.06269071251153946,0.2504214644432068
3765,600.1100781030001,1.3753132820129395,0.7545249462127686,0.06252766400575638,0.24806521832942963
3766,600.2676211439999,1.4576542377471924,0.8430806994438171,0.06235293671488762,0.24558000266551971
3767,600.4276105770001,1.3142539262771606,0.7062028646469116,0.06216764822602272,0.2429717630147934
3768,600.5867327750001,1.4387791156768799,0.8348993062973022,0.06202122941613197,0.24130384624004364
3769,600.746757885,1.3428559303283691,0.7405096888542175,0.06192702427506447,0.24069075286388397
3770,600.906509213,1.290415644645691,0.6878751516342163,0.061880093067884445,0.2407686710357666
3771,601.0660301419999,1.4490816593170166,0.8451868891716003,0.06187606230378151,0.24131038784980774
3772,601.225051475,1.369431734085083,0.7633904218673706,0.06190007925033569,0.24216894805431366
3773,601.3836350959999,1.3592891693115234,0.750637948513031,0.06195000559091568,0.24321269989013672
3774,601.5422790839999,1.4288172721862793,0.8177899122238159,0.06200399994850159,0.2441629320383072
3775,601.701596326,1.3700766563415527,0.7573071718215942,0.06205519288778305,0.24485960602760315
3776,601.859877754,1.4029865264892578,0.787121057510376,0.06212620064616203,0.24609768390655518
3777,602.0192616539999,1.4205374717712402,0.8000694513320923,0.062256451696157455,0.24793818593025208
3778,602.1787191239999,1.3505607843399048,0.7254481315612793,0.06239471212029457,0.24979548156261444
3779,602.337003753,1.3353102207183838,0.7060748338699341,0.06252796202898026,0.2514440417289734
3780,602.494819789,1.37315034866333,0.7401952743530273,0.06265648454427719,0.2529314160346985
3781,602.6548822840001,1.4521641731262207,0.8158066868782043,0.06278007477521896,0.2542918920516968
3782,602.8141898289999,1.3968124389648438,0.7575295567512512,0.06288904696702957,0.25546157360076904
3783,602.973897731,1.4179490804672241,0.7764860987663269,0.06298162788152695,0.25633326172828674
3784,603.132868882,1.4115513563156128,0.7684143781661987,0.06306082755327225,0.2570025324821472
3785,603.291355168,1.4486258029937744,0.8042721748352051,0.06312329322099686,0.2574889659881592
3786,603.4497515689999,1.434826135635376,0.7900127172470093,0.06317134201526642,0.25767266750335693
3787,603.6080991069999,1.4286160469055176,0.7839908599853516,0.06319326907396317,0.25759732723236084
3788,603.7678986510001,1.3581881523132324,0.7143990993499756,0.06319454312324524,0.25726282596588135
3789,603.927555615,1.4218608140945435,0.7792235016822815,0.06318255513906479,0.25680220127105713
3790,604.0884754790001,1.3628343343734741,0.7214828729629517,0.06316188722848892,0.25628793239593506
3791,604.2472660719999,1.3662471771240234,0.7241542339324951,0.06319337338209152,0.25658437609672546
3792,604.406934793,1.4301824569702148,0.7853552103042603,0.06327340006828308,0.25767776370048523
3793,604.5657729789999,1.4637467861175537,0.8157351016998291,0.06337041407823563,0.25895121693611145
3794,604.724066157,1.3806886672973633,0.7298742532730103,0.0634634867310524,0.26007190346717834
3795,604.8829323660001,1.4669508934020996,0.8139950037002563,0.06354932487010956,0.2609281539916992
3796,605.041981729,1.4276843070983887,0.7731006741523743,0.06362316012382507,0.2615789771080017
3797,605.202103647,1.4192328453063965,0.7634557485580444,0.0636872947216034,0.26205605268478394
3798,605.3620294210001,1.4381599426269531,0.7818885445594788,0.06373501569032669,0.26225364208221436
3799,605.521489419,1.406990647315979,0.751007616519928,0.06375813484191895,0.2621381878852844
3800,605.6803410880001,1.3825831413269043,0.7276276350021362,0.06375788152217865,0.2617271840572357
3801,605.8655521469999,1.4302294254302979,0.776996910572052,0.06374159455299377,0.26103800535202026
3802,606.0256439619999,1.490813136100769,0.8400735855102539,0.06370276212692261,0.2600409984588623
3803,606.185242185,1.3091952800750732,0.6616646647453308,0.06364269554615021,0.25875768065452576
3804,606.3434876499999,1.4044561386108398,0.7605652809143066,0.06355807930231094,0.25730210542678833
3805,606.5034786,1.312891960144043,0.6727302670478821,0.06346476823091507,0.25581082701683044
3806,606.661848394,1.389907956123352,0.7519912719726562,0.06339095532894135,0.2549131214618683
3807,606.8213477,1.3793469667434692,0.7423804998397827,0.06333505362272263,0.25453323125839233
3808,606.981499886,1.4425989389419556,0.8062235116958618,0.06329458206892014,0.2542969882488251
3809,607.1409995329999,1.3295300006866455,0.6939140558242798,0.06326036900281906,0.25399336218833923
3810,607.3002684869999,1.3902149200439453,0.7537218928337097,0.06324684619903564,0.25434422492980957
3811,607.458938156,1.3671741485595703,0.7279572486877441,0.06329641491174698,0.2554336190223694
3812,607.6167110959999,1.3677394390106201,0.7252460718154907,0.0633636862039566,0.2567439079284668
3813,607.7758290529999,1.4344959259033203,0.788978099822998,0.06344039738178253,0.25795334577560425
3814,607.934962593,1.4158127307891846,0.7679698467254639,0.06351234018802643,0.25888311862945557
3815,608.094428756,1.409346103668213,0.7601990699768066,0.06356437504291534,0.25940456986427307
3816,608.253283204,1.3742495775222778,0.7249799370765686,0.06359028071165085,0.2594534754753113
3817,608.411844291,1.4150891304016113,0.7668851613998413,0.06358632445335388,0.2590272128582001
3818,608.5701413129999,1.4952342510223389,0.8490535020828247,0.06355443596839905,0.25821805000305176
3819,608.7306623610001,1.4747902154922485,0.8315348625183105,0.063494972884655,0.2570481598377228
3820,608.8898020590001,1.3930754661560059,0.7536265850067139,0.0634070411324501,0.2555259168148041
3821,609.0499346580001,1.4052928686141968,0.7703897953033447,0.0632978156208992,0.25370803475379944
3822,609.209149614,1.4393839836120605,0.8096231818199158,0.06316977739334106,0.25165167450904846
3823,609.3688733729999,1.3379181623458862,0.713848352432251,0.06302070617675781,0.2493758350610733
3824,609.527305874,1.419692873954773,0.8017699122428894,0.06285557150840759,0.24691776931285858
3825,609.685125697,1.4427179098129272,0.8297932744026184,0.0627051517367363,0.2449190318584442
3826,609.8452045749999,1.4147071838378906,0.8052747845649719,0.06258659809827805,0.24352262914180756
3827,610.003922648,1.3067543506622314,0.7003943920135498,0.06247977539896965,0.242294043302536
3828,610.163267066,1.3996798992156982,0.7960412502288818,0.06238356977701187,0.24120590090751648
3829,610.3231968849999,1.4764008522033691,0.8753039836883545,0.0622895173728466,0.2401895821094513
3830,610.483490512,1.3772481679916382,0.7790220975875854,0.06218734011054039,0.23904168605804443
3831,610.6427680969999,1.4272403717041016,0.8321864604949951,0.062075331807136536,0.23777322471141815
3832,610.802157038,1.3551996946334839,0.7637631893157959,0.06195221468806267,0.23632679879665375
3833,610.960727642,1.4071812629699707,0.8198540210723877,0.06182117387652397,0.2346835881471634
3834,611.11981308,1.3272007703781128,0.7444623708724976,0.0616796500980854,0.2328486442565918
3835,611.2788841610001,1.3366889953613281,0.7589662075042725,0.06152363121509552,0.23084300756454468
3836,611.4384095290001,1.3200615644454956,0.747649073600769,0.061356090009212494,0.228719562292099
3837,611.5982449090001,1.264090895652771,0.697342038154602,0.061180975288152695,0.22645483911037445
3838,611.758414107,1.4256784915924072,0.864696741104126,0.061004556715488434,0.224148690700531
3839,611.916629965,1.3757869005203247,0.8206562399864197,0.06082737818360329,0.22180896997451782
3840,612.0757306260001,1.3139619827270508,0.7649819254875183,0.06064344942569733,0.2193494290113449
3841,612.234175872,1.235197901725769,0.6926791667938232,0.060453761368989944,0.21676568686962128
3842,612.393049333,1.274966835975647,0.7390686273574829,0.06026354432106018,0.21411822736263275
3843,612.55232429,1.3122549057006836,0.783058762550354,0.06007141247391701,0.21143819391727448
3844,612.7116175340001,1.2745295763015747,0.7513075470924377,0.05989169701933861,0.20904923975467682
3845,612.869968266,1.3277289867401123,0.8080814480781555,0.059754643589258194,0.20761999487876892
3846,613.0285661070001,1.2055658102035522,0.6872449517250061,0.05966276302933693,0.20708969235420227
3847,613.186863988,1.2803137302398682,0.7620984315872192,0.059600505977869034,0.2070477455854416
3848,613.345751621,1.386483907699585,0.8678667545318604,0.059558767825365067,0.20720866322517395
3849,613.504723747,1.2657774686813354,0.7469011545181274,0.059521984308958054,0.2073124349117279
3850,613.664900807,1.2191942930221558,0.7003492116928101,0.05949332192540169,0.207300066947937
3851,613.824459051,1.3328099250793457,0.8137711882591248,0.059468720108270645,0.207377627491951
3852,613.9831046620001,1.1925320625305176,0.673255205154419,0.059446439146995544,0.2074729949235916
3853,614.1406314950001,1.283024787902832,0.763568639755249,0.05942391976714134,0.20754474401474
3854,614.300387418,1.2681517601013184,0.748704195022583,0.05939418822526932,0.20754145085811615
3855,614.4604754400001,1.2689001560211182,0.7497356534004211,0.05935342237353325,0.20742838084697723
3856,614.6190260340001,1.2773761749267578,0.7586540579795837,0.05931396782398224,0.2072516232728958
3857,614.7779398209999,1.2929431200027466,0.7750966548919678,0.059267308562994,0.20690153539180756
3858,614.9360490319999,1.3449478149414062,0.8271381258964539,0.05922415852546692,0.20688700675964355
3859,615.094802358,1.3300633430480957,0.8115791082382202,0.05919884145259857,0.20715688169002533
3860,615.253077214,1.2901854515075684,0.7711962461471558,0.05919092521071434,0.20735888183116913
3861,615.412395356,1.257810115814209,0.7388662099838257,0.059180162847042084,0.20734085142612457
3862,615.5715052889999,1.3245673179626465,0.8045377731323242,0.05919528380036354,0.2077750414609909
3863,615.730959692,1.2786513566970825,0.7562452554702759,0.05923664569854736,0.20872549712657928
3864,615.889795557,1.2449100017547607,0.7200864553451538,0.05928868427872658,0.20969223976135254
3865,616.0491988949999,1.284084439277649,0.756622314453125,0.059363458305597305,0.2107473909854889
3866,616.2076092839999,1.2195130586624146,0.6888478994369507,0.059444550424814224,0.21202829480171204
3867,616.367151992,1.2856905460357666,0.7515062689781189,0.0595327690243721,0.213435560464859
3868,616.5275630750001,1.3316211700439453,0.7936681509017944,0.05963672325015068,0.21494269371032715
3869,616.686481092,1.386918544769287,0.8453053832054138,0.059747546911239624,0.21640624105930328
3870,616.845724805,1.3242216110229492,0.7796008586883545,0.05984189733862877,0.21760891377925873
3871,617.004427959,1.3473458290100098,0.8005663156509399,0.059926360845565796,0.21847210824489594
3872,617.162881198,1.295905590057373,0.7479577660560608,0.05998821184039116,0.2189391702413559
3873,617.321019199,1.3592720031738281,0.8112083673477173,0.06002257764339447,0.21898537874221802
3874,617.480663057,1.2331972122192383,0.6861000061035156,0.06003288924694061,0.21859875321388245
3875,617.6409035329999,1.3866560459136963,0.8413811326026917,0.06002533808350563,0.2178698480129242
3876,617.799914952,1.3907954692840576,0.8480634093284607,0.059997085481882095,0.2168528288602829
3877,617.9601209690001,1.2820186614990234,0.7425949573516846,0.0599462166428566,0.21552971005439758
3878,618.1204816210001,1.3244311809539795,0.7884625196456909,0.05988314747810364,0.21414795517921448
3879,618.279734485,1.3337782621383667,0.8014003038406372,0.05980978533625603,0.21271194517612457
3880,618.4389266940001,1.2885148525238037,0.7600307464599609,0.0597204864025116,0.2111547440290451
3881,618.5969207429999,1.287269115447998,0.7619689702987671,0.05963315814733505,0.20988152921199799
3882,618.7568154219999,1.2819368839263916,0.7589589357376099,0.0595599040389061,0.2089529186487198
3883,618.915775776,1.2936904430389404,0.7728638648986816,0.05949724093079567,0.20809267461299896
3884,619.0754233670001,1.1890366077423096,0.6705207824707031,0.05943462252616882,0.2071685791015625
3885,619.2359001169999,1.2812784910202026,0.7650812864303589,0.05936489254236221,0.2062414288520813
3886,619.3954361550001,1.3508610725402832,0.8370382785797119,0.059292569756507874,0.2052919566631317
3887,619.554671623,1.2428544759750366,0.7317825555801392,0.05921320989727974,0.2041919231414795
3888,619.713515127,1.2892491817474365,0.7815359830856323,0.05912323668599129,0.20284880697727203
3889,619.87241441,1.1524052619934082,0.6482721567153931,0.059025757014751434,0.20141714811325073
3890,620.0324084299999,1.2529056072235107,0.751979410648346,0.05893712490797043,0.20013472437858582
3891,620.1907974449999,1.3613090515136719,0.8633473515510559,0.05884616822004318,0.19894930720329285
3892,620.3504851009999,1.2271265983581543,0.732403039932251,0.058752525597810745,0.19765441119670868
3893,620.508397106,1.2578394412994385,0.7644832730293274,0.05868314951658249,0.19710774719715118
3894,620.668033008,1.238208532333374,0.7439517974853516,0.05866115540266037,0.19746804237365723
3895,620.8265338909999,1.2134087085723877,0.7173944711685181,0.05866595730185509,0.198171004652977
3896,620.9862952560001,1.275164008140564,0.7773929834365845,0.05868110433220863,0.19887369871139526
3897,621.144875005,1.2953102588653564,0.7961696982383728,0.058692604303359985,0.1994214653968811
3898,621.304017608,1.2234220504760742,0.7235124707221985,0.05870005860924721,0.1997290402650833
3899,621.4635289629999,1.272818922996521,0.7727714776992798,0.05869712308049202,0.19978417456150055
3900,621.6231562429999,1.255568504333496,0.7560622096061707,0.058677926659584045,0.1995677649974823
3901,621.798678795,1.3358516693115234,0.8377596139907837,0.058643050491809845,0.1990022212266922
3902,621.9580618609999,1.2904062271118164,0.7946430444717407,0.058590229600667953,0.19807091355323792
3903,622.117554221,1.2316529750823975,0.7389428615570068,0.05852436646819115,0.19684992730617523
3904,622.276738546,1.2583136558532715,0.7691689729690552,0.05844763666391373,0.19542409479618073
3905,622.436770959,1.382004976272583,0.8965641260147095,0.05836528167128563,0.19394290447235107
3906,622.595620983,1.2108074426651,0.7292455434799194,0.05827411636710167,0.19239166378974915
3907,622.7550264309999,1.3183684349060059,0.8409382104873657,0.05817198008298874,0.19073940813541412
3908,622.913732784,1.2930288314819336,0.820044755935669,0.0580611452460289,0.18896140158176422
3909,623.072199247,1.168884515762329,0.7007832527160645,0.057941436767578125,0.18700870871543884
3910,623.2310785200001,1.1662455797195435,0.7035267353057861,0.05781310796737671,0.18485631048679352
3911,623.3903111989999,1.2824909687042236,0.8252480626106262,0.05768487975001335,0.18266639113426208
3912,623.549796533,1.143148422241211,0.6910163760185242,0.05755053460597992,0.1806226372718811
3913,623.708464915,1.2654705047607422,0.8181623816490173,0.05741744861006737,0.17869359254837036
3914,623.86790835,1.1765778064727783,0.734171986579895,0.05728139355778694,0.17673318088054657
3915,624.0262720930001,1.291576623916626,0.8543006777763367,0.05713949352502823,0.1746818572282791
3916,624.1864634570001,1.2304432392120361,0.7982284426689148,0.0569983534514904,0.17265789210796356
3917,624.3460755719999,1.253998041152954,0.826809287071228,0.05685821548104286,0.17064805328845978
3918,624.505348366,1.178330898284912,0.756045401096344,0.05671115219593048,0.16868731379508972
3919,624.664666258,1.105411171913147,0.6879146099090576,0.05656522512435913,0.16677236557006836
3920,624.824853816,1.171217918395996,0.754648745059967,0.05647444725036621,0.16640175879001617
3921,624.9841377070001,1.1901870965957642,0.7706712484359741,0.05646740645170212,0.1675804704427719
3922,625.1436085859999,1.1736164093017578,0.7498123645782471,0.05650783330202103,0.16929559409618378
3923,625.301968826,1.1323211193084717,0.7027761340141296,0.05659787356853485,0.1715916097164154
3924,625.462021983,1.1573536396026611,0.721233069896698,0.05670899897813797,0.17422142624855042
3925,625.620541548,1.1643015146255493,0.7214676737785339,0.056836530566215515,0.17690616846084595
3926,625.77986092,1.1880996227264404,0.7387043237686157,0.05698014423251152,0.17953020334243774
3927,625.939037252,1.17232346534729,0.7168871164321899,0.05711614713072777,0.18194608390331268
3928,626.098684531,1.285377025604248,0.8231163024902344,0.05726576969027519,0.18467523157596588
3929,626.258507954,1.1575849056243896,0.6878966689109802,0.0574374794960022,0.1876455396413803
3930,626.4170183309999,1.2532258033752441,0.7760916948318481,0.057619351893663406,0.1906231790781021
3931,626.5771521810001,1.3134028911590576,0.8291867971420288,0.057792723178863525,0.1934552639722824
3932,626.7359178549999,1.1870031356811523,0.6948660612106323,0.05801007151603699,0.1966228038072586
3933,626.895592788,1.2529008388519287,0.751675546169281,0.05825497582554817,0.2002570629119873
3934,627.055306331,1.294068694114685,0.7839270830154419,0.058508362621068954,0.20382261276245117
3935,627.2139119110001,1.3500747680664062,0.8320906162261963,0.05875732749700546,0.20695863664150238
3936,627.37198976,1.256949782371521,0.7326797246932983,0.05897434055805206,0.20947211980819702
3937,627.530061498,1.3485627174377441,0.8186826705932617,0.059172771871089935,0.21171531081199646
3938,627.689079206,1.3364964723587036,0.8015352487564087,0.05935468152165413,0.2137470692396164
3939,627.847908504,1.3036649227142334,0.7645981311798096,0.05951615795493126,0.21538862586021423
3940,628.007648161,1.259979248046875,0.71793532371521,0.059652335941791534,0.21657893061637878
3941,628.16666155,1.2608232498168945,0.7167075276374817,0.059762053191661835,0.2174072265625
3942,628.3258119579999,1.3639776706695557,0.8186354637145996,0.0598473884165287,0.2178974598646164
3943,628.48423887,1.3139543533325195,0.7683691382408142,0.05990592762827873,0.21799446642398834
3944,628.6441891549999,1.3484327793121338,0.8030654191970825,0.059949841350317,0.21790711581707
3945,628.804518172,1.34409499168396,0.7992762327194214,0.05997330695390701,0.21768763661384583
3946,628.964316637,1.2314939498901367,0.6879360675811768,0.0599738284945488,0.21718326210975647
3947,629.123982618,1.3262181282043457,0.784644603729248,0.05995113402605057,0.21638964116573334
3948,629.284040395,1.2891428470611572,0.750297486782074,0.05990743637084961,0.21529853343963623
3949,629.443129548,1.290703535079956,0.7552716732025146,0.059846941381692886,0.21393336355686188
3950,629.6017143079999,1.332369089126587,0.8007758259773254,0.059770870953798294,0.2123982310295105
3951,629.760652051,1.2912631034851074,0.7638158202171326,0.059683576226234436,0.21074016392230988
3952,629.919598954,1.3223943710327148,0.7991219758987427,0.05958639830350876,0.2090706080198288
3953,630.0791629460001,1.2376478910446167,0.7186903357505798,0.059485845267772675,0.20734508335590363
3954,630.2395361109999,1.3325893878936768,0.817888617515564,0.059377655386924744,0.20564281940460205
3955,630.401376916,1.2982556819915771,0.7875711917877197,0.05927358940243721,0.20403669774532318
3956,630.56085105,1.2290148735046387,0.7217243909835815,0.059161920100450516,0.20267954468727112
3957,630.721313337,1.2734808921813965,0.7688473463058472,0.0590582937002182,0.20161716639995575
3958,630.880303084,1.3298594951629639,0.8274999856948853,0.05896846577525139,0.20070795714855194
3959,631.038702722,1.2700169086456299,0.7697484493255615,0.05888236686587334,0.19987183809280396
3960,631.197820795,1.3322856426239014,0.8341973423957825,0.05879989266395569,0.19900013506412506
3961,631.3575448610001,1.3504540920257568,0.8549617528915405,0.05871351435780525,0.19796207547187805
3962,631.5177927609999,1.2917916774749756,0.7995471954345703,0.05861527845263481,0.19666330516338348
3963,631.675615731,1.2459733486175537,0.7570837736129761,0.05850844085216522,0.19532181322574615
3964,631.834892321,1.1908133029937744,0.7051633596420288,0.05840172618627548,0.194026380777359
3965,631.992609948,1.2553108930587769,0.7721202969551086,0.058312442153692245,0.19304299354553223
3966,632.1515710279999,1.181685447692871,0.7000212669372559,0.05825229734182358,0.19243264198303223
3967,632.3110407580001,1.2788134813308716,0.7979760766029358,0.05821545794606209,0.1921021044254303
3968,632.471041146,1.2574504613876343,0.7770684361457825,0.058188214898109436,0.19192005693912506
3969,632.631201458,1.224324345588684,0.7445778846740723,0.05816119164228439,0.19166593253612518
3970,632.7905016829999,1.2497665882110596,0.7703533172607422,0.05814073234796524,0.19153276085853577
3971,632.949827559,1.2348966598510742,0.7553541660308838,0.05813337117433548,0.19158443808555603
3972,633.107960569,1.2844096422195435,0.8047084808349609,0.05812652036547661,0.1916479617357254
3973,633.266940694,1.3005387783050537,0.8200857043266296,0.0581340417265892,0.19194869697093964
3974,633.4265927390001,1.3189773559570312,0.8372635245323181,0.0581522062420845,0.19245292246341705
3975,633.586825947,1.2792705297470093,0.7965084314346313,0.05816783010959625,0.19287215173244476
3976,633.747122442,1.2035657167434692,0.7202945947647095,0.058178696781396866,0.1930757313966751
3977,633.9059301399999,1.1589279174804688,0.6722826361656189,0.05823651701211929,0.19442519545555115
3978,634.064926231,1.189603567123413,0.6965128779411316,0.05835460498929024,0.19700288772583008
3979,634.2232883820001,1.3525547981262207,0.8522468209266663,0.0585075244307518,0.1998891830444336
3980,634.382197412,1.31972336769104,0.8126266002655029,0.058677081018686295,0.2026040107011795
3981,634.541781234,1.323852300643921,0.8110696077346802,0.05884116142988205,0.20487773418426514
3982,634.7014610099999,1.3374924659729004,0.8204425573348999,0.0589846596121788,0.20658399164676666
3983,634.861813268,1.2446733713150024,0.7248789072036743,0.05910035967826843,0.20768140256404877
3984,635.021072141,1.3692370653152466,0.8465743064880371,0.05921507626771927,0.20882822573184967
3985,635.180261931,1.3556010723114014,0.82984459400177,0.059334129095077515,0.21006523072719574
3986,635.3381538489999,1.2503305673599243,0.7221770882606506,0.059444691985845566,0.21102361381053925
3987,635.4972824089999,1.4049938917160034,0.8753331899642944,0.05953462794423103,0.21162614226341248
3988,635.6567463709999,1.347970724105835,0.8177821040153503,0.059595219790935516,0.2118370682001114
3989,635.817115272,1.2426872253417969,0.7129757404327393,0.05962739512324333,0.21164609491825104
3990,635.976010817,1.2184958457946777,0.6893558502197266,0.05964094027876854,0.21141742169857025
3991,636.1351242869999,1.2508162260055542,0.7195580005645752,0.05968720093369484,0.2122645378112793
3992,636.2940043140001,1.3119351863861084,0.7763252854347229,0.05977264791727066,0.21400485932826996
3993,636.452978202,1.3696210384368896,0.827908992767334,0.05989212542772293,0.21644525229930878
3994,636.611814432,1.298248529434204,0.7496200203895569,0.06005753576755524,0.21921119093894958
3995,636.7714330140001,1.306272029876709,0.7510062456130981,0.060242678970098495,0.22186532616615295
3996,636.93136694,1.3728423118591309,0.8117042183876038,0.06042057275772095,0.22421354055404663
3997,637.090522162,1.3417069911956787,0.7759025692939758,0.060576699674129486,0.22607944905757904
3998,637.249197038,1.3018085956573486,0.7327888011932373,0.06070442497730255,0.22736507654190063
3999,637.4072396089999,1.3257367610931396,0.7545074224472046,0.06080460175871849,0.22824852168560028
4000,637.565829067,1.373077630996704,0.8003138899803162,0.0608823336660862,0.2288619875907898
4001,637.7452729820001,1.3142890930175781,0.7407539486885071,0.060941752046346664,0.22917026281356812
4002,637.9056521660001,1.3010257482528687,0.7264584302902222,0.061014287173748016,0.22958289086818695
4003,638.0647297459999,1.347435474395752,0.7713435888290405,0.06107255443930626,0.23019249737262726
4004,638.2240049420001,1.376993179321289,0.7996215224266052,0.061118707060813904,0.2307041883468628
4005,638.382796304,1.3322932720184326,0.7542828917503357,0.0611521415412426,0.23095950484275818
4006,638.5426951410001,1.3869224786758423,0.8090182542800903,0.06117039918899536,0.23091700673103333
4007,638.7035758650001,1.3634922504425049,0.786525309085846,0.061167359352111816,0.2305421233177185
4008,638.8631806290001,1.400489330291748,0.8250067234039307,0.06115904822945595,0.22994840145111084
4009,639.0229971919999,1.3468735218048096,0.7733378410339355,0.061135612428188324,0.22916975617408752
4010,639.1808601930001,1.333714485168457,0.762804388999939,0.06109101325273514,0.22811970114707947
4011,639.340368624,1.2911409139633179,0.7235862612724304,0.06102115660905838,0.22677776217460632
4012,639.4986798890001,1.3039882183074951,0.74053555727005,0.06093002110719681,0.2251373827457428
4013,639.658795292,1.3961641788482666,0.8368186950683594,0.06082546338438988,0.22349490225315094
4014,639.817454293,1.2753552198410034,0.720017671585083,0.06071711331605911,0.22189213335514069
4015,639.97750016,1.2521929740905762,0.7009053230285645,0.06060745567083359,0.22027261555194855
4016,640.1374705039999,1.2056913375854492,0.6583008170127869,0.06049507483839989,0.21871426701545715
4017,640.2965926789999,1.2711154222488403,0.7258915901184082,0.06039706990122795,0.21784794330596924
4018,640.4538134620001,1.2831224203109741,0.7376126050949097,0.06035253778100014,0.21796253323554993
4019,640.6132381040001,1.3604413270950317,0.8133183121681213,0.060337960720062256,0.2186078429222107
4020,640.773277891,1.3282876014709473,0.779536247253418,0.060332946479320526,0.21925918757915497
4021,640.933211443,1.3374621868133545,0.7877161502838135,0.06032837927341461,0.21965712308883667
4022,641.0941400360001,1.3128235340118408,0.7629550099372864,0.060310229659080505,0.21970616281032562
4023,641.2540030020001,1.291733741760254,0.7425265312194824,0.060273926705121994,0.21944178640842438
4024,641.413441349,1.2771034240722656,0.7290376424789429,0.06023278459906578,0.21898536384105682
4025,641.5720050419999,1.3258225917816162,0.7790800333023071,0.060188330709934235,0.21845625340938568
4026,641.730116742,1.2702722549438477,0.7251545786857605,0.060134273022413254,0.21780650317668915
4027,641.8903502689999,1.275054693222046,0.7319738864898682,0.06007636711001396,0.21699205040931702
4028,642.0498515359999,1.3494129180908203,0.8086344003677368,0.06002061814069748,0.21607133746147156
4029,642.2092073499999,1.4047975540161133,0.8664962649345398,0.0599631667137146,0.21508069336414337
4030,642.368160478,1.2453523874282837,0.7099218368530273,0.05989324301481247,0.21393266320228577
4031,642.5278548299999,1.2750025987625122,0.7394781112670898,0.05988089367747307,0.21397027373313904
4032,642.687037862,1.31656014919281,0.7774720191955566,0.059954915195703506,0.21539542078971863
4033,642.8455437700001,1.3287827968597412,0.7845385670661926,0.060074884444475174,0.21745739877223969
4034,643.006438778,1.4265906810760498,0.8767394423484802,0.06022477149963379,0.21969957649707794
4035,643.167636885,1.3511340618133545,0.7962215542793274,0.060371171683073044,0.2217235416173935
4036,643.325640249,1.278831958770752,0.7192400097846985,0.0605258010327816,0.22359469532966614
4037,643.484699317,1.2468317747116089,0.68269944190979,0.06068609654903412,0.22541020810604095
4038,643.6436936880001,1.3347723484039307,0.7660534977912903,0.060832131654024124,0.22724421322345734
4039,643.8026764790001,1.3037947416305542,0.7307748794555664,0.06096779555082321,0.22896406054496765
4040,643.961425157,1.2695958614349365,0.6929888129234314,0.061085011810064316,0.23039846122264862
4041,644.121320349,1.384528398513794,0.8048070669174194,0.061184532940387726,0.23164381086826324
4042,644.279582301,1.3696231842041016,0.7874083518981934,0.06127727031707764,0.2326408326625824
4043,644.439466576,1.2493479251861572,0.6655058264732361,0.061351288110017776,0.23329146206378937
4044,644.599295698,1.3332204818725586,0.7468274831771851,0.06142204627394676,0.23431149125099182
4045,644.757589357,1.3620517253875732,0.7722893357276917,0.06151068955659866,0.2356588989496231
4046,644.916243086,1.248936414718628,0.6559805870056152,0.0615956149995327,0.23693592846393585
4047,645.0753395099999,1.2722785472869873,0.6759253144264221,0.061684973537921906,0.2382945567369461
4048,645.234602181,1.3465750217437744,0.7462421655654907,0.061787303537130356,0.23988597095012665
4049,645.39414477,1.2375279664993286,0.6328782439231873,0.061904989182949066,0.2416122704744339
4050,645.554650942,1.40305757522583,0.7929224371910095,0.06206027790904045,0.24380584061145782
4051,645.713400512,1.342886209487915,0.7264506816864014,0.062235090881586075,0.24632528424263
4052,645.8716933530001,1.3195364475250244,0.6971749067306519,0.06240499019622803,0.2486950159072876
4053,646.030446678,1.3667964935302734,0.7394731044769287,0.06256325542926788,0.2506791055202484
4054,646.189303683,1.4404401779174805,0.8094102144241333,0.06270001828670502,0.2521611750125885
4055,646.348495721,1.4459389448165894,0.8125786185264587,0.06281106919050217,0.253092885017395
4056,646.508032931,1.4400984048843384,0.8055618405342102,0.06289570033550262,0.2535630464553833
4057,646.6676274739999,1.4389530420303345,0.8043138384819031,0.06294858455657959,0.25360387563705444
4058,646.827193815,1.422026515007019,0.7883802652359009,0.06297136843204498,0.25320661067962646
4059,646.985501863,1.3814697265625,0.7498227953910828,0.0629623681306839,0.2524069547653198
4060,647.1450566489999,1.415767788887024,0.7870316505432129,0.06292561441659927,0.2512427568435669
4061,647.304026783,1.3824493885040283,0.7568920850753784,0.06286641955375671,0.24997146427631378
4062,647.4632077309999,1.3743789196014404,0.7521714568138123,0.06279438734054565,0.2486318200826645
4063,647.623242624,1.3500514030456543,0.7316570281982422,0.06270590424537659,0.2471069097518921
4064,647.783016103,1.456804633140564,0.8426955938339233,0.0626053437590599,0.24539320170879364
4065,647.9418038319999,1.3974463939666748,0.7881757616996765,0.062486521899700165,0.24345830082893372
4066,648.1002886550001,1.3954095840454102,0.7906755805015564,0.062371302396059036,0.24164411425590515
4067,648.258665452,1.349450945854187,0.7485673427581787,0.06226310878992081,0.24010437726974487
4068,648.417865684,1.352151870727539,0.754668116569519,0.062163062393665314,0.2387448251247406
4069,648.5771836329999,1.4015684127807617,0.80711430311203,0.06207261234521866,0.2375333458185196
4070,648.737173822,1.3239431381225586,0.7324736714363098,0.06198256462812424,0.23633988201618195
4071,648.896219161,1.293287992477417,0.7050929069519043,0.06189148500561714,0.23503047227859497
4072,649.055451975,1.3378913402557373,0.7533135414123535,0.06179249659180641,0.2335839420557022
4073,649.214078312,1.2950425148010254,0.7144608497619629,0.06167987361550331,0.2319859266281128
4074,649.373072294,1.386141061782837,0.8098725080490112,0.06155800819396973,0.2302611768245697
4075,649.5331661670001,1.4752628803253174,0.9036270380020142,0.06142452359199524,0.22840864956378937
4076,649.691913345,1.3578940629959106,0.7913724184036255,0.06128059700131416,0.22636353969573975
4077,649.8522473439999,1.297487735748291,0.7366048693656921,0.061125461012125015,0.22410862147808075
4078,650.011047914,1.3746707439422607,0.8196392059326172,0.06096663698554039,0.22176872193813324
4079,650.169969766,1.3410863876342773,0.7919769287109375,0.06080164760351181,0.2194005697965622
4080,650.3288528259999,1.3010352849960327,0.7578446865081787,0.06062929332256317,0.2170337289571762
4081,650.4880837449999,1.3274623155593872,0.790157675743103,0.06045187637209892,0.21468006074428558
4082,650.6475751449999,1.256458044052124,0.7252068519592285,0.0602683387696743,0.21225939691066742
4083,650.8058765070001,1.277517318725586,0.7524433732032776,0.060081928968429565,0.2097892165184021
4084,650.965640773,1.2592452764511108,0.7402766346931458,0.059890590608119965,0.20734789967536926
4085,651.124733365,1.3258161544799805,0.8128393292427063,0.05970393493771553,0.2049519121646881
4086,651.283091571,1.2903332710266113,0.7831405401229858,0.05952814966440201,0.20263901352882385
4087,651.4414766629999,1.2182776927947998,0.7167383432388306,0.05935271829366684,0.20037829875946045
4088,651.601442989,1.1545710563659668,0.6584230065345764,0.05917645990848541,0.19822250306606293
4089,651.7617609600001,1.2483441829681396,0.7555943727493286,0.05904487147927284,0.19686377048492432
4090,651.9198609629999,1.2760752439498901,0.7846247553825378,0.05895645543932915,0.19634437561035156
4091,652.0793458679999,1.2452720403671265,0.7542787790298462,0.05888953059911728,0.19616176187992096
4092,652.23891042,1.317576289176941,0.8270359039306641,0.058830052614212036,0.19598083198070526
4093,652.397405868,1.3643667697906494,0.8728330731391907,0.05879358574748039,0.19637830555438995
4094,652.556405254,1.25081205368042,0.7567964196205139,0.05879659578204155,0.19737109541893005
4095,652.7150475489999,1.2681548595428467,0.7715758681297302,0.058817554265260696,0.19839634001255035
4096,652.873830832,1.204818606376648,0.7062276005744934,0.058842726051807404,0.19920103251934052
4097,653.033685362,1.119747519493103,0.617598831653595,0.05890461802482605,0.20062385499477386
4098,653.1927498700001,1.1601648330688477,0.652427077293396,0.05899427831172943,0.20285910367965698
4099,653.3539562110001,1.2920966148376465,0.7777960300445557,0.059109050780534744,0.20548376441001892
4100,653.5141014940001,1.285269021987915,0.763414740562439,0.05925215780735016,0.20850472152233124
4101,653.6938849930001,1.3583214282989502,0.8286004066467285,0.05941286310553551,0.2116507738828659
4102,653.8530884319999,1.2750904560089111,0.7382200956344604,0.05957874655723572,0.21450980007648468
4103,654.0111187470001,1.309338092803955,0.7664439678192139,0.05973346531391144,0.2169187068939209
4104,654.170925515,1.2972898483276367,0.7496405839920044,0.05986383184790611,0.2188202291727066
4105,654.3299505030001,1.2541412115097046,0.7027949094772339,0.059976086020469666,0.220298632979393
4106,654.489624807,1.31766676902771,0.7631263136863708,0.060077641159296036,0.22157585620880127
4107,654.650505659,1.3662207126617432,0.8090386390686035,0.060164421796798706,0.22263213992118835
4108,654.810916518,1.3090910911560059,0.7502052187919617,0.06023119017481804,0.22331345081329346
4109,654.970125272,1.338854193687439,0.7792850732803345,0.06027543172240257,0.2235865443944931
4110,655.129221693,1.3117098808288574,0.7512580156326294,0.06030864268541336,0.22393950819969177
4111,655.287570716,1.3691232204437256,0.8073647022247314,0.060345832258462906,0.22446201741695404
4112,655.4473930590001,1.3168768882751465,0.7541229724884033,0.06037397310137749,0.22486010193824768
4113,655.6062817799999,1.3640942573547363,0.8007289171218872,0.060397110879421234,0.22510454058647156
4114,655.765677818,1.2453265190124512,0.6817741394042969,0.06041453778743744,0.2251792997121811
4115,655.925094203,1.3912034034729004,0.8277273178100586,0.060428012162446976,0.2251487523317337
4116,656.083589065,1.4076173305511475,0.8446778655052185,0.060427237302064896,0.22493408620357513
4117,656.242344952,1.4691529273986816,0.907600998878479,0.06040611490607262,0.22437913715839386
4118,656.400974364,1.3436559438705444,0.7844303846359253,0.06036427244544029,0.22344878315925598
4119,656.5607503780001,1.271601676940918,0.7149524688720703,0.06031620875000954,0.22241845726966858
4120,656.7191923700001,1.2914917469024658,0.7357674241065979,0.06030378118157387,0.22204852104187012
4121,656.8790271250001,1.3537461757659912,0.7976717948913574,0.060319021344184875,0.22218848764896393
4122,657.038944754,1.2413594722747803,0.6848459243774414,0.06033346429467201,0.22236411273479462
4123,657.1986287670001,1.2066657543182373,0.6500548124313354,0.0603465810418129,0.22240303456783295
4124,657.3579204040001,1.3039485216140747,0.7477356195449829,0.060347557067871094,0.2222437709569931
4125,657.5170500170001,1.3158237934112549,0.760525643825531,0.06033838540315628,0.22187791764736176
4126,657.675424395,1.2435667514801025,0.6898113489151001,0.06031743437051773,0.2212609052658081
4127,657.83417372,1.270453691482544,0.7188398838043213,0.060281142592430115,0.22040443122386932
4128,657.993761567,1.346059799194336,0.7971444129943848,0.0602276474237442,0.2193252146244049
4129,658.15368701,1.3199373483657837,0.7735729217529297,0.06017585098743439,0.2183050662279129
4130,658.3143060799999,1.3071331977844238,0.7614079713821411,0.06014189124107361,0.21804951131343842
4131,658.473217161,1.3731451034545898,0.8263860940933228,0.060140058398246765,0.21846304833889008
4132,658.631931737,1.3202136754989624,0.7722281217575073,0.06014644727110863,0.21895363926887512
4133,658.7904475209999,1.3961727619171143,0.8469113707542419,0.0601554699242115,0.21946391463279724
4134,658.95046659,1.2817926406860352,0.7314647436141968,0.06016679108142853,0.2198905050754547
4135,659.1091639919999,1.221614122390747,0.6705361604690552,0.06018032133579254,0.22019042074680328
4136,659.2690196499999,1.3071333169937134,0.7550981044769287,0.06019822135567665,0.220573291182518
4137,659.428552107,1.369918704032898,0.8161090612411499,0.06023678928613663,0.22128289937973022
4138,659.5881297689999,1.2608568668365479,0.7048941850662231,0.06027055159211159,0.2221439927816391
4139,659.7465276300001,1.295026183128357,0.7370035648345947,0.06030311807990074,0.22296784818172455
4140,659.9045275279999,1.4231396913528442,0.8636398911476135,0.06032640114426613,0.22355861961841583
4141,660.064088552,1.3167455196380615,0.7565284371376038,0.06034265086054802,0.2238454818725586
4142,660.222783951,1.221384048461914,0.6611469388008118,0.06034445762634277,0.2238534837961197
4143,660.381225898,1.3496237993240356,0.7881666421890259,0.06036348640918732,0.22434140741825104
4144,660.5408505730001,1.358148217201233,0.7940590977668762,0.06041964516043663,0.22539396584033966
4145,660.700106009,1.4027302265167236,0.8359503746032715,0.06048738956451416,0.2264699935913086
4146,660.858855001,1.3980318307876587,0.829218864440918,0.06055079400539398,0.22728298604488373
4147,661.0171326880001,1.2713947296142578,0.7012826204299927,0.06059545651078224,0.22780245542526245
4148,661.176763673,1.2637859582901,0.6920090913772583,0.060658931732177734,0.22846810519695282
4149,661.3356868499999,1.3113443851470947,0.7343717813491821,0.06075996905565262,0.2305459827184677
4150,661.495597195,1.3578035831451416,0.7730136513710022,0.060935329645872116,0.23367223143577576
4151,661.6562422400001,1.291473150253296,0.6969714760780334,0.061178818345069885,0.23755595088005066
4152,661.8153772679999,1.3038352727890015,0.6985744833946228,0.06146721541881561,0.24185845255851746
4153,661.9741049390001,1.4430509805679321,0.8274846076965332,0.061771832406520844,0.2459794580936432
4154,662.133203254,1.3827093839645386,0.7580870389938354,0.062061429023742676,0.24960069358348846
4155,662.2921846529999,1.3989522457122803,0.7656582593917847,0.06236317753791809,0.25306811928749084
4156,662.450755212,1.4219391345977783,0.778713047504425,0.06269852817058563,0.2570396363735199
4157,662.6104083460001,1.4788864850997925,0.8251021504402161,0.06306086480617523,0.2612614929676056
4158,662.770340943,1.4524016380310059,0.7885549664497375,0.06342042982578278,0.26528501510620117
4159,662.9299454630001,1.4141030311584473,0.7411242723464966,0.06376921385526657,0.2689363956451416
4160,663.0891844470001,1.4370200634002686,0.7561244964599609,0.06408502161502838,0.27210184931755066
4161,663.247380981,1.3794440031051636,0.6920750141143799,0.06435836106538773,0.2746901512145996
4162,663.4059066619999,1.4392129182815552,0.7467968463897705,0.06459010392427444,0.27670806646347046
4163,663.565210632,1.3975551128387451,0.7016388177871704,0.0647781565785408,0.2781074047088623
4164,663.7246058070001,1.448219895362854,0.750131368637085,0.0649290382862091,0.2789756953716278
4165,663.8843298529999,1.433007001876831,0.7338884472846985,0.06504117697477341,0.2793872654438019
4166,664.0437377940001,1.4321484565734863,0.7331197261810303,0.06511242687702179,0.27935105562210083
4167,664.2029810380001,1.5047836303710938,0.8069977760314941,0.06514205783605576,0.27885374426841736
4168,664.3616805129999,1.455805778503418,0.7603834867477417,0.06513554602861404,0.2779083847999573
4169,664.5199633630001,1.392735481262207,0.6998509168624878,0.06510797888040543,0.27689340710639954
4170,664.6789315499999,1.47060227394104,0.779046356678009,0.06510471552610397,0.27636194229125977
4171,664.8380188259999,1.4420937299728394,0.7509332895278931,0.06512689590454102,0.2762036919593811
4172,664.997671302,1.449174165725708,0.758398711681366,0.0651482343673706,0.27604958415031433
4173,665.1559669500001,1.5060490369796753,0.8158718347549438,0.06515855342149734,0.27581024169921875
4174,665.3151091819999,1.502509593963623,0.8132463693618774,0.06515622138977051,0.2754446864128113
4175,665.4737773149999,1.4806861877441406,0.7923721075057983,0.06514396518468857,0.2750650644302368
4176,665.633834978,1.4114537239074707,0.7241405844688416,0.0651223212480545,0.2746647596359253
4177,665.7931538849999,1.4800357818603516,0.7941703796386719,0.06508956849575043,0.27408578991889954
4178,665.952454444,1.4560985565185547,0.7723724842071533,0.0650356337428093,0.27323025465011597
4179,666.11247722,1.4449567794799805,0.7642261981964111,0.064961738884449,0.27203238010406494
4180,666.272576811,1.4633140563964844,0.7862468361854553,0.06486399471759796,0.27056747674942017
4181,666.4318371579999,1.4016456604003906,0.7287877798080444,0.06475125253200531,0.2688841223716736
4182,666.5907702979999,1.4269182682037354,0.7588376998901367,0.06462055444717407,0.26697373390197754
4183,666.749063072,1.4911327362060547,0.8283581137657166,0.06447426974773407,0.26485195755958557
4184,666.9085312440001,1.4076164960861206,0.7507098913192749,0.06431403011083603,0.2625053822994232
4185,667.067909363,1.4644935131072998,0.8139915466308594,0.06413674354553223,0.25994423031806946
4186,667.227185909,1.4525346755981445,0.8088129758834839,0.06394392251968384,0.2572329342365265
4187,667.386063408,1.4366211891174316,0.8000125885009766,0.0637383684515953,0.2543884813785553
4188,667.5456247840001,1.453554630279541,0.8244180679321289,0.06351805478334427,0.25140053033828735
4189,667.7052653679999,1.425323247909546,0.8038377165794373,0.0632873997092247,0.24834105372428894
4190,667.8652599569999,1.3277828693389893,0.7138844728469849,0.06306231021881104,0.2453070878982544
4191,668.0234518569999,1.3264284133911133,0.7196514010429382,0.06283897161483765,0.2424594610929489
4192,668.183588348,1.3321949243545532,0.7318243980407715,0.06261525303125381,0.23989775776863098
4193,668.341449853,1.31061851978302,0.715888261795044,0.062405720353126526,0.23764248192310333
4194,668.501544248,1.3321893215179443,0.7427005767822266,0.06220879405736923,0.23554666340351105
4195,668.6600418510001,1.3608829975128174,0.7766122817993164,0.062019214034080505,0.2334601879119873
4196,668.8181360140001,1.2799115180969238,0.7010605931282043,0.06183135136961937,0.23129302263259888
4197,668.9760824000001,1.2383652925491333,0.6636126041412354,0.061667684465646744,0.22965441644191742
4198,669.1351881740001,1.3169195652008057,0.7447531223297119,0.06154599040746689,0.22862038016319275
4199,669.294208362,1.2156363725662231,0.6455700993537903,0.06144694611430168,0.22778072953224182
4200,669.453936195,1.257955551147461,0.689637303352356,0.06136005371809006,0.22708187997341156
4201,669.629550018,1.3654319047927856,0.7987319231033325,0.061279091984033585,0.2264348715543747
4202,669.787872576,1.308287501335144,0.7435457110404968,0.061197005212306976,0.22565193474292755
4203,669.946510886,1.316927433013916,0.7547365427017212,0.06110808625817299,0.2246319204568863
4204,670.106519461,1.4030694961547852,0.8439695239067078,0.06100941821932793,0.22339597344398499
4205,670.26539173,1.3165827989578247,0.7611199617385864,0.06089711934328079,0.22194154560565948
4206,670.424874854,1.302125096321106,0.7509185075759888,0.06077106297016144,0.2202395498752594
4207,670.5850502229999,1.2664391994476318,0.7197420597076416,0.06062813475728035,0.2184363305568695
4208,670.744683565,1.3038793802261353,0.7615799307823181,0.060478609055280685,0.21667784452438354
4209,670.9042324820001,1.3684033155441284,0.8286287784576416,0.06035641208291054,0.21566839516162872
4210,671.063169659,1.272050380706787,0.7330875396728516,0.060279715806245804,0.21534401178359985
4211,671.2213559749999,1.2752622365951538,0.7365837097167969,0.06023557111620903,0.21523046493530273
4212,671.38106497,1.2839810848236084,0.7455814480781555,0.060209859162569046,0.21511897444725037
4213,671.5400366810001,1.3550227880477905,0.8163360953330994,0.060196369886398315,0.21523389220237732
4214,671.699614796,1.272659420967102,0.7332773208618164,0.060200948268175125,0.21551203727722168
4215,671.859601003,1.2684762477874756,0.7283803224563599,0.060210272669792175,0.2157975137233734
4216,672.018067658,1.267688274383545,0.7269811630249023,0.06021931394934654,0.2160419374704361
4217,672.1765959569999,1.2470840215682983,0.7061542272567749,0.06022259220480919,0.21613101661205292
4218,672.3357252330001,1.2815544605255127,0.7403841614723206,0.06022217124700546,0.2162272036075592
4219,672.495814064,1.3669317960739136,0.8255075812339783,0.060224469751119614,0.21632878482341766
4220,672.6550979750001,1.3294681310653687,0.7879514694213867,0.060224782675504684,0.2163657546043396
4221,672.814728748,1.3852062225341797,0.8438969850540161,0.06021348014473915,0.21628284454345703
4222,672.9743979850001,1.3131784200668335,0.7726622819900513,0.06019052863121033,0.21596568822860718
4223,673.133973885,1.2522493600845337,0.71320641040802,0.06015543267130852,0.21537655591964722
4224,673.293232956,1.258829116821289,0.7217919826507568,0.0601084902882576,0.21457438170909882
4225,673.4520723290001,1.2430086135864258,0.7083166241645813,0.060055553913116455,0.213636577129364
4226,673.611156651,1.2057149410247803,0.6734715104103088,0.05999446660280228,0.2126573920249939
4227,673.7707891839999,1.2865304946899414,0.7569229602813721,0.05992870405316353,0.2116033285856247
4228,673.9310614090001,1.322941780090332,0.7963330745697021,0.05985383316874504,0.21040405333042145
4229,674.0920531,1.3238123655319214,0.8005136251449585,0.059770964086055756,0.20908041298389435
4230,674.2524418449999,1.304735541343689,0.7851269245147705,0.05967673659324646,0.20760475099086761
4231,674.410653535,1.2141278982162476,0.6987131237983704,0.059566907584667206,0.20592762529850006
4232,674.569172502,1.2334351539611816,0.7224643230438232,0.059440962970256805,0.20415054261684418
4233,674.728061914,1.2761776447296143,0.7693463563919067,0.059312958270311356,0.2024952471256256
4234,674.887603392,1.317437767982483,0.8146222829818726,0.059183988720178604,0.2008894681930542
4235,675.0468476570001,1.3473438024520874,0.8487579226493835,0.05904660001397133,0.1991981863975525
4236,675.205312465,1.2532895803451538,0.7593019008636475,0.05890154093503952,0.19735945761203766
4237,675.364775575,1.240169882774353,0.7505946159362793,0.058753885328769684,0.19559510052204132
4238,675.523835891,1.226460576057434,0.740520715713501,0.05861582234501839,0.19414149224758148
4239,675.681724942,1.346011757850647,0.8631072044372559,0.05848756060004234,0.19292786717414856
4240,675.840568873,1.2969800233840942,0.8169945478439331,0.058366138488054276,0.19176073372364044
4241,675.9999530030001,1.3003780841827393,0.8235593438148499,0.058243826031684875,0.19049450755119324
4242,676.1594304480001,1.2099149227142334,0.7366964817047119,0.05811602249741554,0.189054936170578
4243,676.318742409,1.211937665939331,0.742333710193634,0.05798974260687828,0.18760959804058075
4244,676.4772881560001,1.189963698387146,0.7237536907196045,0.05786866322159767,0.18625251948833466
4245,676.635649473,1.256049394607544,0.7924512624740601,0.057760339230298996,0.18520817160606384
4246,676.7944474239999,1.1597445011138916,0.6981655359268188,0.05767036974430084,0.18440090119838715
4247,676.954336744,1.2723917961120605,0.8126214742660522,0.05758611857891083,0.1836778074502945
4248,677.114345263,1.1914451122283936,0.7333451509475708,0.05750124529004097,0.18300995230674744
4249,677.274047489,1.2731664180755615,0.8166416883468628,0.05742676556110382,0.18238015472888947
4250,677.4340251140001,1.2453995943069458,0.7906373739242554,0.05735026299953461,0.1816754788160324
4251,677.5942706960001,1.1364054679870605,0.683490514755249,0.05727018415927887,0.18093693256378174
4252,677.753068356,1.2219616174697876,0.7694952487945557,0.05722608417272568,0.18075762689113617
4253,677.911984576,1.1864726543426514,0.7332111597061157,0.05721508711576462,0.18107572197914124
4254,678.0706073539999,1.218824028968811,0.7644001841545105,0.057220812886953354,0.18154066801071167
4255,678.2307171020001,1.2129510641098022,0.757222056388855,0.057230670005083084,0.18206267058849335
4256,678.389419298,1.284306287765503,0.8273500204086304,0.057245515286922455,0.1825534999370575
4257,678.548663251,1.2106544971466064,0.7529023289680481,0.057258158922195435,0.18287184834480286
4258,678.709645713,1.2737321853637695,0.8158725500106812,0.05726020038127899,0.18291477859020233
4259,678.870540473,1.3073415756225586,0.8489845991134644,0.057260096073150635,0.18311373889446259
4260,679.030335152,1.1962344646453857,0.7370387315750122,0.05726650729775429,0.18344919383525848
4261,679.1900233160001,1.2957735061645508,0.8358474373817444,0.05727874115109444,0.18374131619930267
4262,679.3493449700001,1.2613215446472168,0.8008270263671875,0.05728769674897194,0.1839686930179596
4263,679.507542981,1.2557731866836548,0.7950962781906128,0.05729229375720024,0.1840415894985199
4264,679.667823503,1.2228424549102783,0.7625081539154053,0.05728939548134804,0.18390455842018127
4265,679.8281221179999,1.1934762001037598,0.7335165739059448,0.05728953331708908,0.18375471234321594
4266,679.9879823489999,1.2031357288360596,0.7433805465698242,0.05728164315223694,0.1836729347705841
4267,680.14754875,1.2675695419311523,0.8082008957862854,0.05727052316069603,0.1835183948278427
4268,680.3083940739999,1.2288360595703125,0.7699496746063232,0.0572672039270401,0.18332545459270477
4269,680.4671914879999,1.0652520656585693,0.606930136680603,0.057257913053035736,0.18309976160526276
4270,680.6265391129999,1.1780195236206055,0.7196400165557861,0.057262539863586426,0.18312276899814606
4271,680.7855135379999,1.3217639923095703,0.8628641366958618,0.057268042117357254,0.18333084881305695
4272,680.9444123950001,1.2962985038757324,0.8371440768241882,0.057266056537628174,0.1834326982498169
4273,681.1040661620001,1.2139843702316284,0.7547531127929688,0.05725901573896408,0.1834634691476822
4274,681.2636765149999,1.2437608242034912,0.7845885157585144,0.057248737663030624,0.1834399402141571
4275,681.423043248,1.2009105682373047,0.7408534288406372,0.0572521947324276,0.18379385769367218
4276,681.5829615870001,1.2057865858078003,0.7440208792686462,0.05726654455065727,0.18447722494602203
4277,681.7430746609999,1.2816312313079834,0.8180664777755737,0.05729398876428604,0.18519674241542816
4278,681.902505676,1.26640784740448,0.8013730645179749,0.057316895574331284,0.18578463792800903
4279,682.0614755790001,1.1773812770843506,0.711288571357727,0.05733288452029228,0.18620774149894714
4280,682.2205609670001,1.2316608428955078,0.7623310089111328,0.05738692730665207,0.18750238418579102
4281,682.38025747,1.2381778955459595,0.7635353803634644,0.05749291926622391,0.1896270364522934
4282,682.5393950829999,1.1874901056289673,0.706750750541687,0.05762729421257973,0.1920652538537979
4283,682.6993078920001,1.181042194366455,0.6939465403556824,0.05777151882648468,0.1946071982383728
4284,682.8587161239999,1.3282508850097656,0.8348374366760254,0.05792808532714844,0.19713369011878967
4285,683.017800744,1.2698885202407837,0.7707356214523315,0.05808398500084877,0.19942881166934967
4286,683.177112561,1.3231379985809326,0.8188292980194092,0.05823143571615219,0.20149053633213043
4287,683.336204054,1.1618146896362305,0.6531438827514648,0.058363012969493866,0.20323486626148224
4288,683.4946827800001,1.1284208297729492,0.6135470867156982,0.0585172176361084,0.20571541786193848
4289,683.6552039889999,1.2752628326416016,0.749139666557312,0.05876658484339714,0.21021424233913422
4290,683.8138660230001,1.287522792816162,0.7469616532325745,0.059099115431308746,0.21598803997039795
4291,683.9733193339999,1.3166108131408691,0.7613891363143921,0.05948253348469734,0.22185072302818298
4292,684.13237683,1.3526134490966797,0.7839211225509644,0.05987498164176941,0.22723741829395294
4293,684.291534417,1.2928166389465332,0.7125548124313354,0.06023840233683586,0.23186379671096802
4294,684.4503705440001,1.4405097961425781,0.8508098125457764,0.060566432774066925,0.23563775420188904
4295,684.608747805,1.364316701889038,0.7673548460006714,0.06085004284977913,0.23854131996631622
4296,684.7677705469999,1.3885595798492432,0.7861677408218384,0.06109346076846123,0.24071238934993744
4297,684.927537678,1.390099287033081,0.7837125658988953,0.06129711866378784,0.24230946600437164
4298,685.0871881950001,1.3198113441467285,0.7108210325241089,0.06146184727549553,0.24335028231143951
4299,685.2462955320001,1.4310187101364136,0.820032000541687,0.06159678101539612,0.24414831399917603
4300,685.4055843,1.415556788444519,0.8029481172561646,0.061705149710178375,0.24479664862155914
4301,685.5809275339999,1.26026451587677,0.6468266248703003,0.06178770959377289,0.24512800574302673
4302,685.740896891,1.2528653144836426,0.6394232511520386,0.06184305623173714,0.24512945115566254
4303,685.89876285,1.3863089084625244,0.7727498412132263,0.0619000643491745,0.2451760321855545
4304,686.0588576680001,1.3593385219573975,0.745459794998169,0.06195922940969467,0.24530364573001862
4305,686.219129123,1.3419911861419678,0.7274525165557861,0.06201887130737305,0.2455674111843109
4306,686.378679474,1.3190133571624756,0.7029874324798584,0.062106262892484665,0.24616192281246185
4307,686.536548101,1.4211841821670532,0.8033232092857361,0.06219432130455971,0.24689562618732452
4308,686.694466459,1.4384469985961914,0.8192876577377319,0.062262341380119324,0.24741466343402863
4309,686.8536899909999,1.4441039562225342,0.8243146538734436,0.062302619218826294,0.24766652286052704
4310,687.013146803,1.3588907718658447,0.7392244338989258,0.06232628598809242,0.2476171851158142
4311,687.172727391,1.3147037029266357,0.6960060596466064,0.06232559308409691,0.24722976982593536
4312,687.333141938,1.3571338653564453,0.7384161949157715,0.06234253570437431,0.2472376972436905
4313,687.491672813,1.3304214477539062,0.7102876901626587,0.062386125326156616,0.24780398607254028
4314,687.6501272239999,1.2287795543670654,0.606922447681427,0.062441956251859665,0.24849310517311096
4315,687.8083558750001,1.2755991220474243,0.6511503458023071,0.06253282725811005,0.2495293915271759
4316,687.968138821,1.3060345649719238,0.677790641784668,0.06265584379434586,0.25104692578315735
4317,688.1274503210001,1.363081455230713,0.7304949164390564,0.06279812008142471,0.2527833878993988
4318,688.287462639,1.3677515983581543,0.7310591340065002,0.06294083595275879,0.25442519783973694
4319,688.447610003,1.3684110641479492,0.7284427881240845,0.06306716054677963,0.2557350695133209
4320,688.606359965,1.3589082956314087,0.7168818712234497,0.06316313147544861,0.2565579116344452
4321,688.7651845449999,1.4097894430160522,0.7669485807418823,0.0632268637418747,0.256883442401886
4322,688.924434146,1.3205358982086182,0.6774707436561584,0.06327362358570099,0.2569729685783386
4323,689.083694782,1.4425134658813477,0.7992889881134033,0.06332109123468399,0.2570365071296692
4324,689.2428022350001,1.418257474899292,0.7751033902168274,0.06336177885532379,0.25700822472572327
4325,689.402628963,1.4306895732879639,0.7880969047546387,0.06339012831449509,0.25678354501724243
4326,689.5621203879999,1.4402153491973877,0.7984326481819153,0.06341057270765305,0.25645944476127625
4327,689.722081449,1.3394761085510254,0.6987786293029785,0.06341660767793655,0.2560253441333771
4328,689.881287022,1.4351799488067627,0.7956872582435608,0.0634075477719307,0.25554341077804565
4329,690.039548034,1.4072273969650269,0.7689514756202698,0.06338845193386078,0.25505679845809937
4330,690.198249362,1.4736824035644531,0.8369446396827698,0.06336317956447601,0.25444161891937256
4331,690.357423881,1.352334976196289,0.7176957130432129,0.06332805752754211,0.25360241532325745
4332,690.5180573819999,1.4132311344146729,0.7811671495437622,0.06327877193689346,0.25257250666618347
4333,690.6779618500001,1.4457755088806152,0.8167022466659546,0.06321678310632706,0.2513764500617981
4334,690.8378837229999,1.458704948425293,0.8330878019332886,0.0631411001086235,0.24999429285526276
4335,690.9975395370001,1.4042364358901978,0.7826563715934753,0.06305032968521118,0.24837982654571533
4336,691.1572927430001,1.4215424060821533,0.8046663999557495,0.06294219195842743,0.24649861454963684
4337,691.31678548,1.3330074548721313,0.7215463519096375,0.06281037628650665,0.2443331927061081
4338,691.4760555879999,1.311833143234253,0.706057071685791,0.06266281753778458,0.24205981194972992
4339,691.6353522129999,1.3576905727386475,0.7563899755477905,0.06253739446401596,0.24027010798454285
4340,691.7956586460001,1.3326410055160522,0.734731912612915,0.06243300065398216,0.238913893699646
4341,691.9550634410001,1.3782424926757812,0.7834526896476746,0.06233147531747818,0.23766663670539856
4342,692.1148166639999,1.4012651443481445,0.8096158504486084,0.06223142147064209,0.23641075193881989
4343,692.2753031599999,1.3560292720794678,0.7677560448646545,0.062131915241479874,0.23506078124046326
4344,692.4349715080001,1.3129830360412598,0.7283627390861511,0.062031857669353485,0.23360002040863037
4345,692.593964023,1.3100547790527344,0.7293814420700073,0.061918120831251144,0.23202167451381683
4346,692.753029184,1.355065107345581,0.7761934995651245,0.06184512376785278,0.23130129277706146
4347,692.9131142949999,1.392444133758545,0.8130453824996948,0.06181711331009865,0.23151226341724396
4348,693.072668547,1.3620566129684448,0.7811574935913086,0.06182566657662392,0.2321123331785202
4349,693.231856536,1.3558331727981567,0.7731102705001831,0.06185394898056984,0.23284175992012024
4350,693.3908441990001,1.4019354581832886,0.8171439170837402,0.06188948079943657,0.23366907238960266
4351,693.5504352009999,1.3703330755233765,0.7824182510375977,0.06195073574781418,0.23491811752319336
4352,693.709846588,1.3737090826034546,0.7820472717285156,0.06204508617520332,0.23641656339168549
4353,693.869136767,1.4191546440124512,0.8242188692092896,0.062138937413692474,0.23772574961185455
4354,694.028060084,1.3731420040130615,0.7759115099906921,0.06221507489681244,0.2386433482170105
4355,694.1883277390001,1.4163973331451416,0.8179547786712646,0.06227293610572815,0.23912794888019562
4356,694.347598055,1.312744379043579,0.714189350605011,0.06230674311518669,0.2391727715730667
4357,694.507231698,1.4718594551086426,0.8743202090263367,0.06231033056974411,0.23876643180847168
4358,694.666958847,1.3939355611801147,0.7984821796417236,0.06228431686758995,0.2379322052001953
4359,694.8266043719999,1.2684619426727295,0.6761136054992676,0.06223077327013016,0.23669037222862244
4360,694.985711355,1.3448081016540527,0.7544960975646973,0.062183499336242676,0.23587603867053986
4361,695.14447054,1.3688030242919922,0.7768909335136414,0.06219661235809326,0.2365160584449768
4362,695.3038895169999,1.3392906188964844,0.7429649233818054,0.06227632984519005,0.23828116059303284
4363,695.463931852,1.4364087581634521,0.8345628976821899,0.06239094212651253,0.24048878252506256
4364,695.623700492,1.310875415802002,0.703400731086731,0.06252674758434296,0.2427397519350052
4365,695.7832811039999,1.3651716709136963,0.7526015043258667,0.06265675276517868,0.24477742612361908
4366,695.944087337,1.2969868183135986,0.680199146270752,0.06278154999017715,0.24646393954753876
4367,696.104566649,1.256108045578003,0.6354758143424988,0.06289544701576233,0.2480013221502304
4368,696.264656937,1.3790366649627686,0.754652738571167,0.06300320476293564,0.2495015561580658
4369,696.4237484649999,1.3611729145050049,0.7336136102676392,0.0630965307354927,0.25077134370803833
4370,696.5821276949999,1.4499609470367432,0.8193284869194031,0.06318815052509308,0.25200024247169495
4371,696.74214062,1.4222040176391602,0.7887569665908813,0.06326975673437119,0.25312575697898865
4372,696.900795635,1.345993995666504,0.7102402448654175,0.06334953010082245,0.25404810905456543
4373,697.0598261419999,1.3261421918869019,0.6887182593345642,0.06341199576854706,0.2547159194946289
4374,697.220558504,1.4462246894836426,0.807427167892456,0.06347057223320007,0.25526514649391174
4375,697.3801943689999,1.374415397644043,0.7346915006637573,0.06351730972528458,0.25563547015190125
4376,697.5385452869999,1.422029972076416,0.7822280526161194,0.06354086101055145,0.2556666433811188
4377,697.6968184880001,1.4159390926361084,0.7770382165908813,0.06353473663330078,0.2553062438964844
4378,697.8575956599999,1.4121453762054443,0.7751622200012207,0.0635041743516922,0.25453922152519226
4379,698.016543027,1.4030094146728516,0.768897533416748,0.06345031410455704,0.25339093804359436
4380,698.1765285800001,1.5155006647109985,0.8849175572395325,0.06337840110063553,0.2519797384738922
4381,698.335480089,1.3307592868804932,0.7043325901031494,0.0632835403084755,0.2503175139427185
4382,698.4943843079999,1.389113187789917,0.7660648226737976,0.06319209933280945,0.2489665448665619
4383,698.6537839429999,1.4181021451950073,0.7974586486816406,0.06312233209609985,0.24800491333007812
4384,698.8128086739999,1.4120815992355347,0.7936326265335083,0.06306654959917068,0.24712730944156647
4385,698.972473707,1.3859219551086426,0.7698901295661926,0.06300706416368484,0.24616070091724396
4386,699.1322537059999,1.4434095621109009,0.8302215337753296,0.06293220072984695,0.24502348899841309
4387,699.291599305,1.3547933101654053,0.7449229955673218,0.06283853203058243,0.24369677901268005
4388,699.4508788290001,1.3869707584381104,0.7809795141220093,0.06272973120212555,0.2421456128358841
4389,699.6092254280001,1.2969012260437012,0.6945452094078064,0.06262093037366867,0.2406919002532959
4390,699.768029082,1.324181318283081,0.7251790165901184,0.06250914186239243,0.23935087025165558
4391,699.927449856,1.3599212169647217,0.7629843354225159,0.06240085884928703,0.2385251373052597
4392,700.0868300819999,1.3001724481582642,0.7040621042251587,0.0623219832777977,0.23819485306739807
4393,700.2458101840001,1.3942424058914185,0.7983956336975098,0.062267448753118515,0.2380896359682083
4394,700.405070404,1.3042765855789185,0.7085856199264526,0.06222805380821228,0.23802748322486877
4395,700.564460034,1.4224834442138672,0.8272862434387207,0.0621890127658844,0.23783013224601746
4396,700.723435536,1.2970954179763794,0.7029930949211121,0.062138259410858154,0.2373923808336258
4397,700.881313727,1.2646256685256958,0.6722038984298706,0.06207822635769844,0.23672039806842804
4398,701.0403434809999,1.3979140520095825,0.8066946268081665,0.0620243139564991,0.23623967170715332
4399,701.199778646,1.4504749774932861,0.860049843788147,0.06198790296912193,0.23592209815979004
4400,701.359645035,1.4065272808074951,0.8171449303627014,0.061947815120220184,0.23550517857074738
4401,701.536384531,1.3166186809539795,0.7288793325424194,0.06189795956015587,0.23484811186790466
4402,701.6967570769999,1.3597487211227417,0.7742061018943787,0.061837904155254364,0.23396968841552734
4403,701.855447887,1.34455144405365,0.761573076248169,0.06176186352968216,0.2329442948102951
4404,702.016025562,1.2826266288757324,0.702678382396698,0.06167569383978844,0.23173263669013977
4405,702.1748904140001,1.362345576286316,0.7828828692436218,0.06163891777396202,0.2315385341644287
4406,702.335390161,1.3015589714050293,0.7182223796844482,0.061709966510534286,0.23308779299259186
4407,702.495427839,1.4282844066619873,0.8382929563522339,0.06185786798596382,0.23574915528297424
4408,702.6554739290001,1.390880823135376,0.7934554219245911,0.062039609998464584,0.23872196674346924
4409,702.816257028,1.325765609741211,0.721448540687561,0.06223171949386597,0.24147789180278778
4410,702.974966242,1.3680965900421143,0.7575416564941406,0.06241793930530548,0.24397233128547668
4411,703.133737514,1.3634815216064453,0.747498095035553,0.0625847801566124,0.24614305794239044
4412,703.292979357,1.414438009262085,0.7941933870315552,0.06273123621940613,0.24784693121910095
4413,703.4516146699999,1.32362699508667,0.7003615498542786,0.06285446882247925,0.24905477464199066
4414,703.6117948340001,1.4386993646621704,0.8135960698127747,0.06294968724250793,0.2497895210981369
4415,703.7722687040001,1.337416410446167,0.7117149829864502,0.06301137804985046,0.25002849102020264
4416,703.930779618,1.4147940874099731,0.7897051572799683,0.0630405843257904,0.24978341162204742
4417,704.089926603,1.371840238571167,0.7483490705490112,0.06304054707288742,0.2491443008184433
4418,704.2484644780001,1.363936424255371,0.7427712678909302,0.06302208453416824,0.2482140064239502
4419,704.407986432,1.3540441989898682,0.7359820604324341,0.0629788339138031,0.246972918510437
4420,704.567908763,1.3918527364730835,0.7766847014427185,0.0629330575466156,0.24581550061702728
4421,704.728431458,1.3687524795532227,0.7559207677841187,0.06288580596446991,0.24488113820552826
4422,704.889330893,1.3669192790985107,0.7557697296142578,0.0628523901104927,0.24420839548110962
4423,705.0491849050001,1.4546993970870972,0.8448463678359985,0.06283223628997803,0.2436898648738861
4424,705.2086818930001,1.437131404876709,0.8287554383277893,0.06280717253684998,0.2430991530418396
4425,705.3680633570001,1.2989013195037842,0.6912425756454468,0.06279318034648895,0.2428123503923416
4426,705.5265549439999,1.2265515327453613,0.6180784106254578,0.06279882788658142,0.24313801527023315
4427,705.686598876,1.3684728145599365,0.7582657337188721,0.06281861662864685,0.24383153021335602
4428,705.845704087,1.3307820558547974,0.7188276052474976,0.06284436583518982,0.24453037977218628
4429,706.00509484,1.472571611404419,0.8589586019515991,0.06288440525531769,0.2451936900615692
4430,706.1648648859999,1.3946328163146973,0.7797355055809021,0.06292255967855453,0.24570722877979279
4431,706.323482038,1.3807305097579956,0.7653456926345825,0.06294044107198715,0.2459021657705307
4432,706.4823400839999,1.3865848779678345,0.7716935873031616,0.06293225288391113,0.2457047998905182
4433,706.641127646,1.2332100868225098,0.619172215461731,0.0629047155380249,0.2453635334968567
4434,706.8001868099999,1.4695062637329102,0.8560221195220947,0.06288420408964157,0.2451421320438385
4435,706.959995451,1.3610374927520752,0.7481077313423157,0.0628640204668045,0.24492043256759644
4436,707.1199153260001,1.3275245428085327,0.7154292464256287,0.06284359097480774,0.2445867508649826
4437,707.2784094540001,1.3367825746536255,0.7259923219680786,0.06281054764986038,0.24406486749649048
4438,707.437194209,1.4555926322937012,0.8463144302368164,0.06277170032262802,0.24346020817756653
4439,707.595604024,1.3640186786651611,0.7564715147018433,0.06272514164447784,0.24276794493198395
4440,707.754572663,1.3507423400878906,0.7451926469802856,0.0626666322350502,0.24196918308734894
4441,707.9135273640001,1.3936954736709595,0.7901531457901001,0.06259650737047195,0.24116654694080353
4442,708.07325807,1.3293955326080322,0.7280423045158386,0.06252571195363998,0.24029122292995453
4443,708.232857821,1.462122917175293,0.8634060621261597,0.062447596341371536,0.23923693597316742
4444,708.3925396559999,1.3064968585968018,0.711003303527832,0.06235729902982712,0.2379480004310608
4445,708.5510095010001,1.3801560401916504,0.7882386445999146,0.06225491687655449,0.23651796579360962
4446,708.7091313740001,1.2499905824661255,0.6619123816490173,0.06214508041739464,0.2349827140569687
4447,708.8689984859999,1.3219636678695679,0.7376086711883545,0.062030207365751266,0.2334938794374466
4448,709.0278493960001,1.3447120189666748,0.7638425827026367,0.06191610172390938,0.23210011422634125
4449,709.1878344390001,1.3965063095092773,0.819246768951416,0.061801813542842865,0.23065656423568726
4450,709.3469882200001,1.2971869707107544,0.7238290309906006,0.06168099492788315,0.22909647226333618
4451,709.5064830529999,1.2734909057617188,0.7035087943077087,0.061566486954689026,0.22774657607078552
4452,709.6659186359999,1.2109466791152954,0.6435315608978271,0.06147162243723869,0.2267201691865921
4453,709.8245962029999,1.4027985334396362,0.8374356031417847,0.06138347089290619,0.22589965164661407
4454,709.984018752,1.2537788152694702,0.6903644800186157,0.06130409240722656,0.22512051463127136
4455,710.1430670999999,1.3052971363067627,0.743622899055481,0.061227429658174515,0.2244248241186142
4456,710.302595576,1.3190467357635498,0.7590191960334778,0.06115807965397835,0.22376635670661926
4457,710.4621509560001,1.304964542388916,0.7469257116317749,0.06108871474862099,0.22297115623950958
4458,710.622324627,1.353265404701233,0.7977215051651001,0.061010684818029404,0.22197352349758148
4459,710.7796890620001,1.2214350700378418,0.6688710451126099,0.06092068925499916,0.22078193724155426
4460,710.9387329509999,1.2642786502838135,0.7150680422782898,0.06081547960639,0.2194410115480423
4461,711.0976823950001,1.3416788578033447,0.7960194945335388,0.06070438399910927,0.21802088618278503
4462,711.257718552,1.3161871433258057,0.7743264436721802,0.06058396026492119,0.21650195121765137
4463,711.416976678,1.2476613521575928,0.7099032402038574,0.060452379286289215,0.2148614525794983
4464,711.5760503289999,1.3533276319503784,0.8198671936988831,0.060312118381261826,0.21314291656017303
4465,711.7361716050001,1.258725643157959,0.7298343181610107,0.06016763299703598,0.21131588518619537
4466,711.8941158030001,1.3642489910125732,0.8400088548660278,0.06001733988523483,0.20945601165294647
4467,712.054949538,1.2501671314239502,0.7306874394416809,0.05986334756016731,0.2075524628162384
4468,712.2140379450001,1.3583298921585083,0.8434769511222839,0.05972177907824516,0.2057022899389267
4469,712.373827259,1.2795507907867432,0.7692304849624634,0.05958176031708717,0.20388981699943542
4470,712.53345065,1.2560837268829346,0.7499686479568481,0.05945049226284027,0.20220820605754852
4471,712.693242083,1.2879877090454102,0.7856106758117676,0.05932563543319702,0.20071348547935486
4472,712.852998534,1.266186237335205,0.766954779624939,0.059211406856775284,0.19945575296878815
4473,713.011711323,1.2331573963165283,0.73659348487854,0.05910111963748932,0.1983891725540161
4474,713.1704363319999,1.165817141532898,0.6715982556343079,0.05900099501013756,0.19745153188705444
4475,713.330644498,1.2004640102386475,0.7074873447418213,0.05892278254032135,0.19695498049259186
4476,713.4902050530001,1.2535744905471802,0.7576607465744019,0.05892486125230789,0.198129802942276
4477,713.6504154109999,1.3099439144134521,0.8066225051879883,0.05902408808469772,0.2010924518108368
4478,713.8103052800001,1.2541475296020508,0.7414782643318176,0.059193987399339676,0.20483095943927765
4479,713.9697656980001,1.3151137828826904,0.7931055426597595,0.05939646437764168,0.20856571197509766
4480,714.1287395979999,1.190106987953186,0.659637451171875,0.05960456281900406,0.2119493931531906
4481,714.2870765880001,1.3033392429351807,0.7647724747657776,0.05982264131307602,0.21518740057945251
4482,714.446761331,1.3434910774230957,0.7972451448440552,0.0600360743701458,0.21825824677944183
4483,714.6059465740001,1.3258984088897705,0.773019552230835,0.06023319438099861,0.22091059386730194
4484,714.764882287,1.303337812423706,0.7450131177902222,0.06041302904486656,0.22308823466300964
4485,714.924952529,1.3174316883087158,0.754939079284668,0.06056550145149231,0.22475479543209076
4486,715.0861700730001,1.1798977851867676,0.6131837368011475,0.060721736401319504,0.22644270956516266
4487,715.245970394,1.3713405132293701,0.798338770866394,0.06091349199414253,0.22895704209804535
4488,715.4058636640001,1.320737361907959,0.7401476502418518,0.061140596866607666,0.23199135065078735
4489,715.565435543,1.3772368431091309,0.7892788648605347,0.061384186148643494,0.2349376082420349
4490,715.7260029790001,1.2936091423034668,0.6993402242660522,0.06160559877753258,0.2374611645936966
4491,715.886224401,1.354504108428955,0.755158007144928,0.06180066615343094,0.23949125409126282
4492,716.0451701589999,1.386885404586792,0.7834992408752441,0.06196969747543335,0.24110659956932068
4493,716.20610166,1.4172215461730957,0.8105424642562866,0.06211782246828079,0.2424231618642807
4494,716.367082809,1.3313920497894287,0.7222673296928406,0.06223849952220917,0.2434009164571762
4495,716.525730965,1.4056330919265747,0.794201135635376,0.06235455721616745,0.24432337284088135
4496,716.685346995,1.3503714799880981,0.7366994619369507,0.06246286258101463,0.24521894752979279
4497,716.8439024759999,1.3249939680099487,0.7096845507621765,0.0625530555844307,0.2458735555410385
4498,717.002406537,1.4934191703796387,0.8771491646766663,0.06262332201004028,0.24625754356384277
4499,717.1609378469999,1.3822367191314697,0.7658132910728455,0.06267044693231583,0.24631868302822113
4500,717.321683885,1.407421350479126,0.791768491268158,0.06269310414791107,0.24601036310195923
4501,717.504892607,1.4749889373779297,0.8610420227050781,0.06268752366304398,0.24532800912857056
4502,717.6644361340001,1.2617149353027344,0.6503967046737671,0.06265340000391006,0.24427670240402222
4503,717.8236109410001,1.3541182279586792,0.745768129825592,0.06259950995445251,0.24308964610099792
4504,717.9831275099999,1.4414987564086914,0.8357977867126465,0.06253834068775177,0.24203026294708252
4505,718.143512644,1.3912498950958252,0.7880067825317383,0.06247760355472565,0.24104736745357513
4506,718.3042781539999,1.3886728286743164,0.7880687713623047,0.062412746250629425,0.2399919629096985
4507,718.464026062,1.3354029655456543,0.7377158403396606,0.06233461946249008,0.23882554471492767
4508,718.6229226500001,1.433764934539795,0.8394285440444946,0.06224929168820381,0.23748552799224854
4509,718.7821681290001,1.3493400812149048,0.7589189410209656,0.06215105578303337,0.23591986298561096
4510,718.94214512,1.420423150062561,0.8330899477005005,0.06206555292010307,0.234685018658638
4511,719.10221264,1.3251268863677979,0.739881694316864,0.06200091168284416,0.23385009169578552
4512,719.2619596799999,1.369436502456665,0.7861502170562744,0.06193936616182327,0.23306675255298615
4513,719.4218329250001,1.3194013833999634,0.7376430034637451,0.061892397701740265,0.232455775141716
4514,719.581540924,1.3584952354431152,0.7779755592346191,0.061853088438510895,0.2319604754447937
4515,719.741801342,1.316206693649292,0.7370766997337341,0.061813440173864365,0.23140476644039154
4516,719.901586783,1.2905402183532715,0.713195264339447,0.06176665052771568,0.23069092631340027
4517,720.0611752860001,1.3067841529846191,0.7311888337135315,0.061724644154310226,0.22999124228954315
4518,720.2198587669999,1.31246018409729,0.7373570203781128,0.061700258404016495,0.2297944575548172
4519,720.379303947,1.4109375476837158,0.8353397846221924,0.061689265072345734,0.2299923300743103
4520,720.539039531,1.2024791240692139,0.6263837814331055,0.061683911830186844,0.23019137978553772
4521,720.698518023,1.3369622230529785,0.7574663162231445,0.061740465462207794,0.231551393866539
4522,720.857697817,1.2340812683105469,0.6486212015151978,0.06185661256313324,0.233936607837677
4523,721.0177863069999,1.3696117401123047,0.7777219414710999,0.06201305612921715,0.2365078628063202
4524,721.177516047,1.3080525398254395,0.7102128267288208,0.062182407826185226,0.23888714611530304
4525,721.336881114,1.435860514640808,0.8330466747283936,0.0623442716896534,0.24087615311145782
4526,721.495420025,1.4014753103256226,0.7947884798049927,0.06249202787876129,0.24242477118968964
4527,721.6565214389999,1.3829188346862793,0.7734105587005615,0.0626111701130867,0.24355286359786987
4528,721.816044647,1.4349285364151,0.8237844705581665,0.06270274519920349,0.24420680105686188
4529,721.975075015,1.2655794620513916,0.6539636850357056,0.06276416033506393,0.24439528584480286
4530,722.13516874,1.3836145401000977,0.7714799642562866,0.06282755732536316,0.2446024864912033
4531,722.294959491,1.3758281469345093,0.7627913951873779,0.06288979202508926,0.244963139295578
4532,722.454332868,1.3594402074813843,0.7457810640335083,0.06293419748544693,0.2452119141817093
4533,722.613349912,1.2912921905517578,0.6775323152542114,0.06296371668577194,0.24525205790996552
4534,722.7727709039999,1.4849436283111572,0.87134850025177,0.06298519670963287,0.24518613517284393
4535,722.932929855,1.3623857498168945,0.7494192123413086,0.06299301236867905,0.24493463337421417
4536,723.09233802,1.4465365409851074,0.8335273861885071,0.06299728155136108,0.24495168030261993
4537,723.2516733199999,1.365619421005249,0.751908004283905,0.06301742792129517,0.2452324628829956
4538,723.4118407550001,1.4201452732086182,0.8057500123977661,0.06303159892559052,0.24550598859786987
4539,723.572026965,1.4154963493347168,0.8007419109344482,0.06304648518562317,0.24564959108829498
4540,723.731899649,1.3429882526397705,0.7285559773445129,0.06305266916751862,0.2455207109451294
4541,723.8907373379999,1.3745267391204834,0.7611325979232788,0.06304720789194107,0.24510543048381805
4542,724.048909687,1.4041717052459717,0.7925319075584412,0.06302280724048615,0.2444038689136505
4543,724.209027025,1.3176262378692627,0.7081859111785889,0.06298346072435379,0.2435241937637329
4544,724.3678725149999,1.3737783432006836,0.7664254903793335,0.06294039636850357,0.2426893562078476
4545,724.5277367929999,1.3238942623138428,0.7186889052391052,0.06288959830999374,0.24183058738708496
4546,724.6882171149999,1.2751076221466064,0.6722705364227295,0.06283161044120789,0.2408834993839264
4547,724.849125754,1.3743304014205933,0.7736831903457642,0.06276439130306244,0.24000783264636993
4548,725.0075554010001,1.3156774044036865,0.7171359658241272,0.06269171088933945,0.23916584253311157
4549,725.166890227,1.3359436988830566,0.739717960357666,0.0626111850142479,0.2382398545742035
4550,725.325297605,1.4027163982391357,0.8091522455215454,0.06252135336399078,0.2371755838394165
4551,725.485439081,1.3510098457336426,0.7606514692306519,0.06241879239678383,0.23589371144771576
4552,725.6442229139999,1.3528432846069336,0.7663137912750244,0.0623006634414196,0.2343626171350479
4553,725.80518365,1.4581828117370605,0.8761138319969177,0.062164437025785446,0.23257896304130554
4554,725.9650677579999,1.3430781364440918,0.7661021947860718,0.062011636793613434,0.23054230213165283
4555,726.1259168509999,1.3682243824005127,0.796961784362793,0.06184413284063339,0.2282576858997345
4556,726.2856644760001,1.3382608890533447,0.772180438041687,0.061682045459747314,0.22618542611598969
4557,726.445479928,1.3668992519378662,0.8048737049102783,0.06153716519474983,0.2245640605688095
4558,726.6050588060001,1.2730748653411865,0.7144170999526978,0.06140122935175896,0.22321750223636627
4559,726.764110531,1.3734638690948486,0.8174049854278564,0.061280034482479095,0.22217842936515808
4560,726.922586729,1.3130769729614258,0.7590427994728088,0.06117299571633339,0.2213689535856247
4561,727.0817124280001,1.3485238552093506,0.7966090440750122,0.06107008084654808,0.22052167356014252
4562,727.2413680410001,1.2547191381454468,0.7053676843643188,0.060959070920944214,0.21949675679206848
4563,727.40130685,1.3862602710723877,0.8398598432540894,0.0608501061797142,0.21831676363945007
4564,727.5620862750001,1.2619558572769165,0.7189123630523682,0.06073424965143204,0.21697445213794708
4565,727.721052747,1.2866302728652954,0.7474353313446045,0.06060919538140297,0.21543551981449127
4566,727.880266086,1.3566502332687378,0.8217483162879944,0.06047200411558151,0.21371886134147644
4567,728.0390559819999,1.3169736862182617,0.7868010401725769,0.060324158519506454,0.21182778477668762
4568,728.198532987,1.3671977519989014,0.842207133769989,0.06016736105084419,0.20975558459758759
4569,728.3587190100001,1.2492384910583496,0.729865312576294,0.059999458491802216,0.20750926434993744
4570,728.518163135,1.3169705867767334,0.8025746941566467,0.05983743444085121,0.20551903545856476
4571,728.6786561959999,1.2383742332458496,0.726453423500061,0.05972939729690552,0.20452938973903656
4572,728.8395167360001,1.2508004903793335,0.7365339398384094,0.05972610041499138,0.20546771585941315
4573,728.9993490779999,1.2646214962005615,0.7436104416847229,0.05980367958545685,0.208165243268013
4574,729.1589886800001,1.2802906036376953,0.7501358985900879,0.05995827913284302,0.21182209253311157
4575,729.318551295,1.300851821899414,0.7610277533531189,0.06016330048441887,0.21568898856639862
4576,729.4784111299999,1.3846592903137207,0.8354834318161011,0.06039737910032272,0.21942876279354095
4577,729.636972526,1.3062900304794312,0.7487550973892212,0.060619257390499115,0.22277149558067322
4578,729.797483553,1.3148146867752075,0.7503460645675659,0.060820434242486954,0.22554416954517365
4579,729.9580965839999,1.379026174545288,0.8088803291320801,0.06099598482251167,0.22781434655189514
4580,730.1176486539999,1.2170944213867188,0.642474889755249,0.06114846467971802,0.22960318624973297
4581,730.277526103,1.4314348697662354,0.8528110980987549,0.06128401309251785,0.23120436072349548
4582,730.437480596,1.3374958038330078,0.7551186680793762,0.061411239206790924,0.2327052354812622
4583,730.598271987,1.363651990890503,0.7783863544464111,0.06151990592479706,0.23386020958423615
4584,730.7579805229999,1.2587969303131104,0.6717216968536377,0.0615997239947319,0.23458370566368103
4585,730.9173912319999,1.4169189929962158,0.8289511203765869,0.061659228056669235,0.23494049906730652
4586,731.076533559,1.4027090072631836,0.8147692680358887,0.061692237854003906,0.2349291294813156
4587,731.23589665,1.2644697427749634,0.6775572896003723,0.061697568744421005,0.23451820015907288
4588,731.3960068729999,1.2888751029968262,0.7031283378601074,0.06169348955154419,0.234051913022995
4589,731.554614233,1.306234359741211,0.7214034199714661,0.061677414923906326,0.2336856722831726
4590,731.7145574350001,1.3138015270233154,0.729945719242096,0.061657000333070755,0.23329567909240723
4591,731.874703265,1.419846534729004,0.8369683027267456,0.06163474917411804,0.23290477693080902
4592,732.035097089,1.3852026462554932,0.8035350441932678,0.06160518527030945,0.23242059350013733
4593,732.194039744,1.3112083673477173,0.7312816381454468,0.06156088039278984,0.23172444105148315
4594,732.3521232490001,1.3685307502746582,0.791014552116394,0.06149498000741005,0.23076047003269196
4595,732.511080201,1.3464813232421875,0.7719831466674805,0.061410460621118546,0.22955361008644104
4596,732.6710227059999,1.2934303283691406,0.7225314378738403,0.0613134540617466,0.2281142920255661
4597,732.8307813529999,1.3569958209991455,0.790258526802063,0.06120232865214348,0.226450115442276
4598,732.990825838,1.3230607509613037,0.7610369920730591,0.06107508763670921,0.22456522285938263
4599,733.149935328,1.2568305730819702,0.7000378966331482,0.060932740569114685,0.22247332334518433
4600,733.3091798229999,1.3544907569885254,0.8030790090560913,0.060779694467782974,0.22032159566879272
4601,733.4841687459999,1.3919682502746582,0.8460367918014526,0.06061846762895584,0.21813014149665833
4602,733.6445792650001,1.3204610347747803,0.7801874876022339,0.06045122817158699,0.21586763858795166
4603,733.8046374219999,1.2860887050628662,0.7517110109329224,0.06027805060148239,0.21350997686386108
4604,733.96391699,1.2528960704803467,0.7245619297027588,0.0601055733859539,0.2110932320356369
4605,734.123001976,1.3399739265441895,0.8168610334396362,0.05994165316224098,0.20900535583496094
4606,734.2838533180001,1.3111763000488281,0.7924683690071106,0.05979078263044357,0.20724400877952576
4607,734.4434809380001,1.2780752182006836,0.76365727186203,0.05964268743991852,0.2055286169052124
4608,734.602953916,1.3230032920837402,0.8129358291625977,0.059498321264982224,0.20378896594047546
4609,734.76260578,1.314739465713501,0.8091732859611511,0.05935319885611534,0.2019890546798706
4610,734.92145128,1.263826608657837,0.7629753351211548,0.0592099092900753,0.20010364055633545
4611,735.0821879649999,1.30784010887146,0.8119089603424072,0.05906043201684952,0.19813624024391174
4612,735.2416606779999,1.1491080522537231,0.6579570770263672,0.058913618326187134,0.19622474908828735
4613,735.4013482639999,1.1960759162902832,0.7094501256942749,0.05876648426055908,0.19441524147987366
4614,735.5610629480001,1.2449514865875244,0.762775182723999,0.0586182065308094,0.19263605773448944
4615,735.7217483359999,1.1455445289611816,0.6678850054740906,0.05846521630883217,0.19082996249198914
4616,735.8826831509999,1.2648825645446777,0.7912780046463013,0.05832391977310181,0.18920853734016418
4617,736.042394147,1.2623941898345947,0.7921761274337769,0.058194197714328766,0.18785448372364044
4618,736.202605088,1.150605320930481,0.683432936668396,0.05807175114750862,0.18663665652275085
4619,736.360983787,1.2750524282455444,0.8105558156967163,0.057951413094997406,0.18556682765483856
4620,736.5201172870001,1.2727024555206299,0.8106807470321655,0.05783772096037865,0.1845773160457611
4621,736.680356276,1.2289974689483643,0.769292950630188,0.05772947892546654,0.1836509257555008
4622,736.8404932269999,1.26216721534729,0.8042159080505371,0.0576394721865654,0.1829499751329422
4623,736.9994486060001,1.1512202024459839,0.6924886703491211,0.05758366733789444,0.18326228857040405
4624,737.1591203019999,1.2528597116470337,0.7911502122879028,0.05758271738886833,0.18445347249507904
4625,737.319133291,1.3205451965332031,0.8520631790161133,0.057645898312330246,0.18716222047805786
4626,737.478925045,1.271227478981018,0.793209433555603,0.05779958888888359,0.19097603857517242
4627,737.6373078360001,1.356996774673462,0.868094265460968,0.058024756610393524,0.19532890617847443
4628,737.795702603,1.253524899482727,0.7535373568534851,0.05830732733011246,0.19976180791854858
4629,737.9557780389999,1.2748658657073975,0.7643245458602905,0.05860046669840813,0.20398208498954773
4630,738.1148772990001,1.347663164138794,0.8274743556976318,0.058883652091026306,0.20784001052379608
4631,738.2752129300001,1.301919937133789,0.7735775709152222,0.05914723500609398,0.21110039949417114
4632,738.4343642099999,1.280416488647461,0.7456287145614624,0.05938524380326271,0.2136775553226471
4633,738.595146454,1.3315688371658325,0.7917507886886597,0.05959361046552658,0.21568885445594788
4634,738.755203753,1.3370873928070068,0.7934255599975586,0.05977113917469978,0.21722564101219177
4635,738.9137189290001,1.355566143989563,0.8093695640563965,0.05991280823945999,0.2182389795780182
4636,739.072613355,1.4044792652130127,0.8568613529205322,0.06002135947346687,0.21880705654621124
4637,739.232068249,1.3295950889587402,0.7816407680511475,0.060097672045230865,0.2189413160085678
4638,739.3913109270001,1.3296982049942017,0.7824017405509949,0.06014252081513405,0.21867801249027252
4639,739.551413066,1.3262684345245361,0.7803477048873901,0.060157183557748795,0.21812765300273895
4640,739.710594242,1.3611843585968018,0.8172931671142578,0.06014790013432503,0.21731585264205933
4641,739.872627009,1.1676514148712158,0.6265236139297485,0.060116659849882126,0.21621063351631165
4642,740.0331894899999,1.3357445001602173,0.7979639768600464,0.060069356113672256,0.21487192809581757
4643,740.1931938250001,1.283239483833313,0.7493323087692261,0.06000222638249397,0.21332286298274994
4644,740.3516143600001,1.3301796913146973,0.8007010221481323,0.059918858110904694,0.21155181527137756
4645,740.51005058,1.2861900329589844,0.7616972327232361,0.05981842428445816,0.20955784618854523
4646,740.6705226810001,1.313641905784607,0.7937955856323242,0.059725433588027954,0.20769962668418884
4647,740.831422781,1.2828729152679443,0.7667538523674011,0.059639252722263336,0.20620904862880707
4648,740.990513743,1.2872724533081055,0.7741297483444214,0.05955081805586815,0.20501889288425446
4649,741.1504295410001,1.3359190225601196,0.8253365755081177,0.0594598762691021,0.20399512350559235
4650,741.3103808929999,1.2814890146255493,0.7733527421951294,0.059374645352363586,0.20301701128482819
4651,741.4710614869999,1.238027572631836,0.731840968132019,0.0592871755361557,0.20223750174045563
4652,741.63134735,1.3046138286590576,0.7999922037124634,0.05920881778001785,0.20161180198192596
4653,741.7903996690001,1.3109116554260254,0.8079389333724976,0.059139322489500046,0.20095252990722656
4654,741.9502913749999,1.1928791999816895,0.691987931728363,0.059066805988550186,0.2001202255487442
4655,742.1090484289999,1.2621195316314697,0.7635645866394043,0.05898701027035713,0.1991860270500183
4656,742.2690703489999,1.3802688121795654,0.8817209601402283,0.05894656851887703,0.19918332993984222
4657,742.430042225,1.2905571460723877,0.789875328540802,0.05893729254603386,0.2000369429588318
4658,742.5897965739999,1.2420597076416016,0.7383843660354614,0.058956097811460495,0.20123431086540222
4659,742.749932368,1.2154922485351562,0.708674967288971,0.058982618153095245,0.20249095559120178
4660,742.9101694350001,1.2205562591552734,0.7105881571769714,0.0590173602104187,0.20375119149684906
4661,743.0700677890001,1.2496068477630615,0.7367638349533081,0.059052180498838425,0.20490100979804993
4662,743.229628483,1.3354123830795288,0.8204684853553772,0.05908486619591713,0.20574122667312622
4663,743.3886264690001,1.3055849075317383,0.7890573740005493,0.05910437926650047,0.20637458562850952
4664,743.547354081,1.2612025737762451,0.7432836294174194,0.05911992862820625,0.20693106949329376
4665,743.7074441220001,1.2856025695800781,0.7665945291519165,0.05913298577070236,0.2073666751384735
4666,743.86745091,1.292334794998169,0.7728967070579529,0.05913768708705902,0.2075386494398117
4667,744.0280043700001,1.272326111793518,0.7532305717468262,0.059128109365701675,0.20740170776844025
4668,744.187353355,1.289130449295044,0.7712178230285645,0.05910053849220276,0.20692865550518036
4669,744.3477667450001,1.2781621217727661,0.7623118162155151,0.05905366316437721,0.20610389113426208
4670,744.509200177,1.2712910175323486,0.7578315734863281,0.0589885488152504,0.20514780282974243
4671,744.6692111240001,1.2030465602874756,0.6906383037567139,0.0589296780526638,0.20472757518291473
4672,744.8293352930001,1.2853901386260986,0.7716473340988159,0.05890565738081932,0.20526151359081268
4673,744.9880244499999,1.246633768081665,0.73017418384552,0.05891019478440285,0.2063482403755188
4674,745.14696457,1.2807652950286865,0.761393666267395,0.05893853306770325,0.20751293003559113
4675,745.3069894020001,1.2774696350097656,0.7555408477783203,0.05897640436887741,0.20853561162948608
4676,745.4662195679999,1.2129185199737549,0.689198911190033,0.05900729075074196,0.2092517763376236
4677,745.625739901,1.2312932014465332,0.7063005566596985,0.05903163179755211,0.20976096391677856
4678,745.78587179,1.297713279724121,0.7719986438751221,0.059044357389211655,0.21004964411258698
4679,745.9466776600001,1.198638916015625,0.6729433536529541,0.059038564562797546,0.2100420445203781
4680,746.105735234,1.3014771938323975,0.7760294675827026,0.05902944505214691,0.20994296669960022
4681,746.2652908680001,1.1422650814056396,0.6158758997917175,0.05902840942144394,0.21031953394412994
4682,746.4240901270001,1.3303821086883545,0.8020968437194824,0.05904512479901314,0.2110779583454132
4683,746.5840884129999,1.3245961666107178,0.7919572591781616,0.059113554656505585,0.21281912922859192
4684,746.7435950170001,1.3019797801971436,0.7626716494560242,0.05925088748335838,0.21548627316951752
4685,746.903384219,1.270621657371521,0.7241457104682922,0.05943278595805168,0.21835266053676605
4686,747.0628976019999,1.3342251777648926,0.7797918319702148,0.05963944271206856,0.22153480350971222
4687,747.2228890350001,1.3207755088806152,0.7580071091651917,0.05987492576241493,0.22486786544322968
4688,747.383724851,1.29087233543396,0.7204844355583191,0.06010415032505989,0.22791476547718048
4689,747.5433574550001,1.409029483795166,0.8319879770278931,0.06031428650021553,0.23057536780834198
4690,747.7031582630001,1.3736233711242676,0.791206955909729,0.06049492955207825,0.23272457718849182
4691,747.863273071,1.2781625986099243,0.6918655633926392,0.060643360018730164,0.23427625000476837
4692,748.0218060880001,1.3428103923797607,0.7537310719490051,0.060756973922252655,0.23538871109485626
4693,748.181660222,1.353818655014038,0.7629857063293457,0.06084369122982025,0.2360897958278656
4694,748.342044141,1.3627629280090332,0.7705721855163574,0.06091271713376045,0.23663264513015747
4695,748.5010415549999,1.4395856857299805,0.8460235595703125,0.060969993472099304,0.23718096315860748
4696,748.660769017,1.4639860391616821,0.8694846034049988,0.06101313605904579,0.23755653202533722
4697,748.820959888,1.3573634624481201,0.7627435922622681,0.06103656068444252,0.2376037836074829
4698,748.9805204600001,1.3782422542572021,0.7844496965408325,0.06103917583823204,0.23727288842201233
4699,749.139829137,1.4149997234344482,0.8227790594100952,0.061027344316244125,0.23664414882659912
4700,749.2981954610001,1.4196786880493164,0.8294596672058105,0.06099574640393257,0.23584362864494324
4701,749.474297185,1.3363566398620605,0.7485922574996948,0.060952335596084595,0.23486195504665375
4702,749.634048856,1.3220605850219727,0.736487627029419,0.06091431528329849,0.2339855283498764
4703,749.794288235,1.257054328918457,0.6726729869842529,0.06088273972272873,0.23350898921489716
4704,749.9541388690001,1.1865129470825195,0.6017762422561646,0.060883861035108566,0.23365113139152527
4705,750.113437442,1.4254734516143799,0.8366013765335083,0.06097618490457535,0.23530490696430206
4706,750.2725157010001,1.3495337963104248,0.7531505823135376,0.0611502006649971,0.23830868303775787
4707,750.431118218,1.4239646196365356,0.8190004825592041,0.06137166544795036,0.2417401671409607
4708,750.591088347,1.2931950092315674,0.67999267578125,0.061598703265190125,0.24503454566001892
4709,750.749834393,1.4223109483718872,0.8018150925636292,0.06181745603680611,0.24795109033584595
4710,750.9106219419999,1.383206844329834,0.7567135095596313,0.06201919913291931,0.2503492534160614
4711,751.0706252680001,1.3995898962020874,0.7680877447128296,0.06220928579568863,0.2523520290851593
4712,751.231311761,1.4160585403442383,0.7804642915725708,0.06236882135272026,0.25398823618888855
4713,751.39141826,1.3933494091033936,0.7546094059944153,0.06249131262302399,0.25524604320526123
4714,751.5510301969999,1.3894498348236084,0.7485026717185974,0.06258662045001984,0.2561285197734833
4715,751.7103854139999,1.5071184635162354,0.8649222254753113,0.06265661120414734,0.2566278874874115
4716,751.869685689,1.4407156705856323,0.7982614040374756,0.06270167976617813,0.2567308843135834
4717,752.0292241870001,1.345070481300354,0.7034893035888672,0.06271610409021378,0.2563816010951996
4718,752.1895958829999,1.4489086866378784,0.8090004324913025,0.0626995787024498,0.25571250915527344
4719,752.3502609819999,1.3642890453338623,0.7267497777938843,0.06266266107559204,0.2547650933265686
4720,752.509979826,1.311039686203003,0.6757088899612427,0.06262977421283722,0.2538818120956421
4721,752.6697001199999,1.3438279628753662,0.7084566354751587,0.06262791156768799,0.253898024559021
4722,752.830785813,1.3050954341888428,0.667667031288147,0.06267967820167542,0.25472062826156616
4723,752.991751808,1.3935275077819824,0.7519098520278931,0.06279521435499191,0.2563958764076233
4724,753.151784516,1.3695780038833618,0.7222109436988831,0.06295880675315857,0.25869497656822205
4725,753.311330506,1.3336975574493408,0.6804671287536621,0.0631369799375534,0.2610395848751068
4726,753.470082333,1.4120423793792725,0.7527884244918823,0.06332095712423325,0.2634482979774475
4727,753.629086778,1.4735794067382812,0.8084110021591187,0.06351779401302338,0.26581326127052307
4728,753.789945054,1.3292244672775269,0.6588377952575684,0.06370194256305695,0.26789987087249756
4729,753.9498280429999,1.4538769721984863,0.7789584398269653,0.06385648250579834,0.26971203088760376
4730,754.109841141,1.4126815795898438,0.7330967783927917,0.06402141600847244,0.2715778648853302
4731,754.269202201,1.451051950454712,0.7668330669403076,0.0641927719116211,0.27343079447746277
4732,754.429374772,1.3453577756881714,0.656975507736206,0.06435335427522659,0.27509549260139465
4733,754.5892472849999,1.4177935123443604,0.7258157730102539,0.06449506431818008,0.2765330970287323
4734,754.7479754269999,1.5087993144989014,0.8140157461166382,0.06461717188358307,0.2776549458503723
4735,754.907265428,1.4341485500335693,0.7374882102012634,0.06471877545118332,0.27840524911880493
4736,755.0663376399999,1.4677497148513794,0.7689847946166992,0.06481880694627762,0.2792466878890991
4737,755.2261946140001,1.4711198806762695,0.7699608206748962,0.06492100656032562,0.2802039086818695
4738,755.385170309,1.4176424741744995,0.7141042947769165,0.06503234803676605,0.28115513920783997
4739,755.5449876680001,1.453063726425171,0.747118353843689,0.06514402478933334,0.2821175456047058
4740,755.7046635360001,1.5590969324111938,0.8508760929107666,0.06523992866277695,0.28302738070487976
4741,755.8645791770001,1.381460428237915,0.6714667081832886,0.06532099843025208,0.2837362289428711
4742,756.024295523,1.451430320739746,0.7391499280929565,0.06542080640792847,0.2846504747867584
4743,756.183943531,1.3832268714904785,0.6679624319076538,0.06555086374282837,0.2858435809612274
4744,756.3424872530001,1.5252089500427246,0.8057765364646912,0.06570390611886978,0.28751012682914734
4745,756.502304042,1.3780066967010498,0.6535032391548157,0.06588171422481537,0.28953787684440613
4746,756.6616768550001,1.4418423175811768,0.7118406891822815,0.06607840210199356,0.291736364364624
4747,756.820952634,1.5087428092956543,0.7731810808181763,0.06627779453992844,0.2939595878124237
4748,756.9812888079999,1.4621543884277344,0.7215421199798584,0.06647122651338577,0.29597902297973633
4749,757.1412569170001,1.5949716567993164,0.8502793312072754,0.06665103882551193,0.2976103127002716
4750,757.3003745289999,1.5166015625,0.7690703868865967,0.06679940968751907,0.2987452447414398
4751,757.4587672050001,1.4956600666046143,0.7466847896575928,0.06690700352191925,0.2993224561214447
4752,757.6173340690001,1.3494806289672852,0.6004748344421387,0.0669754147529602,0.29933443665504456
4753,757.777344728,1.5953891277313232,0.8449424505233765,0.06706831604242325,0.29991042613983154
4754,757.936512353,1.5856502056121826,0.8318361639976501,0.06721646338701248,0.3012567460536957
4755,758.096413244,1.4786502122879028,0.7207506895065308,0.067385733127594,0.30289027094841003
4756,758.2564769510001,1.5694177150726318,0.8074805736541748,0.06755664199590683,0.3045046329498291
4757,758.416657013,1.4884045124053955,0.7231041789054871,0.06770805269479752,0.30584925413131714
4758,758.575445974,1.55898118019104,0.7909438014030457,0.06784580647945404,0.3069435656070709
4759,758.7348054160001,1.4750938415527344,0.7050448656082153,0.06796786189079285,0.3077477216720581
4760,758.8935680819999,1.584669589996338,0.8135415315628052,0.06805536895990372,0.30817899107933044
4761,759.0534038080001,1.5290489196777344,0.757836639881134,0.06810514628887177,0.3082124888896942
4762,759.212285146,1.46065354347229,0.6903297901153564,0.06812214851379395,0.3078570067882538
4763,759.3720601609999,1.54595947265625,0.7772857546806335,0.06810830533504486,0.30719703435897827
4764,759.53169586,1.5686569213867188,0.8024070262908936,0.06807107478380203,0.3062277138233185
4765,759.6916507929999,1.5425561666488647,0.7795611619949341,0.0680067390203476,0.30492597818374634
4766,759.8517444769999,1.467567801475525,0.708214282989502,0.06793177127838135,0.3034696877002716
4767,760.010504346,1.564753770828247,0.809150218963623,0.06784462183713913,0.30197006464004517
4768,760.1692251149999,1.564514398574829,0.8130099177360535,0.06774260848760605,0.30033084750175476
4769,760.3291155539999,1.579646348953247,0.8325324058532715,0.06763122230768204,0.2985750734806061
4770,760.4890287879999,1.5170948505401611,0.7743202447891235,0.0675133764743805,0.29683977365493774
4771,760.6484542540001,1.5451018810272217,0.8066964149475098,0.06739061325788498,0.2950926423072815
4772,760.8084407319999,1.5365653038024902,0.8024455308914185,0.06726426631212234,0.2933788597583771
4773,760.9677508829999,1.5036723613739014,0.7737305164337158,0.06713380664587021,0.29170820116996765
4774,761.126780892,1.5735799074172974,0.8480286598205566,0.06699604541063309,0.28995251655578613
4775,761.2855672239999,1.4617340564727783,0.7396908402442932,0.06688766181468964,0.2885497212409973
4776,761.4448127510001,1.4802258014678955,0.7604814171791077,0.06679689139127731,0.287630558013916
4777,761.604777269,1.5026440620422363,0.7848931550979614,0.06672772020101547,0.2868334650993347
4778,761.7640454609999,1.5630521774291992,0.847567081451416,0.06665696948766708,0.285927414894104
4779,761.9232979069999,1.483275055885315,0.77058345079422,0.0665721669793129,0.2848103642463684
4780,762.084176705,1.4170249700546265,0.707382321357727,0.06648153811693192,0.2835911214351654
4781,762.243360711,1.4351788759231567,0.7284069657325745,0.06639672815799713,0.28244316577911377
4782,762.4031540289999,1.4423809051513672,0.7385225296020508,0.06630600988864899,0.281278133392334
4783,762.562425359,1.3992304801940918,0.6984014511108398,0.0662074163556099,0.2800667881965637
4784,762.7220345100001,1.4503228664398193,0.7521843910217285,0.06611286103725433,0.2789909541606903
4785,762.882153722,1.4190845489501953,0.7229328155517578,0.06602942943572998,0.2781965732574463
4786,763.0414739060001,1.5901405811309814,0.8957039713859558,0.065957210958004,0.2775108218193054
4787,763.201353194,1.4614348411560059,0.7690221071243286,0.06587641686201096,0.27670159935951233
4788,763.362325119,1.4625945091247559,0.7727594375610352,0.06578280031681061,0.2756709158420563
4789,763.5219845529999,1.4488661289215088,0.762253999710083,0.06567566841840744,0.27438217401504517
4790,763.6815690889999,1.4660098552703857,0.7828408479690552,0.06556066125631332,0.2730053961277008
4791,763.840555655,1.4452190399169922,0.7655014991760254,0.06544557213783264,0.27162522077560425
4792,763.99924647,1.4023998975753784,0.7263938188552856,0.0653252974152565,0.2701411247253418
4793,764.1595094559999,1.4281535148620605,0.7558990716934204,0.06520772725343704,0.26864093542099
4794,764.3188649790001,1.4769465923309326,0.8083040714263916,0.06508795917034149,0.2671966552734375
4795,764.478722529,1.4513626098632812,0.7862859964370728,0.06496776640415192,0.2657707929611206
4796,764.639332959,1.4684391021728516,0.8064705729484558,0.0648646205663681,0.26452794671058655
4797,764.7994583179999,1.4766273498535156,0.8173514604568481,0.06476201862096786,0.2634512782096863
4798,764.9587322399999,1.3357415199279785,0.6788057088851929,0.06466468423604965,0.262515664100647
4799,765.1186745450001,1.4227943420410156,0.7677643895149231,0.06457781791687012,0.26175370812416077
4800,765.278061352,1.3407126665115356,0.6873165369033813,0.0645022988319397,0.2611004412174225
4801,765.4675849040001,1.4687482118606567,0.816838264465332,0.06443171203136444,0.2605062425136566
4802,765.626390006,1.3723262548446655,0.7220699787139893,0.06436022371053696,0.2598450779914856
4803,765.785362617,1.4364092350006104,0.787993848323822,0.06428272277116776,0.2591090500354767
4804,765.945614267,1.4516887664794922,0.8054090738296509,0.06420277059078217,0.2582550644874573
4805,766.1049442059999,1.4187861680984497,0.7751768827438354,0.06411189585924149,0.25718727707862854
4806,766.2651220229999,1.4071911573410034,0.7668842077255249,0.06400798261165619,0.25586673617362976
4807,766.4257280810001,1.3590402603149414,0.7223963141441345,0.06390714645385742,0.25440195202827454
4808,766.5864938430001,1.3400566577911377,0.7070198655128479,0.06380397826433182,0.2529595196247101
4809,766.74665793,1.3015947341918945,0.6720321178436279,0.06370677053928375,0.2515701949596405
4810,766.907188473,1.4116730690002441,0.7853825092315674,0.0636180117726326,0.25026175379753113
4811,767.06655844,1.4322609901428223,0.8091593384742737,0.06352610141038895,0.24898657202720642
4812,767.225418483,1.3395941257476807,0.7199337482452393,0.06341735273599625,0.24761047959327698
4813,767.3860171,1.435020923614502,0.8191959857940674,0.06329581141471863,0.2460767924785614
4814,767.544477128,1.3648157119750977,0.7532984018325806,0.0631626695394516,0.2443542778491974
4815,767.703955957,1.3488554954528809,0.7414993047714233,0.06303681433200836,0.2426903247833252
4816,767.86388798,1.3457504510879517,0.7421207427978516,0.06292573362588882,0.24120019376277924
4817,768.023042877,1.3976110219955444,0.7975109219551086,0.06281478703022003,0.23978877067565918
4818,768.181515358,1.4054172039031982,0.8090081214904785,0.06270627677440643,0.23831282556056976
4819,768.3415814179999,1.2890992164611816,0.6963932514190674,0.06258495897054672,0.23683206737041473
4820,768.5011058839999,1.3713959455490112,0.7817329168319702,0.06247275695204735,0.2356153279542923
4821,768.6606978829999,1.3637944459915161,0.7766874432563782,0.0623769611120224,0.23459330201148987
4822,768.820894265,1.2743618488311768,0.6895398497581482,0.062287718057632446,0.2336796373128891
4823,768.98075218,1.4620847702026367,0.8787930011749268,0.062207769602537155,0.23306787014007568
4824,769.1404085109999,1.2734315395355225,0.6911927461624146,0.06214218586683273,0.23264694213867188
4825,769.2988474949999,1.3660595417022705,0.7850275039672852,0.06207258254289627,0.23216453194618225
4826,769.458164987,1.322042465209961,0.7426573634147644,0.061995867639780045,0.23150606453418732
4827,769.617012696,1.2632017135620117,0.685566246509552,0.06191933527588844,0.23080651462078094
4828,769.7765371920001,1.3817094564437866,0.8058282136917114,0.061842188239097595,0.23010514676570892
4829,769.9367385889999,1.3061100244522095,0.7323048114776611,0.06176068261265755,0.22927503287792206
4830,770.096576236,1.3230847120285034,0.7516505718231201,0.061678383499383926,0.2283269315958023
4831,770.2562678380001,1.230220079421997,0.6611082553863525,0.06159314140677452,0.2273983210325241
4832,770.414670926,1.258711338043213,0.691902756690979,0.061504580080509186,0.22647744417190552
4833,770.574145556,1.2964766025543213,0.7316614985466003,0.061420440673828125,0.22568035125732422
4834,770.7341560389999,1.2942662239074707,0.7302583456039429,0.061359260231256485,0.22535771131515503
4835,770.892562121,1.2784180641174316,0.7141228914260864,0.06132601201534271,0.22547276318073273
4836,771.052142721,1.3733880519866943,0.8085540533065796,0.061304230242967606,0.2256883978843689
4837,771.2128775939999,1.4278874397277832,0.8628087639808655,0.06128919869661331,0.22578628361225128
4838,771.3727930040001,1.4294556379318237,0.8647230863571167,0.061270009726285934,0.2256479412317276
4839,771.5318837379999,1.3132743835449219,0.7496867775917053,0.06123356521129608,0.2251901477575302
4840,771.6908003780001,1.3409041166305542,0.7792014479637146,0.06117984652519226,0.22443635761737823
4841,771.849791209,1.2120914459228516,0.6529483795166016,0.06110822409391403,0.22341278195381165
4842,772.0092139320001,1.3914542198181152,0.8344717621803284,0.06105313077569008,0.22254878282546997
4843,772.169161763,1.3105244636535645,0.75523841381073,0.06101103872060776,0.22187034785747528
4844,772.3290414249999,1.3579803705215454,0.8045803308486938,0.06096572428941727,0.22111615538597107
4845,772.488982753,1.249059796333313,0.6980231404304504,0.06090901419520378,0.2201710194349289
4846,772.6489300669999,1.265557050704956,0.7171833515167236,0.060844458639621735,0.21910610795021057
4847,772.8083036899999,1.3292570114135742,0.7815908193588257,0.060806430876255035,0.21882323920726776
4848,772.967220358,1.3415905237197876,0.792721152305603,0.060817159712314606,0.21930448710918427
4849,773.127436908,1.3656635284423828,0.8150346279144287,0.06084251403808594,0.22000816464424133
4850,773.287542548,1.3496809005737305,0.7974486351013184,0.06086983531713486,0.22064945101737976
4851,773.447460453,1.2978074550628662,0.7445135116577148,0.060891665518283844,0.22107398509979248
4852,773.606971052,1.3687715530395508,0.81283038854599,0.06094726547598839,0.22213266789913177
4853,773.766146698,1.4029093980789185,0.8425421714782715,0.061049479991197586,0.22390270233154297
4854,773.925756188,1.2540067434310913,0.6889970898628235,0.06117565184831619,0.22575914859771729
4855,774.0848192510001,1.2566344738006592,0.6872084736824036,0.06131002679467201,0.22752517461776733
4856,774.2442806939999,1.3200721740722656,0.7467387914657593,0.061439696699380875,0.22908760607242584
4857,774.404414969,1.3847424983978271,0.8081173896789551,0.06156487390398979,0.23040378093719482
4858,774.563754035,1.3791037797927856,0.7999184727668762,0.061674073338508606,0.23142743110656738
4859,774.724248593,1.380918264389038,0.7986188530921936,0.061775173991918564,0.23267267644405365
4860,774.883490996,1.3213152885437012,0.7353060245513916,0.061892736703157425,0.23415616154670715
4861,775.0420899070001,1.343740701675415,0.7538176774978638,0.06201532110571861,0.2357211858034134
4862,775.201468225,1.410139560699463,0.8164555430412292,0.06213029474020004,0.23722511529922485
4863,775.3605306620001,1.4643018245697021,0.8676007986068726,0.06223039701581001,0.23843149840831757
4864,775.5214854510001,1.4445874691009521,0.8458998203277588,0.06230686977505684,0.2392258197069168
4865,775.681171349,1.3674743175506592,0.767972469329834,0.062356553971767426,0.23955127596855164
4866,775.8403436949999,1.3323209285736084,0.7327450513839722,0.06238456070423126,0.23958083987236023
4867,776.0000469529999,1.350947618484497,0.7514710426330566,0.06240299344062805,0.23954103887081146
4868,776.160964735,1.3009955883026123,0.7018003463745117,0.06241225451231003,0.23942846059799194
4869,776.320508569,1.271420955657959,0.6727126836776733,0.06241028755903244,0.23923365771770477
4870,776.479302048,1.3657158613204956,0.7669435739517212,0.062424782663583755,0.23925922811031342
4871,776.637882141,1.3742799758911133,0.7740709781646729,0.06245899945497513,0.2398337721824646
4872,776.7974074499999,1.3297544717788696,0.7273041009902954,0.0625142753124237,0.24073009192943573
4873,776.9575739400001,1.3770434856414795,0.7724084258079529,0.06257344782352448,0.2416037619113922
4874,777.1168191190001,1.38509202003479,0.7788015604019165,0.06262873113155365,0.24226565659046173
4875,777.2769522929999,1.385189175605774,0.7780836820602417,0.0626709833741188,0.24259153008460999
4876,777.4371654759999,1.3086453676223755,0.7017789483070374,0.06269214302301407,0.24249579012393951
4877,777.5961313869999,1.4281151294708252,0.8224846124649048,0.0626811683177948,0.242001473903656
4878,777.756105301,1.3860621452331543,0.7826111316680908,0.06264601647853851,0.24112984538078308
4879,777.91510368,1.3949579000473022,0.7944979071617126,0.06258877366781235,0.23993362486362457
4880,778.075170731,1.2846899032592773,0.6879745721817017,0.06250838935375214,0.23843611776828766
4881,778.2343768479999,1.3204333782196045,0.7272559404373169,0.06242884695529938,0.23702126741409302
4882,778.3949224090001,1.2229363918304443,0.6329001188278198,0.062344834208488464,0.23576512932777405
4883,778.5550875370001,1.4105172157287598,0.8218067288398743,0.06230085343122482,0.23523500561714172
4884,778.715493841,1.3830844163894653,0.7939026951789856,0.062303319573402405,0.23542346060276031
4885,778.875983437,1.4096328020095825,0.8191195130348206,0.06232679262757301,0.23595599830150604
4886,779.035776952,1.285378336906433,0.6932896375656128,0.06236177682876587,0.23658601939678192
4887,779.195866935,1.2768423557281494,0.6820415258407593,0.06243179738521576,0.2376706302165985
4888,779.355146661,1.4014347791671753,0.8030682802200317,0.0625244677066803,0.2390964925289154
4889,779.5152523630001,1.420896291732788,0.8192963600158691,0.06262252479791641,0.24038949608802795
4890,779.675321712,1.3701891899108887,0.7662000060081482,0.06270629167556763,0.2413448840379715
4891,779.8348349019999,1.3368632793426514,0.7309516668319702,0.06277018040418625,0.24211359024047852
4892,779.9945471130001,1.4477391242980957,0.840369701385498,0.06283053010702133,0.24269647896289825
4893,780.1538282099999,1.3389980792999268,0.7310196161270142,0.06286875158548355,0.24293990433216095
4894,780.312817639,1.3657692670822144,0.7578308582305908,0.0628843680024147,0.24292384088039398
4895,780.47119343,1.41452956199646,0.8072565793991089,0.06288056075572968,0.24265766143798828
4896,780.631606499,1.4192016124725342,0.8134195804595947,0.06285831332206726,0.24206140637397766
4897,780.790965155,1.376707673072815,0.773292601108551,0.06281013786792755,0.2411147803068161
4898,780.9505169559999,1.3456584215164185,0.7452940940856934,0.06274112313985825,0.23989476263523102
4899,781.111347684,1.3348491191864014,0.7381159663200378,0.06265562027692795,0.23844264447689056
4900,781.2708233720001,1.4243781566619873,0.8287820816040039,0.06263178586959839,0.23798790574073792
4901,781.4453263659999,1.378526210784912,0.7815557718276978,0.06265678256750107,0.2385375201702118
4902,781.605446483,1.421908974647522,0.822708010673523,0.06271684169769287,0.2394295185804367
4903,781.7640771529999,1.3246197700500488,0.7232300639152527,0.06278114765882492,0.24030476808547974
4904,781.923647292,1.4058945178985596,0.801906943321228,0.06286440789699554,0.24134358763694763
4905,782.083846591,1.456451416015625,0.8496712446212769,0.06294567883014679,0.24246026575565338
4906,782.243337971,1.3867228031158447,0.7774389982223511,0.06301797926425934,0.2434614598751068
4907,782.403137187,1.3385026454925537,0.7273728251457214,0.06307905167341232,0.24419958889484406
4908,782.562848314,1.4438226222991943,0.831809401512146,0.0631193295121193,0.2445528358221054
4909,782.7212084500001,1.4221208095550537,0.8102878332138062,0.06313633918762207,0.2444806694984436
4910,782.8811148169999,1.2789413928985596,0.6681882739067078,0.0631294697523117,0.24404872953891754
4911,783.041788612,1.395922303199768,0.7853911519050598,0.06313218176364899,0.2439599186182022
4912,783.2015843779999,1.346447229385376,0.7353624701499939,0.06316418945789337,0.24418124556541443
4913,783.361608731,1.3151710033416748,0.7037904858589172,0.06319840997457504,0.24429941177368164
4914,783.5223551559999,1.347981333732605,0.736763060092926,0.06322147697210312,0.24423442780971527
4915,783.683480063,1.3204964399337769,0.7100440263748169,0.06322695314884186,0.24392805993556976
4916,783.8437400500001,1.3826043605804443,0.773578941822052,0.06321245431900024,0.2433573454618454
4917,784.003566476,1.399253010749817,0.7923019528388977,0.06317809224128723,0.24252769351005554
4918,784.1632706270001,1.3274860382080078,0.7232769727706909,0.06312695145606995,0.2414310872554779
4919,784.322467239,1.3125584125518799,0.7114630937576294,0.06306483596563339,0.24018587172031403
4920,784.4817774669999,1.4224071502685547,0.824418842792511,0.06299100816249847,0.23894339799880981
4921,784.641926076,1.37907075881958,0.7842229008674622,0.06290806084871292,0.23768748342990875
4922,784.8014426829999,1.4122748374938965,0.8208472728729248,0.06281106173992157,0.23631979525089264
4923,784.9613484509999,1.3493995666503906,0.7618473172187805,0.06269975006580353,0.23477008938789368
4924,785.1217357429999,1.4323699474334717,0.8492305278778076,0.06257207691669464,0.23300544917583466
4925,785.2824730250001,1.2324098348617554,0.6539037227630615,0.06243511289358139,0.2311526983976364
4926,785.4426575430001,1.2630729675292969,0.6886196136474609,0.062293849885463715,0.2295321822166443
4927,785.6023029869999,1.3175771236419678,0.7465224862098694,0.06216251477599144,0.22817322611808777
4928,785.7613163350001,1.3219563961029053,0.7539401054382324,0.062045738101005554,0.22695830464363098
4929,785.9200597820001,1.367029070854187,0.8019967079162598,0.06193521246314049,0.225765198469162
4930,786.0805840649999,1.3038363456726074,0.7417621612548828,0.061824291944503784,0.22458235919475555
4931,786.241287466,1.303880214691162,0.7448755502700806,0.06171325966715813,0.2233550101518631
4932,786.401025815,1.398543357849121,0.8429322242736816,0.061596743762493134,0.22199806571006775
4933,786.561172968,1.3293282985687256,0.777438223361969,0.06147392839193344,0.22051012516021729
4934,786.7219725460001,1.2932372093200684,0.745431661605835,0.0613400898873806,0.21887685358524323
4935,786.882803978,1.376455545425415,0.8328704833984375,0.06119665876030922,0.2171892672777176
4936,787.043842872,1.2417283058166504,0.7025741338729858,0.06104966625571251,0.2154175043106079
4937,787.2042050409999,1.2674334049224854,0.7324362993240356,0.060903776437044144,0.21375523507595062
4938,787.363410137,1.2431589365005493,0.7116893529891968,0.0607694648206234,0.21234476566314697
4939,787.522475585,1.3044304847717285,0.7762099504470825,0.06064070016145706,0.21104562282562256
4940,787.68125976,1.2564666271209717,0.7316021919250488,0.06051364168524742,0.2097036987543106
4941,787.8419740830001,1.3403594493865967,0.819179892539978,0.060382016003131866,0.20823028683662415
4942,788.002733526,1.3678407669067383,0.8505687713623047,0.06024804711341858,0.20666782557964325
4943,788.161948827,1.3330347537994385,0.8198841214179993,0.06010901555418968,0.2050197869539261
4944,788.322240522,1.3823413848876953,0.8736581802368164,0.05996386334300041,0.20323346555233002
4945,788.4823236379999,1.2378826141357422,0.7340336441993713,0.05981190502643585,0.20130030810832977
4946,788.642291218,1.3364627361297607,0.8375848531723022,0.059657130390405655,0.1993124932050705
4947,788.802622559,1.266783595085144,0.7730385065078735,0.05949699133634567,0.1972600370645523
4948,788.962711492,1.237412452697754,0.7487202882766724,0.05933597683906555,0.19523951411247253
4949,789.1223957430001,1.2568693161010742,0.771371603012085,0.05920911952853203,0.1939622312784195
4950,789.281571284,1.2963186502456665,0.8123886585235596,0.059119559824466705,0.19333550333976746
4951,789.4422919259999,1.1547112464904785,0.6718270778656006,0.05905352905392647,0.19291745126247406
4952,789.6030424029999,1.3489744663238525,0.8661016225814819,0.0590132437646389,0.19291310012340546
4953,789.762755184,1.2625136375427246,0.7788536548614502,0.05899299681186676,0.19322800636291504
4954,789.9225402599999,1.2876089811325073,0.8032063841819763,0.05897470563650131,0.19352513551712036
4955,790.0836395949999,1.2689014673233032,0.7842029929161072,0.058953627943992615,0.19364356994628906
4956,790.243957279,1.224761962890625,0.7403591275215149,0.05892510712146759,0.19352543354034424
4957,790.4044873239999,1.2651292085647583,0.7814470529556274,0.058890290558338165,0.1932373195886612
4958,790.565194727,1.1554274559020996,0.6728540062904358,0.05884697660803795,0.19279398024082184
4959,790.725627742,1.2101104259490967,0.7288328409194946,0.058800309896469116,0.19227583706378937
4960,790.884673806,1.2446484565734863,0.7644795179367065,0.05874732881784439,0.19183260202407837
4961,791.043509404,1.1686931848526,0.6896684765815735,0.05869186297059059,0.19137512147426605
4962,791.20382353,1.2337048053741455,0.7560145854949951,0.05863087996840477,0.19084155559539795
4963,791.3648162379999,1.2225850820541382,0.746471643447876,0.058562055230140686,0.19021113216876984
4964,791.524788388,1.268169641494751,0.793727695941925,0.058488234877586365,0.18954280018806458
4965,791.685725988,1.2655431032180786,0.7929538488388062,0.058413852006196976,0.18880204856395721
4966,791.8452978040001,1.2013341188430786,0.7310801148414612,0.05833255499601364,0.18786826729774475
4967,792.0061310899999,1.2992621660232544,0.8302202224731445,0.058272238820791245,0.1873837113380432
4968,792.1674028870001,1.2839608192443848,0.8150710463523865,0.05824596807360649,0.1873229295015335
4969,792.32913737,1.3639899492263794,0.8952178359031677,0.05822533369064331,0.1872759312391281
4970,792.488350366,1.2450587749481201,0.7769318222999573,0.05820372328162193,0.18701794743537903
4971,792.648807855,1.2859394550323486,0.8191307783126831,0.05817528814077377,0.18649080395698547
4972,792.807727152,1.316185474395752,0.8514014482498169,0.05813402682542801,0.18568108975887299
4973,792.967214273,1.2620819807052612,0.8000600337982178,0.05807993933558464,0.18457646667957306
4974,793.127811141,1.275586485862732,0.817043662071228,0.05800577253103256,0.18318510055541992
4975,793.2881827570001,1.2440764904022217,0.7896020412445068,0.0579167902469635,0.18155813217163086
4976,793.44791733,1.2497482299804688,0.7995486259460449,0.05782073736190796,0.1798485517501831
4977,793.6080275749999,1.1549227237701416,0.7090252041816711,0.05772152543067932,0.17812810838222504
4978,793.7678974720001,1.1339622735977173,0.6921355724334717,0.05762561410665512,0.17650018632411957
4979,793.9290872539999,1.2732925415039062,0.8350157141685486,0.05751967430114746,0.17508064210414886
4980,794.089653423,1.2335933446884155,0.7985719442367554,0.0574190728366375,0.17377887666225433
4981,794.249881374,1.2032338380813599,0.7713198065757751,0.05732906237244606,0.17253629863262177
4982,794.4096739089999,1.2033655643463135,0.7746008038520813,0.05724022909998894,0.17127694189548492
4983,794.570332505,1.1192491054534912,0.6936889886856079,0.057149868458509445,0.16999542713165283
4984,794.7297336959999,1.1917356252670288,0.7682405710220337,0.057074181735515594,0.16916973888874054
4985,794.8891126120001,1.163550853729248,0.7404791116714478,0.057016391307115555,0.16900064051151276
4986,795.049459364,0.9688684940338135,0.5454241037368774,0.05697859078645706,0.16914986073970795
4987,795.2090435209999,1.168749213218689,0.7439642548561096,0.056961268186569214,0.16968612372875214
4988,795.3686941300001,1.2421274185180664,0.8153441548347473,0.05697016790509224,0.17048543691635132
4989,795.5283257489999,1.2599153518676758,0.8312543034553528,0.05698305368423462,0.17123650014400482
4990,795.68991399,1.2568107843399048,0.8268318176269531,0.056988686323165894,0.17176362872123718
4991,795.850740705,1.1145071983337402,0.6839514374732971,0.05698266625404358,0.17199435830116272
4992,796.010485274,1.1841328144073486,0.753121018409729,0.056967318058013916,0.17217683792114258
4993,796.169752079,1.2032774686813354,0.771406888961792,0.05695590004324913,0.17252041399478912
4994,796.3290578709999,1.2321960926055908,0.7994144558906555,0.056947726756334305,0.17288485169410706
4995,796.4884131160001,1.1927140951156616,0.7594913244247437,0.0569341704249382,0.17306137084960938
4996,796.6484224510001,1.2213388681411743,0.7882617712020874,0.056911177933216095,0.1730031818151474
4997,796.808055506,1.251967430114746,0.8196883201599121,0.056876666843891144,0.17268414795398712
4998,796.9675111539999,1.2071720361709595,0.7762747406959534,0.05683542788028717,0.17213159799575806
4999,797.127840749,1.180471658706665,0.7515615820884705,0.056780751794576645,0.17133691906929016
5000,797.2891772869999,1.169384241104126,0.7417322397232056,0.05672800913453102,0.17083387076854706
5001,797.4673273970001,1.2112618684768677,0.7839106917381287,0.05669013038277626,0.17071372270584106
5002,797.6261313399999,1.1447970867156982,0.7176234722137451,0.056659117341041565,0.17064282298088074
5003,797.7848862090001,1.2017512321472168,0.7746268510818481,0.05663212761282921,0.17062322795391083
5004,797.945109528,1.081437587738037,0.6536118388175964,0.05661464110016823,0.17090384662151337
5005,798.105200265,1.2029523849487305,0.771998405456543,0.05663464963436127,0.17215503752231598
5006,798.2641053650001,1.1826579570770264,0.7461716532707214,0.05670126527547836,0.17436771094799042
5007,798.4236778650001,1.1562966108322144,0.7135547995567322,0.05680334195494652,0.17686952650547028
5008,798.584348145,1.1391010284423828,0.690572202205658,0.056906428188085556,0.17918388545513153
5009,798.744757113,1.2057366371154785,0.7522358894348145,0.05700365826487541,0.18117225170135498
5010,798.904550004,1.238546371459961,0.7810596227645874,0.05708668380975723,0.18276631832122803
5011,799.0635534060001,1.2678165435791016,0.8072958588600159,0.05716422200202942,0.18397963047027588
5012,799.2231386510001,1.2639715671539307,0.8014410734176636,0.05722464248538017,0.18478327989578247
5013,799.381499357,1.1032248735427856,0.6397182941436768,0.057265523821115494,0.18517355620861053
5014,799.5411446459999,1.2228517532348633,0.758263349533081,0.05730057135224342,0.1856061965227127
5015,799.700834415,1.134293556213379,0.6684313416481018,0.057333577424287796,0.1861155480146408
5016,799.8618336359999,1.18179190158844,0.7129640579223633,0.057384930551052094,0.18730159103870392
5017,800.0220761889999,1.2060890197753906,0.7326085567474365,0.05747448652982712,0.1891622692346573
5018,800.1827975980001,1.266864538192749,0.78667151927948,0.057605233043432236,0.19184677302837372
5019,800.3426480249999,1.217115879058838,0.7288277745246887,0.057777244597673416,0.1950841248035431
5020,800.5019820650001,1.1807042360305786,0.684573769569397,0.05794556811451912,0.1982204020023346
5021,800.6608441479999,1.3713531494140625,0.8680963516235352,0.058107174932956696,0.20107027888298035
5022,800.8193590540001,1.2243118286132812,0.7146667242050171,0.05826520547270775,0.20362499356269836
5023,800.9795840190001,1.2589621543884277,0.7438340187072754,0.058412738144397736,0.20581761002540588
5024,801.139183028,1.2896006107330322,0.7701561450958252,0.058538101613521576,0.20754361152648926
5025,801.2990411919999,1.2860065698623657,0.7633789777755737,0.05863457918167114,0.2088164985179901
5026,801.458804733,1.2930948734283447,0.7683345079421997,0.05871058255434036,0.2096693217754364
5027,801.6203155060001,1.2964751720428467,0.7695945501327515,0.058776650577783585,0.21051710844039917
5028,801.7816164499999,1.2068150043487549,0.6776854395866394,0.05884353816509247,0.21141646802425385
5029,801.942094098,1.2759017944335938,0.7445464730262756,0.0589107982814312,0.21230648458003998
5030,802.103048151,1.2527024745941162,0.7193742990493774,0.05897028371691704,0.21309536695480347
5031,802.2631383270001,1.3135638236999512,0.7783764004707336,0.05902845039963722,0.2138388603925705
5032,802.423201986,1.3472681045532227,0.8105353713035583,0.05908241868019104,0.2144567370414734
5033,802.583224289,1.3520872592926025,0.8144779801368713,0.05912394821643829,0.2148071974515915
5034,802.7426164960001,1.3595343828201294,0.8219220638275146,0.059150196611881256,0.21480832993984222
5035,802.9027261790001,1.263413429260254,0.7267591953277588,0.05915426090359688,0.21442508697509766
5036,803.063247746,1.2624633312225342,0.7273753881454468,0.059145137667655945,0.21379858255386353
5037,803.22404348,1.264290452003479,0.7311242818832397,0.0591173879802227,0.21303001046180725
5038,803.3841037010001,1.3363231420516968,0.8052496910095215,0.05907685309648514,0.2121930867433548
5039,803.5439263679999,1.287776231765747,0.758990466594696,0.059025347232818604,0.21127821505069733
5040,803.705446223,1.205698013305664,0.6792570352554321,0.05897131562232971,0.2103404998779297
5041,803.868373871,1.3116413354873657,0.7865468263626099,0.0589277483522892,0.20980210602283478
5042,804.029676382,1.2596163749694824,0.7343408465385437,0.058907683938741684,0.20987457036972046
5043,804.190604948,1.182814359664917,0.6563569903373718,0.0589107982814312,0.21034730970859528
5044,804.351536499,1.2175921201705933,0.6881823539733887,0.058950427919626236,0.21152810752391815
5045,804.511653746,1.3720569610595703,0.8384315967559814,0.05903347581624985,0.21321402490139008
5046,804.67123781,1.344660758972168,0.8065601587295532,0.05913389474153519,0.21500371396541595
5047,804.832076112,1.3561885356903076,0.8139489889144897,0.059236329048871994,0.21665887534618378
5048,804.9912600050001,1.2823189496994019,0.7367385625839233,0.05932549387216568,0.21799485385417938
5049,805.150259941,1.2993950843811035,0.7504246234893799,0.05940078943967819,0.21935057640075684
5050,805.310453386,1.3305041790008545,0.7778898477554321,0.05948799103498459,0.22080780565738678
5051,805.469532233,1.2666562795639038,0.7104728817939758,0.059567272663116455,0.2222350835800171
5052,805.629549359,1.364614486694336,0.8040339946746826,0.059677429497241974,0.22399349510669708
5053,805.7891982499999,1.3637486696243286,0.7980217933654785,0.05980556085705757,0.22605152428150177
5054,805.94976695,1.3310399055480957,0.7604947090148926,0.05993131175637245,0.22797837853431702
5055,806.109499241,1.385390281677246,0.8109315633773804,0.060050152242183685,0.2295433133840561
5056,806.2687156850001,1.2575979232788086,0.6801518201828003,0.06015968695282936,0.2307378202676773
5057,806.4283191799999,1.3742334842681885,0.7947328090667725,0.06024758890271187,0.23155929148197174
5058,806.5872086969999,1.4069194793701172,0.8262117505073547,0.060317203402519226,0.23204177618026733
5059,806.747393239,1.369887351989746,0.7889138460159302,0.060361407697200775,0.2321479767560959
5060,806.907345406,1.3553942441940308,0.7750895023345947,0.06038028746843338,0.23188038170337677
5061,807.0673127480001,1.3493168354034424,0.7704352140426636,0.06038033217191696,0.2313111573457718
5062,807.227854679,1.446977138519287,0.8699031472206116,0.06036299094557762,0.2305881679058075
5063,807.3883582960001,1.3425670862197876,0.7676807045936584,0.06033112108707428,0.22971321642398834
5064,807.5471423780001,1.32557213306427,0.7533860802650452,0.06028452143073082,0.22863328456878662
5065,807.705978119,1.341641902923584,0.7727245092391968,0.0602208636701107,0.22732608020305634
5066,807.866850235,1.2532424926757812,0.6875349283218384,0.06014810502529144,0.22604241967201233
5067,808.0259954869999,1.3502756357192993,0.7868846654891968,0.06008411943912506,0.2251160591840744
5068,808.186320206,1.279097318649292,0.7173157930374146,0.06002936139702797,0.22447247803211212
5069,808.34604321,1.2397589683532715,0.6791542768478394,0.059987034648656845,0.2240019142627716
5070,808.505063313,1.3123886585235596,0.7505089640617371,0.05999867245554924,0.22451189160346985
5071,808.665523667,1.3373037576675415,0.7716061472892761,0.06007193401455879,0.22603876888751984
5072,808.826904914,1.2713327407836914,0.7010756134986877,0.060168422758579254,0.2278621792793274
5073,808.988168105,1.3548411130905151,0.7795060276985168,0.06028939411044121,0.22989287972450256
5074,809.1476399,1.3247706890106201,0.7443352937698364,0.060420796275138855,0.23193246126174927
5075,809.3074764280001,1.2547862529754639,0.6699404716491699,0.060549426823854446,0.2336961328983307
5076,809.4673754679999,1.399261713027954,0.8105737566947937,0.06066283583641052,0.23523253202438354
5077,809.6260590190001,1.4240682125091553,0.832146167755127,0.06077131628990173,0.2365257292985916
5078,809.786087776,1.3332087993621826,0.7379094362258911,0.06086723133921623,0.2378762662410736
5079,809.9477409089999,1.2822060585021973,0.6833703517913818,0.06097009405493736,0.23929038643836975
5080,810.107205417,1.3164021968841553,0.7142431139945984,0.06106511130928993,0.24061934649944305
5081,810.2678281330001,1.332076072692871,0.7264046669006348,0.06116019934415817,0.24202394485473633
5082,810.4277117989999,1.366637110710144,0.7575774192810059,0.06126028671860695,0.24337881803512573
5083,810.587270136,1.3253376483917236,0.7135602235794067,0.06135377660393715,0.24446558952331543
5084,810.7461573290001,1.4722068309783936,0.8580611944198608,0.06144239008426666,0.24541249871253967
5085,810.9058958049999,1.3680590391159058,0.7520474791526794,0.06152087450027466,0.24615855515003204
5086,811.064844638,1.3784756660461426,0.7611363530158997,0.061588071286678314,0.24668937921524048
5087,811.2253138,1.3684771060943604,0.7494854927062988,0.06166195124387741,0.24734999239444733
5088,811.3845962649999,1.396309733390808,0.7751562595367432,0.06174594908952713,0.24821440875530243
5089,811.5444274350001,1.3879094123840332,0.7640371322631836,0.06184697523713112,0.24930153787136078
5090,811.7049926169999,1.3993644714355469,0.7725827693939209,0.06194840744137764,0.25046491622924805
5091,811.865530809,1.469638466835022,0.8402459621429443,0.06204533949494362,0.25150883197784424
5092,812.024833714,1.346644639968872,0.7153643369674683,0.06212645396590233,0.252263605594635
5093,812.1843068310001,1.3894551992416382,0.7570548057556152,0.062193162739276886,0.25271138548851013
5094,812.343474981,1.3955364227294922,0.7626254558563232,0.06224774196743965,0.2529154419898987
5095,812.5025972049999,1.3545465469360352,0.7218345999717712,0.06228305771946907,0.25283563137054443
5096,812.66259409,1.4652467966079712,0.8323124647140503,0.06232369691133499,0.25292444229125977
5097,812.8219231310001,1.3092460632324219,0.6754183769226074,0.06237323582172394,0.2532815635204315
5098,812.982061111,1.3775100708007812,0.7421801090240479,0.062447987496852875,0.25388219952583313
5099,813.1415358999999,1.331956148147583,0.69425368309021,0.06254281848669052,0.2548307776451111
5100,813.3012282139999,1.4105184078216553,0.7697277069091797,0.06265474855899811,0.25606563687324524
5101,813.476048401,1.4937796592712402,0.8497422933578491,0.06277616322040558,0.25736382603645325
5102,813.636350316,1.344191551208496,0.6975191235542297,0.062889464199543,0.25841742753982544
5103,813.7969174420001,1.440516710281372,0.7916965484619141,0.06299593299627304,0.2592760920524597
5104,813.9557991139999,1.351675271987915,0.7011820077896118,0.06308737397193909,0.25994494557380676
5105,814.116738286,1.4442119598388672,0.792883038520813,0.06315317004919052,0.26027899980545044
5106,814.2772287409999,1.4295086860656738,0.7759876251220703,0.06324756145477295,0.2611554265022278
5107,814.438266945,1.4510746002197266,0.7936998605728149,0.06337893754243851,0.26269635558128357
5108,814.597660521,1.429909110069275,0.7685296535491943,0.06352239847183228,0.2642976939678192
5109,814.7566121589999,1.484748363494873,0.8199600577354431,0.06366091221570969,0.2656606435775757
5110,814.9160799099999,1.459481954574585,0.7923234701156616,0.06377851217985153,0.2666082978248596
5111,815.075414817,1.490842580795288,0.8225553035736084,0.06386494636535645,0.26705941557884216
5112,815.2358286519999,1.4233407974243164,0.7551751136779785,0.06392243504524231,0.2670105993747711
5113,815.3952431460001,1.4451979398727417,0.777013897895813,0.06399111449718475,0.267017662525177
5114,815.5551476229999,1.4516115188598633,0.7830535173416138,0.06406290084123611,0.26716694235801697
5115,815.7162546830001,1.3503522872924805,0.6818079352378845,0.06411978602409363,0.26716122031211853
5116,815.8767883930001,1.3863990306854248,0.7185772061347961,0.06414775550365448,0.2668721675872803
5117,816.038483428,1.4526872634887695,0.7864357233047485,0.06414934992790222,0.2662440240383148
5118,816.2012655689999,1.407423973083496,0.7433499097824097,0.06413453072309494,0.2653731107711792
5119,816.363363782,1.452803134918213,0.7914520502090454,0.06410423666238785,0.26428404450416565
5120,816.5226714470001,1.3676917552947998,0.7097392082214355,0.06405426561832428,0.26292482018470764
5121,816.683174028,1.4962741136550903,0.8423014879226685,0.06398560106754303,0.2613331079483032
5122,816.8424268980001,1.4121885299682617,0.762521505355835,0.0639018639922142,0.25961121916770935
5123,817.0011604099999,1.443365454673767,0.7972240447998047,0.06383790820837021,0.2582012116909027
5124,817.160824184,1.4517128467559814,0.808364748954773,0.06378299742937088,0.25708407163619995
5125,817.321408893,1.2822625637054443,0.6415917873382568,0.06372310221195221,0.2560134530067444
5126,817.4808903659999,1.3468164205551147,0.7067016363143921,0.06370269507169724,0.2557910978794098
5127,817.6402542740001,1.3542535305023193,0.7123464345932007,0.0637473538517952,0.25650787353515625
5128,817.8008593599999,1.3809990882873535,0.7366197109222412,0.06382697820663452,0.2574964761734009
5129,817.9617991419999,1.3838131427764893,0.7370966672897339,0.06391020119190216,0.25843098759651184
5130,818.1221982820001,1.375443458557129,0.726995587348938,0.0639801099896431,0.25912320613861084
5131,818.282217307,1.396083116531372,0.7461892366409302,0.06404449045658112,0.25970134139060974
5132,818.440875028,1.4069631099700928,0.755706787109375,0.06409844011068344,0.2602461576461792
5133,818.600422048,1.4997999668121338,0.8476574420928955,0.06413857638835907,0.2606004476547241
5134,818.760027075,1.437734603881836,0.7854338884353638,0.06416188180446625,0.26066359877586365
5135,818.9203368980001,1.3138866424560547,0.6623364686965942,0.06416093558073044,0.26036345958709717
5136,819.0795574590001,1.3564015626907349,0.7062584161758423,0.06413767486810684,0.2598007023334503
5137,819.239402518,1.380141258239746,0.7318040728569031,0.064107246696949,0.2590784728527069
5138,819.399607124,1.3633456230163574,0.7173219919204712,0.06406157463788986,0.25815320014953613
5139,819.559814002,1.3673675060272217,0.7241517305374146,0.0639963448047638,0.25703030824661255
5140,819.719428648,1.370312213897705,0.7299674153327942,0.06390073150396347,0.25588229298591614
5141,819.8788281379999,1.3975841999053955,0.7601103186607361,0.06380322575569153,0.2547343671321869
5142,820.037629324,1.36759352684021,0.7332244515419006,0.06370190531015396,0.2534928321838379
5143,820.197876673,1.4016752243041992,0.7707337737083435,0.06359239667654037,0.2521222233772278
5144,820.357801277,1.371737003326416,0.7445032596588135,0.06347799301147461,0.25063958764076233
5145,820.516382162,1.382660150527954,0.7593908309936523,0.0633552223443985,0.24905428290367126
5146,820.675700393,1.3101855516433716,0.6912679672241211,0.0632285475730896,0.24731412529945374
5147,820.8354695889999,1.4008933305740356,0.7853721380233765,0.06311510503292084,0.24595601856708527
5148,820.9950521530001,1.4989510774612427,0.8857604265213013,0.06302386522293091,0.2450241595506668
5149,821.154340145,1.3440170288085938,0.732991099357605,0.06294046342372894,0.24415862560272217
5150,821.3133286189999,1.3412868976593018,0.7327101230621338,0.06285137683153152,0.24317927658557892
5151,821.472269019,1.3410850763320923,0.7353553771972656,0.062763512134552,0.24204082787036896
5152,821.6326902059999,1.3847296237945557,0.7819154262542725,0.06267502158880234,0.2408749908208847
5153,821.7938613109999,1.3643357753753662,0.7645360231399536,0.06258498132228851,0.2396695464849472
5154,821.9535623749999,1.370214819908142,0.7733161449432373,0.06248965486884117,0.23850952088832855
5155,822.114370872,1.2421002388000488,0.647929310798645,0.06240400671958923,0.23741872608661652
5156,822.274656939,1.4022071361541748,0.8106752634048462,0.06231683865189552,0.2363634556531906
5157,822.4340784750001,1.2195532321929932,0.6308118104934692,0.06222797930240631,0.2352476567029953
5158,822.5930179999999,1.3923351764678955,0.8062251210212708,0.06213606894016266,0.23419545590877533
5159,822.7520762949999,1.3045525550842285,0.7204965949058533,0.06205500662326813,0.23337414860725403
5160,822.911098617,1.2792932987213135,0.696823239326477,0.06197905167937279,0.2327401489019394
5161,823.0703027860001,1.2840044498443604,0.702580988407135,0.061909765005111694,0.23232172429561615
5162,823.2304443050001,1.3193104267120361,0.7383485436439514,0.06185872480273247,0.2321372926235199
5163,823.3902978540001,1.3528441190719604,0.7722668647766113,0.061814140528440475,0.23198363184928894
5164,823.5508079929999,1.30122709274292,0.7214388847351074,0.06176219508051872,0.23166823387145996
5165,823.7100324090001,1.3561196327209473,0.7773486375808716,0.06169988960027695,0.23126159608364105
5166,823.869394878,1.3870518207550049,0.8083392381668091,0.06167159974575043,0.23123833537101746
5167,824.0275823430001,1.3261204957962036,0.74644935131073,0.06166769191622734,0.23162178695201874
5168,824.1878051140001,1.338004469871521,0.7568989992141724,0.06167794391512871,0.23219548165798187
5169,824.3478802609999,1.3514220714569092,0.768903374671936,0.06169117987155914,0.2327607125043869
5170,824.5074741310001,1.4155912399291992,0.8322216868400574,0.061696816235780716,0.233101025223732
5171,824.6673886729999,1.3823208808898926,0.7988771796226501,0.06169058009982109,0.23313072323799133
5172,824.8279587610001,1.3713557720184326,0.7887636423110962,0.06166559457778931,0.23279021680355072
5173,824.9886201170001,1.377331256866455,0.7963784337043762,0.06162530183792114,0.2321346402168274
5174,825.149074152,1.4066214561462402,0.8254064321517944,0.061619170010089874,0.23223955929279327
5175,825.3090376439999,1.3935245275497437,0.8098244071006775,0.06165853515267372,0.23323339223861694
5176,825.4683168810001,1.3396334648132324,0.7517242431640625,0.06174444407224655,0.23491668701171875
5177,825.627828538,1.338174819946289,0.7424290776252747,0.061897438019514084,0.23805071413516998
5178,825.787786991,1.3277790546417236,0.7216629981994629,0.06215439736843109,0.24219778180122375
5179,825.94756242,1.3109326362609863,0.6940069794654846,0.06243828684091568,0.2465204894542694
5180,826.1070826839999,1.4408869743347168,0.8138492703437805,0.06271573156118393,0.25056424736976624
5181,826.267515544,1.4246889352798462,0.7888333201408386,0.06297732144594193,0.2540903389453888
5182,826.4281754990001,1.405088186264038,0.7619553804397583,0.06321463733911514,0.25700026750564575
5183,826.5894926039999,1.545717716217041,0.8967190980911255,0.06342589110136032,0.25934574007987976
5184,826.7504767290001,1.3663043975830078,0.7128678560256958,0.06360428035259247,0.2611202001571655
5185,826.910456271,1.4116978645324707,0.7547594308853149,0.06376057863235474,0.26252031326293945
5186,827.069541451,1.3855258226394653,0.7258727550506592,0.06389585882425308,0.26360565423965454
5187,827.228561219,1.415499210357666,0.7538846731185913,0.06400658190250397,0.2643897533416748
5188,827.3882417200001,1.374830722808838,0.712031364440918,0.06409303843975067,0.26486334204673767
5189,827.5488081520001,1.4084973335266113,0.745011031627655,0.06415245682001114,0.2651379406452179
5190,827.709333575,1.4562201499938965,0.7923662662506104,0.06420688331127167,0.2652847170829773
5191,827.8687162130001,1.48099684715271,0.81689453125,0.06424558162689209,0.26538392901420593
5192,828.0290728250001,1.4752498865127563,0.8109378814697266,0.06427980214357376,0.26546770334243774
5193,828.190641451,1.3159563541412354,0.6518193483352661,0.06429725140333176,0.2653976380825043
5194,828.3515597720001,1.374503254890442,0.710245668888092,0.06431831419467926,0.2654457688331604
5195,828.5133249280001,1.4499503374099731,0.7843942642211914,0.0643753856420517,0.26596492528915405
5196,828.6758890310001,1.4029209613800049,0.7350181937217712,0.064455047249794,0.26690325140953064
5197,828.8372577020001,1.480475664138794,0.8087553977966309,0.06458649784326553,0.26842978596687317
5198,828.9970208880001,1.4892480373382568,0.8128891587257385,0.06474560499191284,0.2702845335006714
5199,829.1570002090001,1.4458074569702148,0.7651082277297974,0.06489770859479904,0.2720201015472412
5200,829.315456893,1.511624813079834,0.8274111747741699,0.0650261789560318,0.2734253406524658
5201,829.490935057,1.4508461952209473,0.7641847133636475,0.06513120979070663,0.2744041085243225
5202,829.6510768920001,1.4429640769958496,0.7549366354942322,0.06521204859018326,0.2749501168727875
5203,829.8107162540001,1.5450167655944824,0.8567142486572266,0.06526368856430054,0.27505993843078613
5204,829.9714179030001,1.4111204147338867,0.7236781120300293,0.06528261303901672,0.27471575140953064
5205,830.1317029200001,1.4532496929168701,0.7676088213920593,0.06526991724967957,0.2739952504634857
5206,830.291812195,1.4416568279266357,0.7586706876754761,0.06522700935602188,0.27293357253074646
5207,830.4512439040001,1.3602622747421265,0.680773913860321,0.06515612453222275,0.2715347409248352
5208,830.609713056,1.3280932903289795,0.6505953669548035,0.06511697173118591,0.27073872089385986
5209,830.7697728060001,1.4283311367034912,0.7506863474845886,0.06511244177818298,0.270797461271286
5210,830.930579106,1.471907138824463,0.7912114858627319,0.065190389752388,0.27201753854751587
5211,831.090097115,1.4308106899261475,0.7447555661201477,0.06534277647733688,0.2741606533527374
5212,831.2513609870001,1.4696227312088013,0.7776007652282715,0.06552594155073166,0.2765466868877411
5213,831.4117358730001,1.4689929485321045,0.7715550661087036,0.06570634990930557,0.27871233224868774
5214,831.5725631649999,1.4758899211883545,0.7740399837493896,0.06587724387645721,0.280476450920105
5215,831.733162871,1.488433837890625,0.7833570241928101,0.06602124124765396,0.2817665934562683
5216,831.893203512,1.5715391635894775,0.8645538687705994,0.0661318302154541,0.2825295627117157
5217,832.053704609,1.5391004085540771,0.8315738439559937,0.0662018209695816,0.2827457785606384
5218,832.2128887949999,1.5009126663208008,0.794073224067688,0.0662342756986618,0.28247085213661194
5219,832.3725124209999,1.4722542762756348,0.767285943031311,0.06622708588838577,0.28172239661216736
5220,832.532613017,1.4219303131103516,0.7198467254638672,0.06618733704090118,0.2805686891078949
5221,832.6917166039999,1.50490140914917,0.8063907623291016,0.06612546741962433,0.27913975715637207
5222,832.8523402530001,1.4613561630249023,0.766988217830658,0.0660407617688179,0.2774829864501953
5223,833.0125127949999,1.4466626644134521,0.7569347620010376,0.06593505293130875,0.2756274342536926
5224,833.1722164480001,1.4517955780029297,0.7670093178749084,0.06581582129001617,0.27365124225616455
5225,833.332194338,1.5074210166931152,0.8279209136962891,0.06568276882171631,0.27153727412223816
5226,833.491560393,1.5113747119903564,0.8375794887542725,0.06553543359041214,0.26925593614578247
5227,833.6507993219999,1.4628818035125732,0.7951895594596863,0.06537401676177979,0.2668153941631317
5228,833.8107547630001,1.485111951828003,0.8238821029663086,0.06520083546638489,0.2642311453819275
5229,833.9699958990001,1.4320906400680542,0.7776106595993042,0.06501389294862747,0.26153191924095154
5230,834.130326201,1.474136233329773,0.8266928195953369,0.06481654196977615,0.2587181031703949
5231,834.2913304269999,1.4059998989105225,0.765739917755127,0.06461258977651596,0.2558455765247345
5232,834.452489546,1.4134173393249512,0.7802901268005371,0.06439869105815887,0.25299328565597534
5233,834.611756461,1.2711387872695923,0.6451190710067749,0.06418276578187943,0.2501511573791504
5234,834.7712614799999,1.3041205406188965,0.6846641302108765,0.0639866441488266,0.247526615858078
5235,834.9310364649999,1.489937424659729,0.8763061165809631,0.06380364298820496,0.24519731104373932
5236,835.089646671,1.378749966621399,0.7706842422485352,0.0636221170425415,0.24297180771827698
5237,835.2496131710001,1.3698656558990479,0.7674192190170288,0.06344091147184372,0.2407248169183731
5238,835.408469009,1.270704984664917,0.674040675163269,0.0632529929280281,0.23841269314289093
5239,835.5684849410001,1.436669111251831,0.8445411920547485,0.06306955218315125,0.2365989089012146
5240,835.7286114750001,1.2325509786605835,0.6435723304748535,0.06291494518518448,0.23533980548381805
5241,835.88829873,1.352137565612793,0.7653785943984985,0.06279175728559494,0.23445242643356323
5242,836.0466122920001,1.4048142433166504,0.8196890354156494,0.06269288063049316,0.23379933834075928
5243,836.2059960380001,1.3683404922485352,0.7847900390625,0.06259986758232117,0.23316973447799683
5244,836.3660829659999,1.3963316679000854,0.8143673539161682,0.06251171976327896,0.23253567516803741
5245,836.524715469,1.3331949710845947,0.7530343532562256,0.062423061579465866,0.23181456327438354
5246,836.684439405,1.3519412279129028,0.7734694480895996,0.06233595311641693,0.23113936185836792
5247,836.843766155,1.3604905605316162,0.7834838628768921,0.06226199120283127,0.23055364191532135
5248,837.0042964349999,1.3353235721588135,0.7599422931671143,0.062188807874917984,0.22990374267101288
5249,837.1636652579999,1.2743644714355469,0.7010623812675476,0.062107499688863754,0.2290724217891693
5250,837.322383907,1.2439136505126953,0.6731887459754944,0.06202005222439766,0.2280418872833252
5251,837.481487502,1.37150239944458,0.8036458492279053,0.06192757561802864,0.22689487040042877
5252,837.6414918720001,1.2946991920471191,0.7300346493721008,0.06182919442653656,0.22561848163604736
5253,837.8010544719999,1.3319659233093262,0.7701394557952881,0.061730656772851944,0.2244836390018463
5254,837.961611669,1.309570550918579,0.7500265836715698,0.061637695878744125,0.2235710620880127
5255,838.1218924809999,1.3329262733459473,0.7756023406982422,0.06154884025454521,0.2226833701133728
5256,838.2824651269999,1.2787531614303589,0.7237469553947449,0.061455707997083664,0.22175663709640503
5257,838.442372914,1.2463161945343018,0.6934636831283569,0.061360880732536316,0.22089554369449615
5258,838.6020270319999,1.2915617227554321,0.738723635673523,0.06130467355251312,0.22089001536369324
5259,838.7603792660001,1.3056741952896118,0.750872790813446,0.06129367649555206,0.22167539596557617
5260,838.920863402,1.3218082189559937,0.7643413543701172,0.06131012737751007,0.2227415144443512
5261,839.081185718,1.3700807094573975,0.8099650144577026,0.06133846193552017,0.22380095720291138
5262,839.241272228,1.306154489517212,0.7437782883644104,0.06136854737997055,0.22470499575138092
5263,839.4012386999999,1.341961145401001,0.7780335545539856,0.06139587610960007,0.22532546520233154
5264,839.5610002059999,1.3109791278839111,0.7463096976280212,0.06141727417707443,0.22562213242053986
5265,839.721157242,1.361459732055664,0.7968690395355225,0.061422813683748245,0.2255905568599701
5266,839.880532175,1.2953593730926514,0.7317438125610352,0.06140846386551857,0.22520054876804352
5267,840.04004116,1.3814940452575684,0.8185591697692871,0.061394963413476944,0.22492840886116028
5268,840.1993689289999,1.270800232887268,0.7082265615463257,0.06138865649700165,0.22478391230106354
5269,840.3590571589999,1.2850890159606934,0.7221983075141907,0.06139656901359558,0.2249106615781784
5270,840.5191243139999,1.3697149753570557,0.805932343006134,0.061419080942869186,0.22526735067367554
5271,840.6788057980001,1.340194582939148,0.7756524682044983,0.06144840642809868,0.22557106614112854
5272,840.8397191390001,1.352787971496582,0.7876906991004944,0.061475202441215515,0.2257930189371109
5273,840.999880271,1.338536262512207,0.7731840014457703,0.06149612367153168,0.22589489817619324
5274,841.160300547,1.3116260766983032,0.746517539024353,0.061503760516643524,0.2257973998785019
5275,841.3193411630001,1.2306115627288818,0.6662203669548035,0.061493683606386185,0.22551049292087555
5276,841.478032974,1.3410778045654297,0.7775099277496338,0.06147550418972969,0.2251812219619751
5277,841.6386483120001,1.3011372089385986,0.7386298775672913,0.06144988536834717,0.2247571498155594
5278,841.798291506,1.3532249927520752,0.7920200228691101,0.061411574482917786,0.22423632442951202
5279,841.957934788,1.4154303073883057,0.8558706045150757,0.061364974826574326,0.22357840836048126
5280,842.1174471549999,1.391190528869629,0.8338183760643005,0.06130414456129074,0.22270366549491882
5281,842.278188746,1.2743889093399048,0.7196798324584961,0.061237238347530365,0.22163867950439453
5282,842.438185078,1.2164711952209473,0.6647312045097351,0.06115671992301941,0.22045141458511353
5283,842.597449877,1.403586506843567,0.8514559268951416,0.06111354008316994,0.22060778737068176
5284,842.757412545,1.329574465751648,0.7740428447723389,0.061147186905145645,0.22196805477142334
5285,842.9158648209999,1.3682191371917725,0.8085734844207764,0.06121516227722168,0.2236134111881256
5286,843.0758474529999,1.4265923500061035,0.8631092309951782,0.06129588186740875,0.2251480519771576
5287,843.235056336,1.271130084991455,0.7046423554420471,0.061373695731163025,0.2263496220111847
5288,843.395409241,1.210857629776001,0.6424797773361206,0.061437081545591354,0.22710542380809784
5289,843.555436792,1.4411566257476807,0.8707800507545471,0.06150280684232712,0.22790466248989105
5290,843.715493042,1.3964240550994873,0.8238571286201477,0.061563555151224136,0.22878047823905945
5291,843.875142471,1.3207905292510986,0.7465417981147766,0.06160577014088631,0.22945307195186615
5292,844.034823884,1.3319947719573975,0.7569065690040588,0.06162644550204277,0.22978876531124115
5293,844.1937411319999,1.3189367055892944,0.7439000606536865,0.061629485338926315,0.22976812720298767
5294,844.353279283,1.4271976947784424,0.8530809879302979,0.061615969985723495,0.22940021753311157
5295,844.5127591040001,1.3494288921356201,0.7769969701766968,0.061583518981933594,0.22872643172740936
5296,844.6722379500001,1.4005026817321777,0.8299649953842163,0.06153658777475357,0.2279689460992813
5297,844.8327500209999,1.2718322277069092,0.7001112699508667,0.06153136491775513,0.2284422665834427
5298,844.992879801,1.2704696655273438,0.6928985714912415,0.061631400138139725,0.2307819426059723
5299,845.1531985390001,1.4078218936920166,0.8210453987121582,0.061830323189496994,0.23446327447891235
5300,845.3135847520001,1.3982858657836914,0.8012163639068604,0.06208012253046036,0.23857945203781128
5301,845.489438723,1.4504690170288086,0.8436806201934814,0.06234561651945114,0.242466002702713
5302,845.649813571,1.3440983295440674,0.7288106083869934,0.06261128187179565,0.2458646446466446
5303,845.8104464480001,1.2971563339233398,0.6747618913650513,0.06285437941551208,0.24870634078979492
5304,845.969759464,1.355921745300293,0.7275164723396301,0.0630733072757721,0.251109778881073
5305,846.129592393,1.2391185760498047,0.6056966781616211,0.06327229738235474,0.2531156837940216
5306,846.2902075979999,1.4309611320495605,0.791579008102417,0.06348201632499695,0.2554989159107208
5307,846.44908389,1.487621784210205,0.841350793838501,0.06371567398309708,0.2582535445690155
5308,846.6090769199999,1.4045584201812744,0.751875638961792,0.06394146382808685,0.26081734895706177
5309,846.7676454040001,1.3800179958343506,0.7218471765518188,0.0641542375087738,0.2630116939544678
5310,846.9279831760001,1.4163031578063965,0.753598690032959,0.06434112787246704,0.26482442021369934
5311,847.087602149,1.4255690574645996,0.7594332098960876,0.06449658423662186,0.2661963403224945
5312,847.247062069,1.4112682342529297,0.7429300546646118,0.06461144238710403,0.2670768201351166
5313,847.4069972420001,1.4101336002349854,0.7403966188430786,0.06469931453466415,0.2676359713077545
5314,847.566586886,1.4428935050964355,0.7725011706352234,0.06476441025733948,0.26789790391921997
5315,847.7266865170001,1.3142898082733154,0.6440092325210571,0.06480589509010315,0.2678529620170593
5316,847.885678622,1.3642122745513916,0.6928613185882568,0.06487999111413956,0.26828089356422424
5317,848.0444162980001,1.4048161506652832,0.7308062314987183,0.0649704709649086,0.2693440616130829
5318,848.204089679,1.4519524574279785,0.774893045425415,0.06506843119859695,0.2705634832382202
5319,848.3652177529999,1.4893906116485596,0.8094990849494934,0.06515488028526306,0.271696001291275
5320,848.5250980459999,1.4021764993667603,0.7200548648834229,0.0652315616607666,0.27258771657943726
5321,848.6856631090001,1.501990795135498,0.8183360695838928,0.06529007852077484,0.2732006907463074
5322,848.846419805,1.4686822891235352,0.7841913104057312,0.06533565372228622,0.2735350728034973
5323,849.0057322670001,1.3801449537277222,0.6957115530967712,0.06536085903644562,0.2735119163990021
5324,849.1644591600001,1.4070180654525757,0.7235127687454224,0.06536225974559784,0.27314066886901855
5325,849.3234957159999,1.464231014251709,0.7824883460998535,0.0653410330414772,0.2724356949329376
5326,849.483708677,1.4350312948226929,0.7559499740600586,0.06529450416564941,0.27137133479118347
5327,849.6441252779999,1.4254939556121826,0.749943196773529,0.06522281467914581,0.269959419965744
5328,849.8027281440001,1.476436734199524,0.8051969408988953,0.0651286318898201,0.26823538541793823
5329,849.9625704429999,1.4511184692382812,0.784801721572876,0.06501273810863495,0.26626667380332947
5330,850.1224240969999,1.4000091552734375,0.7391159534454346,0.0648760125041008,0.26409780979156494
5331,850.281735618,1.4438555240631104,0.7888105511665344,0.06472258269786835,0.26175910234451294
5332,850.4420422110001,1.3948791027069092,0.7453911304473877,0.06456264108419418,0.2595369517803192
5333,850.6009845909999,1.368220567703247,0.7239208817481995,0.0644090473651886,0.2574622631072998
5334,850.759672197,1.3723104000091553,0.7317448854446411,0.0642770528793335,0.2559691071510315
5335,850.91982937,1.4011754989624023,0.762978196144104,0.06416832655668259,0.255022257566452
5336,851.0789556569999,1.3890602588653564,0.7528497576713562,0.06408701837062836,0.254227876663208
5337,851.2389214159999,1.4251890182495117,0.7909953594207764,0.06401152163743973,0.2534213960170746
5338,851.3995946450001,1.3482601642608643,0.7162378430366516,0.0639307051897049,0.25255319476127625
5339,851.5605397190001,1.3062163591384888,0.6764377355575562,0.063846655189991,0.25165605545043945
5340,851.7214469009999,1.4905455112457275,0.8629283308982849,0.06376002728939056,0.25079184770584106
5341,851.8812040040001,1.4001798629760742,0.7748732566833496,0.06366895139217377,0.24986793100833893
5342,852.042217418,1.3982586860656738,0.7756084203720093,0.06357500702142715,0.24880579113960266
5343,852.2029778689999,1.367279291152954,0.7477778196334839,0.06347531825304031,0.2475467026233673
5344,852.3624830560001,1.5020830631256104,0.885901689529419,0.06336996704339981,0.24621906876564026
5345,852.520833126,1.3118445873260498,0.6990982294082642,0.06325959414243698,0.24484553933143616
5346,852.6810479019999,1.3405544757843018,0.7316024899482727,0.06313931196928024,0.24332821369171143
5347,852.8425106440001,1.3070141077041626,0.7023029327392578,0.06301102042198181,0.24163243174552917
5348,853.001918025,1.3864846229553223,0.7858250141143799,0.06289363652467728,0.2400122433900833
5349,853.162119001,1.3850927352905273,0.7879486083984375,0.06278234720230103,0.2386065423488617
5350,853.323139002,1.3594541549682617,0.765699028968811,0.06267058849334717,0.23725135624408722
5351,853.48445239,1.3516570329666138,0.7612121105194092,0.0625595897436142,0.23592771589756012
5352,853.6452716800001,1.2995277643203735,0.712067186832428,0.0624699629843235,0.23473434150218964
5353,853.804520373,1.3381062746047974,0.753272294998169,0.06237703934311867,0.23368409276008606
5354,853.9633648539999,1.4153947830200195,0.8316028118133545,0.06232217699289322,0.23326750099658966
5355,854.1212091629999,1.4444071054458618,0.8603063821792603,0.0622846782207489,0.23339113593101501
5356,854.280967197,1.3328487873077393,0.7483304738998413,0.062257565557956696,0.2335582971572876
5357,854.440258948,1.3503564596176147,0.7656776905059814,0.06223004311323166,0.23362259566783905
5358,854.59993535,1.4116734266281128,0.8271746635437012,0.06220356002449989,0.23355069756507874
5359,854.7599535400001,1.3501617908477783,0.7661941051483154,0.06218111887574196,0.2333383858203888
5360,854.919969186,1.3330011367797852,0.7498757243156433,0.06215360015630722,0.23300153017044067
5361,855.0791765390001,1.3596394062042236,0.7773685455322266,0.06212073192000389,0.23265983164310455
5362,855.238298951,1.3270559310913086,0.7457246780395508,0.06209086254239082,0.23228411376476288
5363,855.3970303540001,1.3725311756134033,0.7923691272735596,0.06205514818429947,0.23181657493114471
5364,855.556822933,1.2722923755645752,0.6936403512954712,0.06200973689556122,0.23121277987957
5365,855.715882073,1.4266111850738525,0.848598301410675,0.06197338551282883,0.2309572547674179
5366,855.8754898630001,1.362971305847168,0.784713089466095,0.06195228546857834,0.23105546832084656
5367,856.035671552,1.2227786779403687,0.6438164114952087,0.06194832921028137,0.23133711516857147
5368,856.1959083129999,1.3681440353393555,0.7875000834465027,0.06197141110897064,0.23200969398021698
5369,856.355128,1.3099942207336426,0.7269595861434937,0.06201890856027603,0.23296581208705902
5370,856.5137967100001,1.3918695449829102,0.8064727187156677,0.06207765266299248,0.2339104413986206
5371,856.672351413,1.292210578918457,0.7049394845962524,0.06213783845305443,0.23465989530086517
5372,856.8320654779999,1.3593387603759766,0.7697430849075317,0.062201764434576035,0.23558944463729858
5373,856.9918195500001,1.3011560440063477,0.7086735963821411,0.062280770391225815,0.23674385249614716
5374,857.1518891869999,1.35587477684021,0.7605886459350586,0.062354136258363724,0.23786501586437225
5375,857.3120826329999,1.3555251359939575,0.7579741477966309,0.06242447718977928,0.23877069354057312
5376,857.472662319,1.4024778604507446,0.803230881690979,0.062472157180309296,0.2394489049911499
5377,857.6313038760001,1.325080156326294,0.7247792482376099,0.06250646710395813,0.2398703396320343
5378,857.7904697529999,1.3718489408493042,0.7713528871536255,0.06252030283212662,0.2399483472108841
5379,857.9490672109999,1.4265412092208862,0.8266710042953491,0.06250855326652527,0.23969805240631104
5380,858.108860493,1.2945680618286133,0.6961336135864258,0.062477704137563705,0.23912383615970612
5381,858.266827414,1.272503137588501,0.6762803196907043,0.062423840165138245,0.23823943734169006
5382,858.4254703969999,1.32634437084198,0.7328314185142517,0.06235345080494881,0.23715578019618988
5383,858.585499685,1.3794702291488647,0.7888685464859009,0.06227802485227585,0.23599155247211456
5384,858.7456383330001,1.3946399688720703,0.8073392510414124,0.062197279185056686,0.23467151820659637
5385,858.905221632,1.3606746196746826,0.7770913243293762,0.062108881771564484,0.23318485915660858
5386,859.064517505,1.3560233116149902,0.7764749526977539,0.062010299414396286,0.23157131671905518
5387,859.223905083,1.3707820177078247,0.7956723570823669,0.061900511384010315,0.22979627549648285
5388,859.3838201709999,1.339171051979065,0.7669971585273743,0.061811234802007675,0.22862231731414795
5389,859.543058766,1.3329379558563232,0.7620077133178711,0.061759043484926224,0.22812508046627045
5390,859.702810251,1.3279671669006348,0.7576823234558105,0.06171939894556999,0.2278670370578766
5391,859.8631093549999,1.2925035953521729,0.7223899960517883,0.06168927997350693,0.2277986854314804
5392,860.023455034,1.3196415901184082,0.7492086887359619,0.06168178468942642,0.22792644798755646
5393,860.1821321199999,1.2924917936325073,0.7210639715194702,0.06169241666793823,0.22832435369491577
5394,860.342252584,1.2794628143310547,0.7067580223083496,0.061718519777059555,0.2288350611925125
5395,860.501109142,1.3928592205047607,0.8191913366317749,0.06174140423536301,0.2292202264070511
5396,860.66108468,1.3881752490997314,0.8141783475875854,0.061757057905197144,0.2293516993522644
5397,860.8216845840001,1.4067268371582031,0.8332030177116394,0.061756812036037445,0.22916246950626373
5398,860.9808847620001,1.3283400535583496,0.7562148571014404,0.061734482645988464,0.22860316932201385
5399,861.141169205,1.3626785278320312,0.792820394039154,0.06168898940086365,0.2276964634656906
5400,861.3017549790001,1.2941172122955322,0.727310061454773,0.06162340193986893,0.22647635638713837
5401,861.4784990310001,1.3751482963562012,0.8120731115341187,0.061538439244031906,0.22498394548892975
5402,861.6372270149999,1.1820380687713623,0.6233323216438293,0.06143663078546524,0.2232365757226944
5403,861.7959089489999,1.2416921854019165,0.6868078708648682,0.06133197993040085,0.22170838713645935
5404,861.9562900080001,1.309615135192871,0.7579315304756165,0.06123922020196915,0.22042852640151978
5405,862.1166799389999,1.2588376998901367,0.7103054523468018,0.061147380620241165,0.2191682904958725
5406,862.276158129,1.2856006622314453,0.7401363849639893,0.06106770783662796,0.21794146299362183
5407,862.436578147,1.2242635488510132,0.6817454099655151,0.0609896257519722,0.21676330268383026
5408,862.596695697,1.3093411922454834,0.7695235013961792,0.06091479957103729,0.21568343043327332
5409,862.7565931779999,1.3313403129577637,0.7941998243331909,0.060839466750621796,0.21461284160614014
5410,862.916822152,1.2187283039093018,0.684323251247406,0.060763366520404816,0.21351894736289978
5411,863.0759932279999,1.2956006526947021,0.7640029191970825,0.06068287789821625,0.21239632368087769
5412,863.234758038,1.3334884643554688,0.8048564791679382,0.06059670075774193,0.2112104445695877
5413,863.395813448,1.2641751766204834,0.7388318181037903,0.06050415709614754,0.2098953276872635
5414,863.5557265829999,1.2206048965454102,0.698439359664917,0.06040925160050392,0.20862458646297455
5415,863.716763519,1.2203409671783447,0.7008827924728394,0.06032032519578934,0.20754201710224152
5416,863.8768367910001,1.3435732126235962,0.8263953924179077,0.06023620814085007,0.2066301703453064
5417,864.036665066,1.3307164907455444,0.8157322406768799,0.06015314534306526,0.20575308799743652
5418,864.197325257,1.170886754989624,0.6583625078201294,0.06006544828414917,0.20476947724819183
5419,864.358240336,1.3446811437606812,0.8346148729324341,0.05998057499527931,0.20378659665584564
5420,864.5188918550001,1.1774024963378906,0.669887900352478,0.05989616736769676,0.2027662694454193
5421,864.678692842,1.175808072090149,0.6693580150604248,0.05983221158385277,0.20234069228172302
5422,864.838274698,1.2364490032196045,0.7294390797615051,0.05980345606803894,0.20256473124027252
5423,864.996983186,1.3444414138793945,0.835173487663269,0.05980973690748215,0.2034679651260376
5424,865.156723449,1.3077418804168701,0.7951950430870056,0.059842631220817566,0.20477932691574097
5425,865.3167836409999,1.1915345191955566,0.675629198551178,0.05989215150475502,0.20612254738807678
5426,865.4759547719999,1.318023920059204,0.799185037612915,0.05994509533047676,0.2072957456111908
5427,865.6364334460001,1.3579645156860352,0.8370319604873657,0.05998740345239639,0.20813307166099548
5428,865.7974062950001,1.31666898727417,0.7946586012840271,0.06001514568924904,0.20856408774852753
5429,865.958495253,1.2902816534042358,0.7682685852050781,0.06002138555049896,0.2085651457309723
5430,866.1190656570001,1.3006998300552368,0.7796393632888794,0.06000565364956856,0.2081841677427292
5431,866.2787461910001,1.292471170425415,0.77325040102005,0.05996701866388321,0.20744843780994415
5432,866.4380237669999,1.3106036186218262,0.7939355969429016,0.059908732771873474,0.20642757415771484
5433,866.5965858840001,1.227556586265564,0.7141059041023254,0.0598314106464386,0.20514094829559326
5434,866.756015454,1.367337942123413,0.8566091060638428,0.0597594678401947,0.20405252277851105
5435,866.916514545,1.338083028793335,0.8294928073883057,0.05969160422682762,0.20319730043411255
5436,867.0755776029999,1.2966805696487427,0.79023677110672,0.05962749198079109,0.20233900845050812
5437,867.234980478,1.3012511730194092,0.7972253561019897,0.0595596618950367,0.20137213170528412
5438,867.394536941,1.3652217388153076,0.8640773296356201,0.059482675045728683,0.20021985471248627
5439,867.5539806759999,1.2285867929458618,0.7309061288833618,0.05939297750592232,0.19883470237255096
5440,867.713381167,1.2110896110534668,0.717282772064209,0.059291139245033264,0.19728559255599976
5441,867.872700665,1.251220703125,0.7615717649459839,0.059182584285736084,0.19562283158302307
5442,868.031630011,1.30824613571167,0.8230037689208984,0.05906468629837036,0.1938607096672058
5443,868.1917879399999,1.2898058891296387,0.8092449903488159,0.05893951281905174,0.19198858737945557
5444,868.3511511309999,1.2119841575622559,0.7363704442977905,0.05880385637283325,0.19001026451587677
5445,868.51078673,1.2918325662612915,0.8214641809463501,0.05866198614239693,0.1879126876592636
5446,868.670826227,1.1785451173782349,0.7137511968612671,0.05851203575730324,0.18568351864814758
5447,868.830681773,1.1956760883331299,0.7367208003997803,0.0583559088408947,0.18334873020648956
5448,868.9898346419999,1.3110408782958984,0.8581008315086365,0.05819359049201012,0.18094328045845032
5449,869.1491096189999,1.2445485591888428,0.7978255748748779,0.05802566185593605,0.178457111120224
5450,869.3080994329999,1.1884677410125732,0.7478948831558228,0.057861585170030594,0.17599770426750183
5451,869.4681054470001,1.2624597549438477,0.8279458284378052,0.05769672617316246,0.1735748052597046
5452,869.6271735900001,1.1652131080627441,0.7366433143615723,0.05753425881266594,0.1711978018283844
5453,869.787261479,1.2197654247283936,0.7970343828201294,0.05737314373254776,0.1688629388809204
5454,869.9474654889999,1.093390941619873,0.6761430501937866,0.05721018835902214,0.16667033731937408
5455,870.108050054,1.0851585865020752,0.6699678897857666,0.05709269270300865,0.16584791243076324
5456,870.268471638,1.2636504173278809,0.847275972366333,0.05703279748558998,0.16632163524627686
5457,870.427570962,1.18882417678833,0.770150899887085,0.05700785294175148,0.16724130511283875
5458,870.5872831959999,0.9984253644943237,0.5772088766098022,0.05699467286467552,0.16825862228870392
5459,870.7460342749999,1.1563706398010254,0.7321930527687073,0.05699901655316353,0.1694430410861969
5460,870.90672906,1.1713407039642334,0.7441070079803467,0.057018350809812546,0.1706654280424118
5461,871.06579118,1.2032959461212158,0.7733813524246216,0.05704433470964432,0.1717377007007599
5462,871.224945587,1.1592897176742554,0.7272690534591675,0.05706723779439926,0.17258001863956451
5463,871.384689953,1.1696852445602417,0.7363080382347107,0.057081662118434906,0.17312254011631012
5464,871.5448270969999,1.1690309047698975,0.7351667881011963,0.05708229914307594,0.17331728339195251
5465,871.704536371,1.1804144382476807,0.746923565864563,0.057069022208452225,0.17316803336143494
5466,871.8636780329999,1.2287955284118652,0.7961947917938232,0.0570453517138958,0.17281211912631989
5467,872.022637857,1.1593773365020752,0.7280951738357544,0.05701116845011711,0.172284796833992
5468,872.182100203,1.1162168979644775,0.6867657899856567,0.05696148797869682,0.17155256867408752
5469,872.3413500830001,1.2548058032989502,0.827259361743927,0.05690591037273407,0.17079097032546997
5470,872.500793623,1.1298044919967651,0.704256534576416,0.056847695261240005,0.16999179124832153
5471,872.6609004159999,1.2248510122299194,0.8015176653862,0.05678370222449303,0.16910618543624878
5472,872.8214603550001,1.1915972232818604,0.7706906795501709,0.05671623349189758,0.16813579201698303
5473,872.9813282199999,1.1557570695877075,0.737566351890564,0.05664098635315895,0.16704970598220825
5474,873.1414099509999,1.1822824478149414,0.7661247253417969,0.056587476283311844,0.1662367433309555
5475,873.3011689389999,1.1812901496887207,0.7663272619247437,0.056545473635196686,0.16575896739959717
5476,873.460889799,1.216916561126709,0.8027040362358093,0.05650648847222328,0.16545899212360382
5477,873.619672162,1.1300287246704102,0.7164677977561951,0.05646747723221779,0.16519851982593536
5478,873.7795999880001,1.216644287109375,0.8016501069068909,0.05647829920053482,0.1657717525959015
5479,873.9388072820001,1.1840635538101196,0.7658716440200806,0.056519366800785065,0.16705070436000824
5480,874.0988048099999,1.1832020282745361,0.7614665627479553,0.05657295882701874,0.16846787929534912
5481,874.259353347,1.2078068256378174,0.7826059460639954,0.05662623047828674,0.1698538362979889
5482,874.419751692,1.2386654615402222,0.8103784918785095,0.05667370185256004,0.1710881143808365
5483,874.579979153,1.1633715629577637,0.7326832413673401,0.0567127987742424,0.17204849421977997
5484,874.739466676,1.1384334564208984,0.7057040333747864,0.05675210431218147,0.17286475002765656
5485,874.9000644399999,1.2211815118789673,0.7862508296966553,0.056793343275785446,0.17374511063098907
5486,875.059830628,1.2112940549850464,0.7742133736610413,0.056833118200302124,0.17460495233535767
5487,875.218681013,1.207831859588623,0.7690978050231934,0.05686711519956589,0.1752661168575287
5488,875.378921572,1.1714119911193848,0.7307344675064087,0.0569017194211483,0.17604340612888336
5489,875.5381267690001,1.1475746631622314,0.7045691013336182,0.05694008991122246,0.17697444558143616
5490,875.697805511,1.2559430599212646,0.8101789951324463,0.05698198080062866,0.17807771265506744
5491,875.8577858760001,1.298719048500061,0.8500508069992065,0.05703242868185043,0.1792391836643219
5492,876.018880556,1.2203383445739746,0.7691932916641235,0.05707940831780434,0.18022972345352173
5493,876.181057035,1.1854920387268066,0.7325666546821594,0.05712200328707695,0.18094170093536377
5494,876.341974991,1.2263703346252441,0.7724002599716187,0.05714963376522064,0.1813594400882721
5495,876.5017426210001,1.2632343769073486,0.8089398741722107,0.057163339108228683,0.18148913979530334
5496,876.6609951250001,1.2986674308776855,0.8447664976119995,0.05716291069984436,0.18133170902729034
5497,876.8211934090001,1.1069577932357788,0.6541864275932312,0.05714597925543785,0.18087995052337646
5498,876.980666456,1.1895663738250732,0.7356775999069214,0.05716755613684654,0.18132686614990234
5499,877.1409963499999,1.2814133167266846,0.8241158127784729,0.05721944570541382,0.1826900988817215
5500,877.301660207,1.2142301797866821,0.7530324459075928,0.057301115244627,0.1842498779296875
5501,877.502029246,1.2321994304656982,0.7666940689086914,0.057398200035095215,0.18597257137298584
5502,877.6613503990001,1.3036712408065796,0.8339114189147949,0.05750143155455589,0.1876739114522934
5503,877.8213963940001,1.2813453674316406,0.8080078959465027,0.057602427899837494,0.18910455703735352
5504,877.982935012,1.3141849040985107,0.838249683380127,0.05769038945436478,0.19014334678649902
5505,878.142991133,1.2616510391235352,0.7841020822525024,0.05776025727391243,0.19078850746154785
5506,878.3016431970001,1.242056131362915,0.7633301019668579,0.05782520771026611,0.19125914573669434
5507,878.4612808400001,1.3117300271987915,0.8322184681892395,0.05787824094295502,0.1915731132030487
5508,878.6199821700001,1.2226192951202393,0.7429819703102112,0.05791046842932701,0.191623255610466
5509,878.7794268240001,1.2727923393249512,0.7938003540039062,0.05792602524161339,0.1913650780916214
5510,878.939045087,1.3016892671585083,0.8240705728530884,0.05792141333222389,0.1908157914876938
5511,879.0982936839999,1.1615016460418701,0.6860061883926392,0.05789744853973389,0.1899666041135788
5512,879.2580028589999,1.2343409061431885,0.7613663673400879,0.057859156280756,0.18895839154720306
5513,879.4188786420001,1.2830342054367065,0.8127807378768921,0.057812150567770004,0.18787014484405518
5514,879.578836867,1.2870362997055054,0.8198585510253906,0.05775543302297592,0.18664006888866425
5515,879.737752287,1.3131506443023682,0.849530041217804,0.05768701434135437,0.1852174699306488
5516,879.8963065040001,1.2164846658706665,0.7569885849952698,0.057604823261499405,0.18356803059577942
5517,880.0563473440001,1.2768871784210205,0.82199627161026,0.05751470476388931,0.181726336479187
5518,880.2149618110001,1.1928040981292725,0.7429101467132568,0.05741162598133087,0.1797279268503189
5519,880.3750881730001,1.2915663719177246,0.8462091684341431,0.05731235444545746,0.1779136210680008
5520,880.5344485740001,1.137811303138733,0.6964892745018005,0.057217057794332504,0.17629994451999664
5521,880.694648825,1.2069910764694214,0.7686681747436523,0.0571262501180172,0.1751006692647934
5522,880.8540380600001,1.3074963092803955,0.8712275624275208,0.05705619975924492,0.17427930235862732
5523,881.0134920009999,1.1559392213821411,0.7209129929542542,0.056999530643224716,0.17378249764442444
5524,881.1725174469999,1.2658108472824097,0.8313248157501221,0.05695806071162224,0.17356657981872559
5525,881.3320933399999,1.2021363973617554,0.7680007219314575,0.05692232400178909,0.1734265685081482
5526,881.492574748,1.250458002090454,0.8168854117393494,0.056887172162532806,0.17320147156715393
5527,881.652308713,1.172006368637085,0.7394184470176697,0.05684526264667511,0.17280778288841248
5528,881.812777068,1.2079546451568604,0.7766678333282471,0.05679599195718765,0.17228752374649048
5529,881.971436956,1.1737756729125977,0.7435227632522583,0.056752756237983704,0.17187413573265076
5530,882.1312515210001,1.2090054750442505,0.7791534662246704,0.0567227378487587,0.1717139184474945
5531,882.2905710910001,1.1647809743881226,0.7350592613220215,0.0567011795938015,0.1716618686914444
5532,882.448660287,1.1379326581954956,0.7085001468658447,0.056679997593164444,0.17154629528522491
5533,882.60906751,1.1426360607147217,0.7132249474525452,0.05666256323456764,0.17153778672218323
5534,882.768968299,1.1971237659454346,0.7666710615158081,0.056657180190086365,0.1719544678926468
5535,882.92796134,1.1902332305908203,0.7580915689468384,0.056665681302547455,0.17263002693653107
5536,883.088072011,1.2286373376846313,0.7940220832824707,0.05670170113444328,0.17361928522586823
5537,883.247875868,1.1830906867980957,0.7455573081970215,0.05675145983695984,0.17478637397289276
5538,883.407814907,1.3597190380096436,0.9193646907806396,0.05679374188184738,0.17591455578804016
5539,883.5672459389999,1.294035792350769,0.8512619733810425,0.05683727189898491,0.17688216269016266
5540,883.7269662570001,1.2687737941741943,0.8244097232818604,0.056872736662626266,0.1775181144475937
5541,883.8853612510001,1.232875943183899,0.7878844738006592,0.056892868131399155,0.1777690052986145
5542,884.0456753560001,1.2191869020462036,0.7745376825332642,0.05690106377005577,0.17763209342956543
5543,884.2049175129999,1.283138632774353,0.8393497467041016,0.05689793452620506,0.1772879660129547
5544,884.3652518170001,1.1332119703292847,0.6906610727310181,0.05688713118433952,0.17679280042648315
5545,884.524849304,1.149590015411377,0.707818865776062,0.056865572929382324,0.1764809936285019
5546,884.684780062,1.2272467613220215,0.7853527069091797,0.056853026151657104,0.17653021216392517
5547,884.843917558,1.2052226066589355,0.7629059553146362,0.05684663727879524,0.17669925093650818
5548,885.0028786419999,1.1757678985595703,0.7332102060317993,0.05684153735637665,0.17679575085639954
5549,885.162051399,1.0280065536499023,0.5855933427810669,0.056827858090400696,0.1767379641532898
5550,885.3220955559999,1.1882216930389404,0.7448099255561829,0.056833457201719284,0.1771373599767685
5551,885.480743704,1.2929778099060059,0.8475255966186523,0.056857880204916,0.17795346677303314
5552,885.640806127,1.2330363988876343,0.7856403589248657,0.05688707157969475,0.17873086035251617
5553,885.8010646649999,1.1013623476028442,0.6523486375808716,0.05691026523709297,0.17937783896923065
5554,885.9622122320001,1.1767200231552124,0.7262773513793945,0.056930091232061386,0.17994935810565948
5555,886.122820443,1.146440029144287,0.6944471597671509,0.05695272237062454,0.1805693507194519
5556,886.282156956,1.2392016649246216,0.7833241820335388,0.05700076371431351,0.18212300539016724
5557,886.4416747930001,1.1885478496551514,0.7265844941139221,0.05709798261523247,0.1845569759607315
5558,886.6016784499999,1.1219651699066162,0.6533994078636169,0.057230960577726364,0.18719737231731415
5559,886.7602944229999,1.2660210132598877,0.7913044691085815,0.057374875992536545,0.18965712189674377
5560,886.9202914419999,1.2361350059509277,0.7562365531921387,0.05750856548547745,0.191729336977005
5561,887.0795968379999,1.3224053382873535,0.8385905623435974,0.05762435123324394,0.1932954043149948
5562,887.2391616179999,1.2242052555084229,0.7376621961593628,0.05771924927830696,0.1943863332271576
5563,887.3993168809999,1.2400108575820923,0.7517594695091248,0.05779220163822174,0.19506938755512238
5564,887.560170009,1.2309722900390625,0.7420307397842407,0.05784466862678528,0.1953452229499817
5565,887.7205908950001,1.270896553993225,0.7821846008300781,0.05787591636180878,0.19525328278541565
5566,887.8803516889999,1.256972312927246,0.7693132162094116,0.0578879788517952,0.19483211636543274
5567,888.039480732,1.2676734924316406,0.7817989587783813,0.05788189172744751,0.19411829113960266
5568,888.198258348,1.1139793395996094,0.6304808855056763,0.057861022651195526,0.19316796958446503
5569,888.358047675,1.2775626182556152,0.7969716191291809,0.05782189592719078,0.19200509786605835
5570,888.5182427789999,1.209147572517395,0.7319938540458679,0.05776242911815643,0.19063043594360352
5571,888.67843265,1.1801517009735107,0.7067639827728271,0.0576908253133297,0.18912430107593536
5572,888.8385104130001,1.217289924621582,0.747622549533844,0.05761332809925079,0.18763646483421326
5573,888.999072359,1.223334789276123,0.757286787033081,0.05753213167190552,0.18618908524513245
5574,889.160169012,1.2673871517181396,0.8049699664115906,0.05744705721735954,0.18473711609840393
5575,889.3208498519999,1.116776704788208,0.6581742167472839,0.05735538899898529,0.1832115650177002
5576,889.4818884,1.1944094896316528,0.7385076284408569,0.05726321041584015,0.18213170766830444
5577,889.641321558,1.216379165649414,0.7619509696960449,0.057197313755750656,0.1815425008535385
5578,889.8001308720001,1.2395918369293213,0.7863861918449402,0.05714115872979164,0.18105366826057434
5579,889.9589487269999,1.1191511154174805,0.6674161553382874,0.057086240500211716,0.18046565353870392
5580,890.119022683,1.1577333211898804,0.7022637128829956,0.057118337601423264,0.1819593757390976
5581,890.2796977290001,1.2724063396453857,0.8084344863891602,0.05725763738155365,0.18535970151424408
5582,890.4391983740001,1.201944351196289,0.7282654047012329,0.05746186152100563,0.18924175202846527
5583,890.5996649529999,1.2638360261917114,0.7804001569747925,0.057695891708135605,0.1931435465812683
5584,890.759956148,1.1951897144317627,0.7026538848876953,0.05793754383921623,0.19678257405757904
5585,890.920305518,1.227442741394043,0.7270289659500122,0.05817481130361557,0.19993282854557037
5586,891.079843121,1.2936205863952637,0.7855863571166992,0.058424487709999084,0.20298002660274506
5587,891.2385740430001,1.1700611114501953,0.6546347141265869,0.058661770075559616,0.20593589544296265
5588,891.3975886669999,1.28718101978302,0.764028787612915,0.05888782814145088,0.2090253233909607
5589,891.5578306000001,1.236138105392456,0.7053673267364502,0.05911007523536682,0.21207183599472046
5590,891.7174843189999,1.25111985206604,0.7135424017906189,0.05931795760989189,0.21479371190071106
5591,891.876477961,1.2940757274627686,0.7506954073905945,0.05950682982802391,0.21711410582065582
5592,892.0361509979999,1.2406524419784546,0.6926664113998413,0.05967402458190918,0.21895569562911987
5593,892.197081985,1.2952531576156616,0.7417720556259155,0.05984208732843399,0.22115308046340942
5594,892.3570284589999,1.3075438737869263,0.7472890615463257,0.06004709750413895,0.22386173903942108
5595,892.5169242430001,1.4009628295898438,0.8337897062301636,0.06026221811771393,0.22662819921970367
5596,892.6763047119999,1.3499834537506104,0.7765847444534302,0.060461439192295074,0.22911763191223145
5597,892.834479747,1.344895362854004,0.7663658261299133,0.06064286082983017,0.23116926848888397
5598,892.994566122,1.3305583000183105,0.7481468915939331,0.0607965849339962,0.23272134363651276
5599,893.1546276339999,1.392134428024292,0.8068114519119263,0.06092492863535881,0.23388546705245972
5600,893.313761175,1.3854100704193115,0.7978966236114502,0.06102484092116356,0.2347613126039505
5601,893.489100892,1.3969717025756836,0.8081018924713135,0.06109839305281639,0.23530350625514984
5602,893.648058185,1.407600998878479,0.8182977437973022,0.06114758178591728,0.23547671735286713
5603,893.806495719,1.3721829652786255,0.7834014892578125,0.06117352470755577,0.23526790738105774
5604,893.966665004,1.387001872062683,0.7997129559516907,0.06117589771747589,0.23467086255550385
5605,894.1260033499999,1.3726738691329956,0.7875587940216064,0.061157528311014175,0.23380137979984283
5606,894.2858785510001,1.4199014902114868,0.8357185125350952,0.06114053726196289,0.23342861235141754
5607,894.4459826819999,1.355407953262329,0.7708329558372498,0.06113608181476593,0.2335854321718216
5608,894.605853834,1.3923325538635254,0.8071194291114807,0.061139728873968124,0.23384064435958862
5609,894.7653857879999,1.3809300661087036,0.7948564887046814,0.061143968254327774,0.2341848611831665
5610,894.924468887,1.3255001306533813,0.7385976314544678,0.0611574649810791,0.23451635241508484
5611,895.0832098669999,1.3743767738342285,0.7862470746040344,0.061180006712675095,0.2350071668624878
5612,895.2438629059999,1.3432176113128662,0.7536081075668335,0.06120815873146057,0.23559898138046265
5613,895.4028878140001,1.3606727123260498,0.7699270844459534,0.06123554706573486,0.23605327308177948
5614,895.563087979,1.2814782857894897,0.6902544498443604,0.061248812824487686,0.2362445443868637
5615,895.7226347899999,1.33127760887146,0.7393201589584351,0.06127466633915901,0.2365378737449646
5616,895.88327189,1.399411678314209,0.8065235614776611,0.061296671628952026,0.23691007494926453
5617,896.0433223250001,1.2132385969161987,0.6193079948425293,0.061323609203100204,0.2373269647359848
5618,896.2032716150001,1.3733768463134766,0.7759933471679688,0.061393458396196365,0.23870781064033508
5619,896.3626009589999,1.4838175773620605,0.8808728456497192,0.061503589153289795,0.24093188345432281
5620,896.52148804,1.3795424699783325,0.7707545161247253,0.061635106801986694,0.24326863884925842
5621,896.681468678,1.3187472820281982,0.704828679561615,0.061774205416440964,0.2453203648328781
5622,896.840352693,1.3502333164215088,0.7323204278945923,0.06190101057291031,0.24691756069660187
5623,896.999515111,1.3161430358886719,0.6955111026763916,0.0620020255446434,0.24800479412078857
5624,897.160090123,1.4177663326263428,0.7942395806312561,0.06210990250110626,0.24916227161884308
5625,897.318695086,1.4076191186904907,0.7808414697647095,0.06222430616617203,0.250462144613266
5626,897.4781001760001,1.3408164978027344,0.711259126663208,0.062332529574632645,0.2515736222267151
5627,897.636531554,1.44254469871521,0.8107634782791138,0.062423624098300934,0.252462774515152
5628,897.7956564980001,1.4472174644470215,0.8139902353286743,0.06249384954571724,0.2530409097671509
5629,897.9554994609999,1.4896278381347656,0.8555034399032593,0.06254222244024277,0.2533995807170868
5630,898.1150741770001,1.4550576210021973,0.8205691576004028,0.06257812678813934,0.2535450756549835
5631,898.2759790010001,1.4018380641937256,0.7677642107009888,0.06259500980377197,0.2533791661262512
5632,898.435794785,1.328031063079834,0.6952449679374695,0.06258978694677353,0.2528640627861023
5633,898.5951106829999,1.32735013961792,0.6957972049713135,0.06257771700620651,0.25237083435058594
5634,898.7543928639999,1.357666254043579,0.7271044254302979,0.06256897002458572,0.2519744336605072
5635,898.9138809,1.3526413440704346,0.7233666181564331,0.06255020201206207,0.25145968794822693
5636,899.0736396010001,1.3155385255813599,0.688001275062561,0.0625220462679863,0.2507648169994354
5637,899.2327209010001,1.338768720626831,0.7134822010993958,0.06247724965214729,0.24986469745635986
5638,899.3925387579999,1.368415117263794,0.745531439781189,0.06242009624838829,0.2489037662744522
5639,899.5536445060001,1.381829857826233,0.7614148855209351,0.0623573400080204,0.2479165494441986
5640,899.7130499860001,1.4168206453323364,0.7991281747817993,0.062290869653224945,0.24682782590389252
5641,899.8722654649999,1.4521658420562744,0.8375493288040161,0.062214482575654984,0.24559776484966278
5642,900.030637021,1.364670753479004,0.7536923885345459,0.06212795153260231,0.2441428154706955
